<?xml version="1.0" encoding="UTF-8"?>
<kml xmlns="http://www.opengis.net/kml/2.2">
  <Document>
    <name><![CDATA[香港特别行政区]]></name>
    <Placemark>
      <name><![CDATA[香港特别行政区]]></name>
      <description><![CDATA[由 18 个下级区县合并]]></description>
      <ExtendedData>
        <Data name="adcode"><value>810000</value></Data>
      </ExtendedData>
      <MultiGeometry>
      <Polygon>
        <outerBoundaryIs><LinearRing><coordinates>114.172841,22.252307,0 114.173394,22.254814,0 114.173783,22.259053,0 114.173947,22.264623,0 114.173674,22.271928,0 114.172945,22.287709,0 114.156253,22.293144,0 114.154437,22.293107,0 114.143819,22.292886,0 114.142052,22.2918,0 114.138905,22.290416,0 114.136075,22.289245,0 114.134587,22.287803,0 114.13093,22.284631,0 114.129223,22.283725,0 114.126824,22.282765,0 114.123842,22.281324,0 114.121971,22.27967,0 114.12089,22.277698,0 114.120622,22.274893,0 114.12041,22.27388,0 114.120452,22.272255,0 114.121728,22.269217,0 114.122487,22.268343,0 114.128294,22.267821,0 114.129946,22.267902,0 114.132011,22.268846,0 114.13356,22.269319,0 114.135322,22.26965,0 114.136931,22.269732,0 114.138717,22.269646,0 114.140351,22.269282,0 114.142216,22.268221,0 114.144135,22.266436,0 114.146225,22.264174,0 114.15341,22.255574,0 114.154285,22.253761,0 114.154674,22.252478,0 114.154905,22.250861,0 114.155907,22.250302,0 114.158458,22.250412,0 114.160851,22.250849,0 114.162461,22.251323,0 114.163463,22.251768,0 114.164356,22.252405,0 114.164933,22.252462,0 114.165941,22.25207,0 114.167186,22.251935,0 114.170649,22.252511,0 114.172841,22.252307,0</coordinates></LinearRing></outerBoundaryIs>
      </Polygon>
      <Polygon>
        <outerBoundaryIs><LinearRing><coordinates>114.116352,22.28007,0 114.118065,22.280683,0 114.119377,22.280691,0 114.120531,22.28143,0 114.12058,22.28201,0 114.120215,22.282659,0 114.118782,22.283623,0 114.11781,22.283741,0 114.116923,22.283549,0 114.116152,22.282912,0 114.115787,22.282144,0 114.115739,22.281009,0 114.115969,22.280295,0 114.116352,22.28007,0</coordinates></LinearRing></outerBoundaryIs>
      </Polygon>
      <Polygon>
        <outerBoundaryIs><LinearRing><coordinates>114.12211,22.281953,0 114.122772,22.282402,0 114.122451,22.283623,0 114.122025,22.283827,0 114.121078,22.283394,0 114.121078,22.282835,0 114.12211,22.281953,0</coordinates></LinearRing></outerBoundaryIs>
      </Polygon>
      <Polygon>
        <outerBoundaryIs><LinearRing><coordinates>114.186277,22.286391,0 114.181886,22.284798,0 114.172945,22.287709,0 114.173674,22.271928,0 114.173947,22.264623,0 114.173783,22.259053,0 114.173394,22.254814,0 114.172841,22.252307,0 114.17942,22.251298,0 114.184048,22.250902,0 114.186848,22.250996,0 114.19161,22.250698,0 114.193341,22.250694,0 114.200163,22.251421,0 114.203704,22.252058,0 114.204494,22.252295,0 114.204743,22.256558,0 114.205283,22.261242,0 114.208314,22.261614,0 114.210713,22.262104,0 114.212511,22.262778,0 114.214479,22.264027,0 114.216326,22.265812,0 114.214826,22.268895,0 114.213866,22.270454,0 114.212663,22.271708,0 114.211406,22.269821,0 114.210531,22.268858,0 114.209723,22.268409,0 114.207743,22.268176,0 114.206553,22.268421,0 114.205344,22.269205,0 114.204281,22.270622,0 114.202106,22.275411,0 114.200867,22.276849,0 114.199725,22.277261,0 114.198158,22.277008,0 114.195644,22.275808,0 114.194969,22.27582,0 114.19404,22.276922,0 114.193427,22.27731,0 114.192449,22.277147,0 114.192023,22.277784,0 114.191137,22.280225,0 114.190736,22.28054,0 114.189065,22.279568,0 114.187966,22.27927,0 114.187498,22.279486,0 114.187037,22.28065,0 114.186277,22.286391,0</coordinates></LinearRing></outerBoundaryIs>
      </Polygon>
      <Polygon>
        <outerBoundaryIs><LinearRing><coordinates>114.204494,22.252295,0 114.207154,22.253095,0 114.209638,22.253434,0 114.210835,22.253287,0 114.213119,22.252564,0 114.214461,22.252511,0 114.216022,22.253058,0 114.217225,22.253303,0 114.2185,22.253365,0 114.219539,22.253115,0 114.224295,22.251261,0 114.225929,22.25089,0 114.232416,22.250432,0 114.233886,22.250012,0 114.236225,22.249105,0 114.236844,22.249003,0 114.238089,22.249289,0 114.239474,22.249955,0 114.240434,22.250204,0 114.242627,22.250077,0 114.24632,22.249195,0 114.248166,22.248946,0 114.249339,22.248497,0 114.249806,22.248084,0 114.25418,22.242223,0 114.255686,22.240831,0 114.255577,22.242219,0 114.256858,22.243902,0 114.25763,22.244462,0 114.259665,22.245344,0 114.260807,22.246361,0 114.261615,22.248203,0 114.261912,22.250008,0 114.261821,22.251155,0 114.262094,22.253267,0 114.261936,22.254545,0 114.261536,22.255615,0 114.261505,22.257003,0 114.26255,22.257644,0 114.263084,22.258661,0 114.262763,22.259486,0 114.261372,22.260797,0 114.255844,22.265562,0 114.254058,22.267216,0 114.251866,22.270022,0 114.249521,22.272696,0 114.24861,22.274632,0 114.24847,22.275836,0 114.248689,22.277355,0 114.249497,22.279809,0 114.225036,22.291666,0 114.215555,22.296271,0 114.1967,22.289906,0 114.186277,22.286391,0 114.187037,22.28065,0 114.187498,22.279486,0 114.187966,22.27927,0 114.189065,22.279568,0 114.190736,22.28054,0 114.191137,22.280225,0 114.192023,22.277784,0 114.192449,22.277147,0 114.193427,22.27731,0 114.19404,22.276922,0 114.194969,22.27582,0 114.195644,22.275808,0 114.198158,22.277008,0 114.199725,22.277261,0 114.200867,22.276849,0 114.202106,22.275411,0 114.204281,22.270622,0 114.205344,22.269205,0 114.206553,22.268421,0 114.207743,22.268176,0 114.209723,22.268409,0 114.210531,22.268858,0 114.211406,22.269821,0 114.212663,22.271708,0 114.213866,22.270454,0 114.214826,22.268895,0 114.216326,22.265812,0 114.214479,22.264027,0 114.212511,22.262778,0 114.210713,22.262104,0 114.208314,22.261614,0 114.205283,22.261242,0 114.204743,22.256558,0 114.204494,22.252295,0</coordinates></LinearRing></outerBoundaryIs>
      </Polygon>
      <Polygon>
        <outerBoundaryIs><LinearRing><coordinates>114.122487,22.268343,0 114.123829,22.266796,0 114.128033,22.26241,0 114.137211,22.248415,0 114.138535,22.246524,0 114.139774,22.245442,0 114.142082,22.244245,0 114.144846,22.24313,0 114.146346,22.242354,0 114.147385,22.241354,0 114.149966,22.238082,0 114.151436,22.236624,0 114.153532,22.235137,0 114.155469,22.234169,0 114.157498,22.232834,0 114.161574,22.231049,0 114.162351,22.230591,0 114.162941,22.22986,0 114.16503,22.226727,0 114.166093,22.225972,0 114.167296,22.225996,0 114.170205,22.227548,0 114.170819,22.227785,0 114.171809,22.227732,0 114.17405,22.227005,0 114.175836,22.226229,0 114.177081,22.225825,0 114.178308,22.225637,0 114.179322,22.225792,0 114.180039,22.226327,0 114.180628,22.227209,0 114.181029,22.228328,0 114.1814,22.230371,0 114.182281,22.233679,0 114.184334,22.238352,0 114.184886,22.239258,0 114.18598,22.239552,0 114.18745,22.239524,0 114.188786,22.239119,0 114.189478,22.238466,0 114.193633,22.234043,0 114.194672,22.233181,0 114.19534,22.233017,0 114.196877,22.233038,0 114.199701,22.232842,0 114.20043,22.232107,0 114.201341,22.229762,0 114.201141,22.227945,0 114.200315,22.226666,0 114.200315,22.225857,0 114.20077,22.223786,0 114.200369,22.222651,0 114.199337,22.222414,0 114.197982,22.222728,0 114.196391,22.222569,0 114.195486,22.221683,0 114.19571,22.220952,0 114.196488,22.220049,0 114.198966,22.218636,0 114.201815,22.217214,0 114.202993,22.216168,0 114.203339,22.215155,0 114.203285,22.214301,0 114.201529,22.211801,0 114.200916,22.210527,0 114.201001,22.208987,0 114.201353,22.207757,0 114.201882,22.207226,0 114.202714,22.206916,0 114.204202,22.20683,0 114.207276,22.207308,0 114.209912,22.209195,0 114.211011,22.209853,0 114.211928,22.209939,0 114.212633,22.209673,0 114.215318,22.193418,0 114.216059,22.192147,0 114.217638,22.190954,0 114.219266,22.190688,0 114.222904,22.191081,0 114.225723,22.191693,0 114.227429,22.192261,0 114.228529,22.192792,0 114.229403,22.193622,0 114.229804,22.194594,0 114.229628,22.196261,0 114.22763,22.19977,0 114.225917,22.202205,0 114.225401,22.204179,0 114.225261,22.205723,0 114.225765,22.207222,0 114.226682,22.208227,0 114.229804,22.210294,0 114.235168,22.213064,0 114.238296,22.213868,0 114.240264,22.213149,0 114.244741,22.206916,0 114.245439,22.205024,0 114.246933,22.203925,0 114.249485,22.203133,0 114.252339,22.202769,0 114.259574,22.202344,0 114.260302,22.202344,0 114.261116,22.203235,0 114.262283,22.203292,0 114.262635,22.202912,0 114.262878,22.20194,0 114.264269,22.201621,0 114.264676,22.20091,0 114.265611,22.200792,0 114.266012,22.201115,0 114.266024,22.202169,0 114.265362,22.202998,0 114.265526,22.203553,0 114.266401,22.204722,0 114.266613,22.2058,0 114.266231,22.206605,0 114.265107,22.207165,0 114.264609,22.208713,0 114.264093,22.208954,0 114.262513,22.209142,0 114.261615,22.210127,0 114.261372,22.212373,0 114.260946,22.213145,0 114.260752,22.214698,0 114.260892,22.216953,0 114.26057,22.218766,0 114.259981,22.220425,0 114.258839,22.222508,0 114.257976,22.223443,0 114.257855,22.224383,0 114.258213,22.224738,0 114.259446,22.224852,0 114.261153,22.224632,0 114.261584,22.224893,0 114.261602,22.225792,0 114.262343,22.2262,0 114.263765,22.225959,0 114.264688,22.2262,0 114.265423,22.227303,0 114.26518,22.228508,0 114.264038,22.228753,0 114.262343,22.228365,0 114.260983,22.228324,0 114.260242,22.228541,0 114.259798,22.229039,0 114.259768,22.229627,0 114.260327,22.231923,0 114.260381,22.232993,0 114.259288,22.234966,0 114.257551,22.237024,0 114.256731,22.239254,0 114.255686,22.240831,0 114.25418,22.242223,0 114.249806,22.248084,0 114.249339,22.248497,0 114.248166,22.248946,0 114.24632,22.249195,0 114.242627,22.250077,0 114.240434,22.250204,0 114.239474,22.249955,0 114.238089,22.249289,0 114.236844,22.249003,0 114.236225,22.249105,0 114.233886,22.250012,0 114.232416,22.250432,0 114.225929,22.25089,0 114.224295,22.251261,0 114.219539,22.253115,0 114.2185,22.253365,0 114.217225,22.253303,0 114.216022,22.253058,0 114.214461,22.252511,0 114.213119,22.252564,0 114.210835,22.253287,0 114.209638,22.253434,0 114.207154,22.253095,0 114.204494,22.252295,0 114.203704,22.252058,0 114.200163,22.251421,0 114.193341,22.250694,0 114.19161,22.250698,0 114.186848,22.250996,0 114.184048,22.250902,0 114.17942,22.251298,0 114.172841,22.252307,0 114.170649,22.252511,0 114.167186,22.251935,0 114.165941,22.25207,0 114.164933,22.252462,0 114.164356,22.252405,0 114.163463,22.251768,0 114.162461,22.251323,0 114.160851,22.250849,0 114.158458,22.250412,0 114.155907,22.250302,0 114.154905,22.250861,0 114.154674,22.252478,0 114.154285,22.253761,0 114.15341,22.255574,0 114.146225,22.264174,0 114.144135,22.266436,0 114.142216,22.268221,0 114.140351,22.269282,0 114.138717,22.269646,0 114.136931,22.269732,0 114.135322,22.26965,0 114.13356,22.269319,0 114.132011,22.268846,0 114.129946,22.267902,0 114.128294,22.267821,0 114.122487,22.268343,0</coordinates></LinearRing></outerBoundaryIs>
      </Polygon>
      <Polygon>
        <outerBoundaryIs><LinearRing><coordinates>114.189399,22.229141,0 114.190517,22.229456,0 114.19127,22.230559,0 114.192357,22.230301,0 114.19322,22.230461,0 114.194629,22.231637,0 114.194696,22.232891,0 114.193433,22.23363,0 114.191556,22.233083,0 114.190189,22.233218,0 114.189017,22.233745,0 114.18765,22.233773,0 114.186745,22.232593,0 114.186672,22.231576,0 114.187662,22.230673,0 114.188379,22.229378,0 114.189399,22.229141,0</coordinates></LinearRing></outerBoundaryIs>
      </Polygon>
      <Polygon>
        <outerBoundaryIs><LinearRing><coordinates>114.144336,22.24012,0 114.146067,22.240631,0 114.146431,22.241235,0 114.145502,22.241309,0 114.142653,22.24088,0 114.142744,22.240516,0 114.144336,22.24012,0</coordinates></LinearRing></outerBoundaryIs>
      </Polygon>
      <Polygon>
        <outerBoundaryIs><LinearRing><coordinates>114.18991,22.210658,0 114.190578,22.210703,0 114.191908,22.211528,0 114.193044,22.212002,0 114.193408,22.212414,0 114.193068,22.213799,0 114.192576,22.214195,0 114.19107,22.214575,0 114.190049,22.21502,0 114.189278,22.21509,0 114.188106,22.214571,0 114.188021,22.213877,0 114.188634,22.212136,0 114.189369,22.210968,0 114.18991,22.210658,0</coordinates></LinearRing></outerBoundaryIs>
      </Polygon>
      <Polygon>
        <outerBoundaryIs><LinearRing><coordinates>114.228565,22.203292,0 114.228814,22.203946,0 114.22763,22.204865,0 114.226579,22.204991,0 114.226379,22.20426,0 114.227636,22.203431,0 114.228565,22.203292,0</coordinates></LinearRing></outerBoundaryIs>
      </Polygon>
      <Polygon>
        <outerBoundaryIs><LinearRing><coordinates>114.2634,22.222038,0 114.264032,22.222161,0 114.264366,22.222753,0 114.263838,22.223815,0 114.261906,22.224142,0 114.260381,22.223995,0 114.260096,22.223729,0 114.260217,22.222978,0 114.260709,22.22263,0 114.2621,22.222222,0 114.2634,22.222038,0</coordinates></LinearRing></outerBoundaryIs>
      </Polygon>
      <Polygon>
        <outerBoundaryIs><LinearRing><coordinates>114.154358,22.311514,0 114.154437,22.293107,0 114.156253,22.293144,0 114.172945,22.287709,0 114.181886,22.284798,0 114.186277,22.286391,0 114.1967,22.289906,0 114.19387,22.297618,0 114.193311,22.298957,0 114.192564,22.300215,0 114.191033,22.301566,0 114.187024,22.304334,0 114.186053,22.305199,0 114.182912,22.308665,0 114.181303,22.310812,0 114.179602,22.313649,0 114.178114,22.316825,0 114.177889,22.317576,0 114.177798,22.319221,0 114.178326,22.321372,0 114.179456,22.323781,0 114.178812,22.323924,0 114.175089,22.323822,0 114.168717,22.323524,0 114.167599,22.323217,0 114.166318,22.32243,0 114.164046,22.322299,0 114.163026,22.32187,0 114.16079,22.323409,0 114.1581,22.320899,0 114.157219,22.320405,0 114.156125,22.320119,0 114.154188,22.319874,0 114.154358,22.311514,0</coordinates></LinearRing></outerBoundaryIs>
      </Polygon>
      <Polygon>
        <outerBoundaryIs><LinearRing><coordinates>114.154358,22.311514,0 114.154188,22.319874,0 114.156125,22.320119,0 114.157219,22.320405,0 114.1581,22.320899,0 114.16079,22.323409,0 114.163026,22.32187,0 114.164046,22.322299,0 114.166318,22.32243,0 114.167599,22.323217,0 114.168717,22.323524,0 114.175089,22.323822,0 114.178812,22.323924,0 114.179456,22.323781,0 114.181278,22.326826,0 114.181734,22.328091,0 114.181989,22.329887,0 114.181789,22.331581,0 114.181527,22.332626,0 114.178982,22.338878,0 114.178758,22.339923,0 114.179165,22.340911,0 114.179098,22.341552,0 114.177822,22.344392,0 114.17668,22.34416,0 114.172896,22.344278,0 114.170728,22.344184,0 114.166864,22.343437,0 114.16172,22.343698,0 114.15991,22.343731,0 114.157522,22.3434,0 114.153732,22.342266,0 114.152414,22.341658,0 114.151703,22.340621,0 114.151527,22.33994,0 114.151442,22.337948,0 114.150774,22.337511,0 114.150124,22.337678,0 114.149389,22.338348,0 114.148436,22.338617,0 114.145927,22.338478,0 114.142932,22.339042,0 114.14139,22.338862,0 114.139555,22.337568,0 114.138444,22.337132,0 114.136336,22.337336,0 114.135419,22.336862,0 114.13503,22.335303,0 114.13548,22.333364,0 114.136087,22.33225,0 114.136755,22.331466,0 114.137733,22.330964,0 114.139373,22.330515,0 114.14538,22.329005,0 114.146413,22.328303,0 114.146413,22.327858,0 114.14572,22.32683,0 114.137697,22.322323,0 114.132467,22.319523,0 114.131562,22.318458,0 114.131622,22.317617,0 114.132102,22.316817,0 114.133469,22.315131,0 114.133754,22.313858,0 114.133797,22.31191,0 114.134004,22.311376,0 114.135358,22.310923,0 114.154358,22.311514,0</coordinates></LinearRing></outerBoundaryIs>
      </Polygon>
      <Polygon>
        <outerBoundaryIs><LinearRing><coordinates>114.184315,22.345976,0 114.183544,22.345874,0 114.1816,22.346155,0 114.180076,22.345882,0 114.177822,22.344392,0 114.179098,22.341552,0 114.179165,22.340911,0 114.178758,22.339923,0 114.178982,22.338878,0 114.181527,22.332626,0 114.181789,22.331581,0 114.181989,22.329887,0 114.181734,22.328091,0 114.181278,22.326826,0 114.179456,22.323781,0 114.178326,22.321372,0 114.177798,22.319221,0 114.177889,22.317576,0 114.178114,22.316825,0 114.179602,22.313649,0 114.181303,22.310812,0 114.182912,22.308665,0 114.186053,22.305199,0 114.187024,22.304334,0 114.191033,22.301566,0 114.192564,22.300215,0 114.193311,22.298957,0 114.19387,22.297618,0 114.1967,22.289906,0 114.215555,22.296271,0 114.225036,22.291666,0 114.223578,22.300492,0 114.212924,22.309886,0 114.21516,22.312784,0 114.210543,22.317527,0 114.208964,22.318642,0 114.207288,22.319197,0 114.206504,22.319927,0 114.20637,22.321393,0 114.207045,22.322936,0 114.209505,22.32543,0 114.208168,22.332217,0 114.208193,22.332524,0 114.206674,22.332258,0 114.202902,22.330907,0 114.201712,22.330307,0 114.199501,22.328356,0 114.198996,22.328152,0 114.198334,22.328483,0 114.197114,22.330483,0 114.196737,22.330707,0 114.195121,22.330875,0 114.194575,22.331115,0 114.193639,22.332699,0 114.191647,22.334866,0 114.190037,22.336221,0 114.189849,22.338074,0 114.189582,22.338621,0 114.187018,22.339866,0 114.186757,22.340197,0 114.186271,22.343298,0 114.18584,22.344029,0 114.184315,22.345976,0</coordinates></LinearRing></outerBoundaryIs>
      </Polygon>
      <Polygon>
        <outerBoundaryIs><LinearRing><coordinates>114.208193,22.332524,0 114.209341,22.33225,0 114.211315,22.331107,0 114.212542,22.331062,0 114.215038,22.331817,0 114.215992,22.331801,0 114.216994,22.331283,0 114.217638,22.330458,0 114.218579,22.329662,0 114.219484,22.329675,0 114.223925,22.330589,0 114.229215,22.330813,0 114.232325,22.331307,0 114.231542,22.331605,0 114.230637,22.332989,0 114.227648,22.345249,0 114.22712,22.348261,0 114.227089,22.350436,0 114.227429,22.352693,0 114.228322,22.354566,0 114.225662,22.354611,0 114.222485,22.35428,0 114.218592,22.35353,0 114.216727,22.353309,0 114.212493,22.353142,0 114.211357,22.353366,0 114.209134,22.354317,0 114.208545,22.354178,0 114.206128,22.352203,0 114.205295,22.352318,0 114.203461,22.353326,0 114.202264,22.353591,0 114.201068,22.353387,0 114.201001,22.352815,0 114.201778,22.351518,0 114.201633,22.350571,0 114.200758,22.350208,0 114.190827,22.348437,0 114.187772,22.347359,0 114.184801,22.346041,0 114.184315,22.345976,0 114.18584,22.344029,0 114.186271,22.343298,0 114.186757,22.340197,0 114.187018,22.339866,0 114.189582,22.338621,0 114.189849,22.338074,0 114.190037,22.336221,0 114.191647,22.334866,0 114.193639,22.332699,0 114.194575,22.331115,0 114.195121,22.330875,0 114.196737,22.330707,0 114.197114,22.330483,0 114.198334,22.328483,0 114.198996,22.328152,0 114.199501,22.328356,0 114.201712,22.330307,0 114.202902,22.330907,0 114.206674,22.332258,0 114.208193,22.332524,0</coordinates></LinearRing></outerBoundaryIs>
      </Polygon>
      <Polygon>
        <outerBoundaryIs><LinearRing><coordinates>114.208193,22.332524,0 114.208168,22.332217,0 114.209505,22.32543,0 114.207045,22.322936,0 114.20637,22.321393,0 114.206504,22.319927,0 114.207288,22.319197,0 114.208964,22.318642,0 114.210543,22.317527,0 114.21516,22.312784,0 114.212924,22.309886,0 114.223578,22.300492,0 114.225036,22.291666,0 114.249497,22.279809,0 114.2498,22.280907,0 114.249582,22.281924,0 114.24915,22.282557,0 114.248501,22.28299,0 114.246715,22.283729,0 114.246217,22.284313,0 114.245846,22.285791,0 114.246174,22.287473,0 114.249254,22.294168,0 114.250244,22.294948,0 114.252005,22.295397,0 114.252661,22.296014,0 114.252831,22.29663,0 114.252661,22.297532,0 114.251513,22.299668,0 114.249916,22.301599,0 114.248355,22.303076,0 114.245154,22.305705,0 114.24485,22.306452,0 114.244911,22.308359,0 114.245214,22.309449,0 114.246757,22.311637,0 114.248683,22.315045,0 114.248999,22.315772,0 114.24909,22.316715,0 114.248816,22.317103,0 114.24813,22.317033,0 114.24629,22.315923,0 114.245409,22.315715,0 114.244886,22.316482,0 114.244929,22.320825,0 114.244747,22.32116,0 114.244176,22.32083,0 114.243817,22.318642,0 114.243101,22.318417,0 114.241376,22.319797,0 114.23897,22.320078,0 114.238442,22.320691,0 114.234949,22.33145,0 114.232325,22.331307,0 114.229215,22.330813,0 114.223925,22.330589,0 114.219484,22.329675,0 114.218579,22.329662,0 114.217638,22.330458,0 114.216994,22.331283,0 114.215992,22.331801,0 114.215038,22.331817,0 114.212542,22.331062,0 114.211315,22.331107,0 114.209341,22.33225,0 114.208193,22.332524,0</coordinates></LinearRing></outerBoundaryIs>
      </Polygon>
      <Polygon>
        <outerBoundaryIs><LinearRing><coordinates>114.149322,22.374512,0 114.154036,22.375336,0 114.156617,22.376226,0 114.158172,22.377115,0 114.163153,22.381065,0 114.164453,22.38277,0 114.165218,22.384774,0 114.16551,22.386446,0 114.165978,22.387197,0 114.166779,22.387336,0 114.172562,22.387964,0 114.173406,22.388103,0 114.174184,22.388923,0 114.173734,22.392464,0 114.17357,22.395532,0 114.17368,22.397792,0 114.173977,22.399648,0 114.173746,22.40135,0 114.173358,22.402912,0 114.172106,22.407028,0 114.172003,22.408338,0 114.172167,22.409786,0 114.172902,22.412041,0 114.168261,22.411629,0 114.163615,22.411287,0 114.161598,22.411238,0 114.157073,22.411266,0 114.153993,22.410924,0 114.153368,22.411148,0 114.152669,22.414766,0 114.152317,22.415211,0 114.151564,22.415435,0 114.150756,22.415378,0 114.148193,22.414607,0 114.146917,22.414579,0 114.144579,22.415223,0 114.141323,22.415537,0 114.130183,22.414685,0 114.12926,22.413808,0 114.128677,22.412666,0 114.128427,22.411299,0 114.127802,22.410757,0 114.124048,22.410083,0 114.122366,22.409618,0 114.121047,22.408917,0 114.115945,22.405131,0 114.11388,22.404128,0 114.112483,22.40374,0 114.111323,22.40374,0 114.108869,22.40416,0 114.107648,22.404103,0 114.106087,22.403434,0 114.099345,22.396964,0 114.098112,22.396242,0 114.097055,22.395936,0 114.096156,22.396018,0 114.095299,22.396381,0 114.094242,22.39716,0 114.092681,22.39758,0 114.091145,22.397523,0 114.090033,22.397213,0 114.088861,22.396348,0 114.085623,22.393586,0 114.084651,22.39297,0 114.080491,22.39113,0 114.079039,22.390122,0 114.077982,22.38887,0 114.077034,22.388645,0 114.076123,22.38907,0 114.074872,22.388919,0 114.073882,22.388205,0 114.072145,22.386018,0 114.071258,22.384896,0 114.070796,22.383031,0 114.071088,22.380747,0 114.065791,22.380975,0 114.063835,22.380999,0 114.062044,22.380836,0 114.059116,22.380355,0 114.056789,22.380685,0 114.05504,22.380514,0 114.054093,22.379731,0 114.053868,22.379204,0 114.053935,22.377976,0 114.054943,22.376156,0 114.054858,22.375377,0 114.054147,22.375222,0 114.049361,22.376801,0 114.046008,22.377323,0 114.044781,22.377266,0 114.043718,22.377013,0 114.042546,22.375834,0 114.041963,22.374581,0 114.041118,22.374133,0 114.038118,22.37412,0 114.037559,22.37399,0 114.036939,22.373125,0 114.0368,22.371954,0 114.037261,22.37077,0 114.039551,22.369648,0 114.040219,22.366939,0 114.041228,22.365547,0 114.042108,22.36509,0 114.045571,22.364152,0 114.045892,22.36358,0 114.041385,22.361716,0 114.039551,22.360569,0 114.03714,22.358239,0 114.036271,22.357627,0 114.033532,22.356113,0 114.032888,22.355611,0 114.032189,22.354048,0 114.031637,22.349473,0 114.025951,22.34782,0 114.026164,22.347388,0 114.026316,22.345147,0 114.025647,22.343045,0 114.022708,22.337862,0 114.018802,22.334789,0 114.015753,22.332062,0 113.986008,22.315523,0 114.060744,22.312539,0 114.060659,22.31338,0 114.061084,22.314596,0 114.063477,22.317495,0 114.068124,22.324879,0 114.070061,22.327075,0 114.074799,22.329189,0 114.07834,22.329613,0 114.081292,22.329654,0 114.08261,22.329377,0 114.07848,22.358067,0 114.088302,22.362532,0 114.114998,22.36407,0 114.115119,22.357239,0 114.118065,22.357802,0 114.119201,22.358198,0 114.120829,22.359165,0 114.124668,22.360977,0 114.125251,22.361463,0 114.12618,22.362626,0 114.126399,22.36376,0 114.128233,22.36698,0 114.128579,22.368134,0 114.1283,22.369934,0 114.127607,22.371146,0 114.126599,22.372023,0 114.126453,22.372696,0 114.1268,22.373137,0 114.132722,22.375316,0 114.135528,22.376442,0 114.138966,22.377919,0 114.14125,22.378486,0 114.14309,22.378453,0 114.143564,22.377931,0 114.143886,22.374863,0 114.144068,22.374263,0 114.144785,22.373704,0 114.145848,22.373712,0 114.149322,22.374512,0</coordinates></LinearRing></outerBoundaryIs>
      </Polygon>
      <Polygon>
        <outerBoundaryIs><LinearRing><coordinates>114.072145,22.386018,0 114.071908,22.390424,0 114.062475,22.390453,0 114.062262,22.390649,0 114.062159,22.396829,0 114.062293,22.39707,0 114.064637,22.39716,0 114.064759,22.399632,0 114.0644,22.400089,0 114.057573,22.400056,0 114.057275,22.39993,0 114.057215,22.396348,0 114.056935,22.39612,0 114.014258,22.396385,0 114.013754,22.39676,0 114.013803,22.406392,0 114.013426,22.406726,0 114.0083,22.406902,0 114.00796,22.40711,0 114.008391,22.414673,0 114.008008,22.414962,0 113.998776,22.415676,0 113.996431,22.415758,0 113.996048,22.415872,0 113.991499,22.41898,0 113.990187,22.419661,0 113.991967,22.422598,0 113.99255,22.423883,0 113.992714,22.425135,0 113.991602,22.425302,0 113.986737,22.423809,0 113.985425,22.423638,0 113.980031,22.424792,0 113.977796,22.425123,0 113.972548,22.425372,0 113.971539,22.425596,0 113.970367,22.426147,0 113.969644,22.42693,0 113.968915,22.42737,0 113.967798,22.427648,0 113.957575,22.427733,0 113.955789,22.427648,0 113.954805,22.427281,0 113.954277,22.426669,0 113.953104,22.423797,0 113.951853,22.42148,0 113.950086,22.419021,0 113.948421,22.416871,0 113.945396,22.414057,0 113.944655,22.413783,0 113.943398,22.414203,0 113.943143,22.414766,0 113.942025,22.418894,0 113.941582,22.419706,0 113.940543,22.420342,0 113.931043,22.422198,0 113.930029,22.421892,0 113.921361,22.419641,0 113.918324,22.418229,0 113.910009,22.40875,0 113.906012,22.404397,0 113.905222,22.402724,0 113.905392,22.402019,0 113.912116,22.40002,0 113.914236,22.398963,0 113.915639,22.39747,0 113.91669,22.395312,0 113.917966,22.390257,0 113.918895,22.388188,0 113.919946,22.38643,0 113.920833,22.38091,0 113.920602,22.377699,0 113.919508,22.375585,0 113.91819,22.3733,0 113.918275,22.371452,0 113.920037,22.367869,0 113.923815,22.365233,0 113.93077,22.361018,0 113.941393,22.355272,0 113.943532,22.354982,0 113.947625,22.354799,0 113.951908,22.355068,0 113.957065,22.352587,0 113.959257,22.35326,0 113.956403,22.35939,0 113.958705,22.361373,0 113.96043,22.36265,0 113.967743,22.365482,0 113.970203,22.366196,0 113.974224,22.36638,0 113.979928,22.366086,0 113.985176,22.364499,0 113.988091,22.363172,0 113.999839,22.358096,0 114.002268,22.357533,0 114.016245,22.35566,0 114.018759,22.354827,0 114.020916,22.353628,0 114.023224,22.351718,0 114.024943,22.349873,0 114.025951,22.34782,0 114.031637,22.349473,0 114.032189,22.354048,0 114.032888,22.355611,0 114.033532,22.356113,0 114.036271,22.357627,0 114.03714,22.358239,0 114.039551,22.360569,0 114.041385,22.361716,0 114.045892,22.36358,0 114.045571,22.364152,0 114.042108,22.36509,0 114.041228,22.365547,0 114.040219,22.366939,0 114.039551,22.369648,0 114.037261,22.37077,0 114.0368,22.371954,0 114.036939,22.373125,0 114.037559,22.37399,0 114.038118,22.37412,0 114.041118,22.374133,0 114.041963,22.374581,0 114.042546,22.375834,0 114.043718,22.377013,0 114.044781,22.377266,0 114.046008,22.377323,0 114.049361,22.376801,0 114.054147,22.375222,0 114.054858,22.375377,0 114.054943,22.376156,0 114.053935,22.377976,0 114.053868,22.379204,0 114.054093,22.379731,0 114.05504,22.380514,0 114.056789,22.380685,0 114.059116,22.380355,0 114.062044,22.380836,0 114.063835,22.380999,0 114.065791,22.380975,0 114.071088,22.380747,0 114.070796,22.383031,0 114.071258,22.384896,0 114.072145,22.386018,0</coordinates></LinearRing></outerBoundaryIs>
      </Polygon>
      <Polygon>
        <outerBoundaryIs><LinearRing><coordinates>113.886666,22.36689,0 113.887814,22.367024,0 113.888719,22.368098,0 113.888555,22.369171,0 113.889691,22.370554,0 113.889472,22.371027,0 113.888433,22.371117,0 113.88833,22.372223,0 113.889551,22.373329,0 113.889016,22.374116,0 113.889721,22.374814,0 113.890286,22.375785,0 113.890341,22.376756,0 113.88983,22.377319,0 113.888634,22.37778,0 113.887036,22.37807,0 113.885591,22.37807,0 113.884637,22.379196,0 113.883525,22.379437,0 113.882626,22.379335,0 113.882019,22.378996,0 113.881673,22.378127,0 113.881655,22.377225,0 113.88208,22.376556,0 113.884279,22.375752,0 113.88573,22.374851,0 113.886222,22.37359,0 113.886277,22.372039,0 113.885111,22.367775,0 113.885396,22.36718,0 113.886666,22.36689,0</coordinates></LinearRing></outerBoundaryIs>
      </Polygon>
      <Polygon>
        <outerBoundaryIs><LinearRing><coordinates>113.895121,22.339091,0 113.895698,22.339535,0 113.89585,22.34027,0 113.895668,22.341156,0 113.896694,22.342788,0 113.89639,22.343388,0 113.89571,22.343817,0 113.893323,22.34369,0 113.893165,22.343368,0 113.893779,22.342152,0 113.893936,22.341278,0 113.893718,22.339952,0 113.894441,22.339764,0 113.895121,22.339091,0</coordinates></LinearRing></outerBoundaryIs>
      </Polygon>
      <Polygon>
        <outerBoundaryIs><LinearRing><coordinates>113.879966,22.352228,0 113.880397,22.352383,0 113.880349,22.353697,0 113.879,22.354346,0 113.878648,22.354007,0 113.879304,22.352644,0 113.879966,22.352228,0</coordinates></LinearRing></outerBoundaryIs>
      </Polygon>
      <Polygon>
        <outerBoundaryIs><LinearRing><coordinates>113.971655,22.325752,0 113.972286,22.325969,0 113.97409,22.328026,0 113.974175,22.328618,0 113.971715,22.329438,0 113.971108,22.330491,0 113.971472,22.331062,0 113.970829,22.331254,0 113.970003,22.330634,0 113.969583,22.327426,0 113.969924,22.32636,0 113.970634,22.325862,0 113.971655,22.325752,0</coordinates></LinearRing></outerBoundaryIs>
      </Polygon>
      <Polygon>
        <outerBoundaryIs><LinearRing><coordinates>113.985801,22.330728,0 113.986409,22.331075,0 113.987854,22.333483,0 113.989021,22.336046,0 113.988863,22.33727,0 113.988298,22.337858,0 113.987453,22.337687,0 113.985765,22.335703,0 113.984945,22.333095,0 113.984878,22.331536,0 113.985157,22.330793,0 113.985801,22.330728,0</coordinates></LinearRing></outerBoundaryIs>
      </Polygon>
      <Polygon>
        <outerBoundaryIs><LinearRing><coordinates>113.983815,22.323389,0 113.984356,22.323915,0 113.983967,22.324605,0 113.983353,22.324601,0 113.98325,22.324071,0 113.983815,22.323389,0</coordinates></LinearRing></outerBoundaryIs>
      </Polygon>
      <Polygon>
        <outerBoundaryIs><LinearRing><coordinates>113.891701,22.347792,0 113.892552,22.348208,0 113.893651,22.349612,0 113.893493,22.350575,0 113.893007,22.350889,0 113.892132,22.350954,0 113.89124,22.35055,0 113.890341,22.349551,0 113.890304,22.348526,0 113.890796,22.347894,0 113.891701,22.347792,0</coordinates></LinearRing></outerBoundaryIs>
      </Polygon>
      <Polygon>
        <outerBoundaryIs><LinearRing><coordinates>114.12926,22.413808,0 114.129667,22.414889,0 114.129715,22.416341,0 114.129065,22.41805,0 114.128203,22.418898,0 114.123908,22.422361,0 114.121685,22.424315,0 114.119796,22.426546,0 114.118296,22.42872,0 114.115891,22.432681,0 114.11501,22.435136,0 114.114894,22.436502,0 114.115174,22.438117,0 114.116006,22.439904,0 114.120914,22.447538,0 114.129041,22.459597,0 114.126478,22.459511,0 114.124248,22.460184,0 114.12225,22.461803,0 114.119936,22.464551,0 114.118551,22.465138,0 114.116711,22.465024,0 114.115149,22.464694,0 114.112811,22.463911,0 114.111414,22.463581,0 114.108012,22.463356,0 114.10551,22.462969,0 114.10045,22.461737,0 114.095062,22.460037,0 114.093641,22.459678,0 114.092608,22.459788,0 114.092274,22.460763,0 114.092651,22.472347,0 114.092918,22.473852,0 114.094534,22.476947,0 114.094631,22.477468,0 114.094674,22.483605,0 114.094394,22.485235,0 114.093283,22.486662,0 114.090908,22.489149,0 114.090604,22.490295,0 114.091357,22.493809,0 114.091132,22.496455,0 114.090968,22.496887,0 114.089741,22.498501,0 114.089492,22.499353,0 114.089492,22.500442,0 114.089778,22.501404,0 114.091898,22.505264,0 114.092098,22.505892,0 114.091983,22.506883,0 114.090598,22.509818,0 114.090094,22.511489,0 114.089754,22.513246,0 114.089523,22.517008,0 114.089389,22.517974,0 114.08764,22.515899,0 114.086395,22.51486,0 114.084293,22.513389,0 114.083036,22.5127,0 114.081578,22.512427,0 114.080296,22.512997,0 114.079203,22.514395,0 114.078328,22.515035,0 114.077004,22.515484,0 114.075182,22.514999,0 114.073432,22.514656,0 114.070948,22.51431,0 114.069126,22.51378,0 114.066793,22.512268,0 114.064601,22.510547,0 114.06409,22.509952,0 114.062979,22.507824,0 114.062633,22.506365,0 114.062323,22.502827,0 114.061357,22.50162,0 114.059978,22.500727,0 114.058302,22.500006,0 114.057075,22.499623,0 114.055951,22.4995,0 114.054712,22.49961,0 114.053795,22.499888,0 114.051584,22.50089,0 114.050588,22.501196,0 114.048431,22.50151,0 114.046014,22.502183,0 114.042108,22.502794,0 114.03697,22.503365,0 114.031873,22.504139,0 114.030604,22.503781,0 114.029164,22.503059,0 114.028757,22.502619,0 114.028423,22.501449,0 114.028496,22.500756,0 114.029055,22.49937,0 114.030124,22.497845,0 114.032025,22.495591,0 114.032724,22.494347,0 114.032967,22.493418,0 114.032584,22.492138,0 114.030124,22.489594,0 114.029049,22.48899,0 114.026461,22.488073,0 114.026206,22.487735,0 114.026206,22.486622,0 114.027038,22.484979,0 114.027184,22.484265,0 114.027057,22.483352,0 114.026103,22.481362,0 114.024985,22.480526,0 114.022884,22.480323,0 114.021213,22.480559,0 114.020576,22.48113,0 114.019106,22.483923,0 114.016202,22.48729,0 114.014319,22.488554,0 114.004303,22.490776,0 114.000956,22.490943,0 113.999802,22.490238,0 113.999189,22.487241,0 113.998654,22.482222,0 113.99654,22.479797,0 113.990891,22.475736,0 113.985959,22.471144,0 113.981634,22.46418,0 113.977668,22.456828,0 113.975372,22.455323,0 113.969116,22.453549,0 113.963643,22.451425,0 113.961359,22.450275,0 113.957739,22.447979,0 113.953335,22.443219,0 113.948664,22.434895,0 113.944752,22.428981,0 113.94222,22.426196,0 113.940634,22.425315,0 113.938879,22.424564,0 113.931043,22.422198,0 113.940543,22.420342,0 113.941582,22.419706,0 113.942025,22.418894,0 113.943143,22.414766,0 113.943398,22.414203,0 113.944655,22.413783,0 113.945396,22.414057,0 113.948421,22.416871,0 113.950086,22.419021,0 113.951853,22.42148,0 113.953104,22.423797,0 113.954277,22.426669,0 113.954805,22.427281,0 113.955789,22.427648,0 113.957575,22.427733,0 113.967798,22.427648,0 113.968915,22.42737,0 113.969644,22.42693,0 113.970367,22.426147,0 113.971539,22.425596,0 113.972548,22.425372,0 113.977796,22.425123,0 113.980031,22.424792,0 113.985425,22.423638,0 113.986737,22.423809,0 113.991602,22.425302,0 113.992714,22.425135,0 113.99255,22.423883,0 113.991967,22.422598,0 113.990187,22.419661,0 113.991499,22.41898,0 113.996048,22.415872,0 113.996431,22.415758,0 113.998776,22.415676,0 114.008008,22.414962,0 114.008391,22.414673,0 114.00796,22.40711,0 114.0083,22.406902,0 114.013426,22.406726,0 114.013803,22.406392,0 114.013754,22.39676,0 114.014258,22.396385,0 114.056935,22.39612,0 114.057215,22.396348,0 114.057275,22.39993,0 114.057573,22.400056,0 114.0644,22.400089,0 114.064759,22.399632,0 114.064637,22.39716,0 114.062293,22.39707,0 114.062159,22.396829,0 114.062262,22.390649,0 114.062475,22.390453,0 114.071908,22.390424,0 114.072145,22.386018,0 114.073882,22.388205,0 114.074872,22.388919,0 114.076123,22.38907,0 114.077034,22.388645,0 114.077982,22.38887,0 114.079039,22.390122,0 114.080491,22.39113,0 114.084651,22.39297,0 114.085623,22.393586,0 114.088861,22.396348,0 114.090033,22.397213,0 114.091145,22.397523,0 114.092681,22.39758,0 114.094242,22.39716,0 114.095299,22.396381,0 114.096156,22.396018,0 114.097055,22.395936,0 114.098112,22.396242,0 114.099345,22.396964,0 114.106087,22.403434,0 114.107648,22.404103,0 114.108869,22.40416,0 114.111323,22.40374,0 114.112483,22.40374,0 114.11388,22.404128,0 114.115945,22.405131,0 114.121047,22.408917,0 114.122366,22.409618,0 114.124048,22.410083,0 114.127802,22.410757,0 114.128427,22.411299,0 114.128677,22.412666,0 114.12926,22.413808,0</coordinates></LinearRing></outerBoundaryIs>
      </Polygon>
      <Polygon>
        <outerBoundaryIs><LinearRing><coordinates>114.341981,22.507841,0 114.341878,22.508142,0 114.340438,22.5091,0 114.339229,22.509418,0 114.336873,22.509573,0 114.335585,22.509121,0 114.332275,22.507266,0 114.327434,22.504359,0 114.324585,22.50323,0 114.322022,22.502615,0 114.31964,22.502154,0 114.314477,22.500409,0 114.313439,22.499998,0 114.311459,22.498872,0 114.309296,22.49745,0 114.308592,22.497356,0 114.306599,22.499105,0 114.305196,22.500128,0 114.303204,22.500821,0 114.302196,22.501942,0 114.301455,22.502488,0 114.299754,22.503031,0 114.298843,22.503679,0 114.298667,22.505338,0 114.298138,22.505876,0 114.297197,22.506275,0 114.296286,22.506406,0 114.293643,22.505582,0 114.293127,22.505794,0 114.292507,22.506972,0 114.291238,22.506728,0 114.290041,22.506712,0 114.290017,22.507046,0 114.290716,22.507568,0 114.290795,22.508289,0 114.28927,22.508974,0 114.288444,22.508558,0 114.28715,22.508729,0 114.284672,22.50864,0 114.284077,22.508456,0 114.283208,22.50875,0 114.283159,22.510026,0 114.284641,22.512092,0 114.285358,22.514872,0 114.285723,22.515268,0 114.286895,22.515247,0 114.286968,22.51713,0 114.287229,22.517746,0 114.288468,22.518626,0 114.290813,22.521064,0 114.291044,22.521692,0 114.2917,22.52203,0 114.290977,22.522825,0 114.289148,22.522731,0 114.288371,22.522099,0 114.287897,22.522046,0 114.2876,22.522596,0 114.287016,22.522543,0 114.285255,22.521231,0 114.28483,22.520444,0 114.283639,22.521052,0 114.283803,22.521903,0 114.285474,22.524557,0 114.286682,22.525727,0 114.286652,22.526236,0 114.285753,22.527076,0 114.284623,22.527125,0 114.281598,22.526493,0 114.280462,22.526546,0 114.279497,22.527492,0 114.279029,22.52772,0 114.278002,22.527406,0 114.278166,22.526322,0 114.278914,22.525405,0 114.278841,22.524716,0 114.277492,22.523644,0 114.276563,22.523522,0 114.272603,22.52481,0 114.270756,22.524598,0 114.269985,22.524162,0 114.268642,22.524121,0 114.268284,22.525017,0 114.269122,22.528188,0 114.270191,22.529326,0 114.27236,22.530463,0 114.273313,22.531384,0 114.273283,22.532888,0 114.272171,22.534624,0 114.271351,22.53493,0 114.269316,22.534742,0 114.268879,22.53517,0 114.268618,22.536637,0 114.26815,22.537554,0 114.267458,22.538288,0 114.266571,22.538606,0 114.265229,22.538406,0 114.264518,22.538528,0 114.263898,22.540012,0 114.263734,22.541516,0 114.262556,22.542021,0 114.262677,22.542946,0 114.265277,22.54491,0 114.265696,22.546174,0 114.265253,22.546785,0 114.264609,22.546785,0 114.263601,22.546447,0 114.261949,22.547343,0 114.260339,22.547331,0 114.259464,22.547156,0 114.259154,22.546818,0 114.259173,22.545807,0 114.258802,22.545681,0 114.257703,22.546039,0 114.256622,22.545998,0 114.255595,22.546426,0 114.255006,22.546259,0 114.254483,22.545428,0 114.253955,22.545216,0 114.252801,22.545566,0 114.252455,22.545937,0 114.25223,22.547087,0 114.251683,22.54749,0 114.249661,22.54782,0 114.248579,22.547812,0 114.247583,22.54758,0 114.24652,22.546989,0 114.245482,22.545892,0 114.243574,22.54284,0 114.242645,22.540933,0 114.241892,22.539926,0 114.237488,22.532342,0 114.236765,22.531979,0 114.233996,22.532354,0 114.233212,22.53202,0 114.232781,22.531152,0 114.232696,22.529065,0 114.232149,22.527972,0 114.230922,22.527891,0 114.229276,22.526693,0 114.228723,22.526823,0 114.227891,22.528176,0 114.226773,22.528853,0 114.226038,22.528853,0 114.224988,22.528066,0 114.224714,22.526766,0 114.223117,22.525588,0 114.221841,22.525698,0 114.220359,22.525299,0 114.219011,22.524076,0 114.218403,22.523835,0 114.217158,22.523746,0 114.215166,22.52384,0 114.214382,22.524284,0 114.214321,22.525372,0 114.214558,22.526395,0 114.215682,22.529713,0 114.217857,22.530817,0 114.218458,22.531355,0 114.220013,22.533348,0 114.221064,22.535317,0 114.222315,22.536572,0 114.223827,22.538496,0 114.225316,22.539229,0 114.231566,22.539584,0 114.232562,22.540044,0 114.231268,22.540831,0 114.230509,22.543044,0 114.230965,22.543745,0 114.230764,22.545941,0 114.229537,22.547099,0 114.228997,22.547987,0 114.228152,22.548016,0 114.227824,22.548346,0 114.226306,22.548961,0 114.225759,22.550281,0 114.224678,22.551023,0 114.223287,22.552763,0 114.222704,22.553057,0 114.221926,22.552881,0 114.221641,22.55227,0 114.220711,22.551936,0 114.218598,22.551724,0 114.217504,22.551948,0 114.215913,22.55366,0 114.215324,22.553949,0 114.21451,22.553978,0 114.212621,22.553623,0 114.210835,22.553831,0 114.207294,22.553521,0 114.206808,22.553582,0 114.206158,22.554589,0 114.205216,22.55465,0 114.203558,22.55401,0 114.202519,22.553982,0 114.201353,22.554255,0 114.200521,22.553138,0 114.199385,22.55282,0 114.197229,22.553008,0 114.196822,22.552885,0 114.19551,22.551814,0 114.194137,22.551643,0 114.193111,22.552616,0 114.192467,22.552625,0 114.191714,22.551973,0 114.191149,22.551985,0 114.189138,22.552417,0 114.1868,22.552674,0 114.186204,22.552013,0 114.185919,22.551317,0 114.184492,22.55214,0 114.182712,22.5528,0 114.182572,22.55533,0 114.182323,22.556777,0 114.180944,22.557266,0 114.179742,22.557246,0 114.178235,22.556842,0 114.175508,22.556899,0 114.174785,22.557437,0 114.173965,22.558378,0 114.172319,22.558464,0 114.171578,22.557873,0 114.170582,22.55672,0 114.169525,22.556341,0 114.168189,22.556573,0 114.167411,22.558268,0 114.166676,22.559092,0 114.165589,22.558892,0 114.164435,22.557572,0 114.16342,22.556178,0 114.162236,22.554051,0 114.161076,22.552625,0 114.159928,22.55203,0 114.157674,22.552074,0 114.156879,22.551622,0 114.156781,22.549821,0 114.156581,22.548598,0 114.156022,22.548146,0 114.155075,22.548008,0 114.154607,22.545929,0 114.154832,22.54447,0 114.155828,22.544213,0 114.155828,22.544967,0 114.156417,22.545297,0 114.156721,22.544984,0 114.156508,22.543696,0 114.155299,22.543329,0 114.153477,22.541304,0 114.153222,22.540692,0 114.153544,22.539547,0 114.153137,22.539115,0 114.150495,22.53852,0 114.149735,22.538508,0 114.149164,22.539303,0 114.146935,22.539437,0 114.146401,22.540036,0 114.144913,22.540171,0 114.143886,22.540627,0 114.143024,22.540778,0 114.142058,22.540595,0 114.140242,22.539242,0 114.139403,22.53881,0 114.138353,22.538765,0 114.136761,22.539156,0 114.135893,22.53916,0 114.135103,22.538846,0 114.134222,22.537746,0 114.133378,22.537102,0 114.132661,22.536894,0 114.131058,22.53711,0 114.130481,22.537004,0 114.128737,22.53612,0 114.127565,22.53537,0 114.125062,22.532211,0 114.122074,22.531494,0 114.121503,22.531066,0 114.121211,22.52968,0 114.120695,22.528637,0 114.120227,22.528233,0 114.118751,22.527479,0 114.117275,22.526937,0 114.115635,22.52732,0 114.115034,22.52772,0 114.114591,22.528608,0 114.11484,22.532802,0 114.114627,22.533483,0 114.113771,22.533841,0 114.11337,22.533581,0 114.113054,22.532566,0 114.11221,22.531685,0 114.110922,22.531718,0 114.109586,22.532264,0 114.107909,22.532325,0 114.103918,22.531335,0 114.10195,22.531241,0 114.101294,22.531437,0 114.100152,22.532191,0 114.098409,22.533813,0 114.097249,22.534404,0 114.09587,22.534278,0 114.094109,22.533572,0 114.0929,22.532545,0 114.091248,22.530067,0 114.090355,22.529317,0 114.088259,22.52871,0 114.085684,22.528417,0 114.08402,22.527553,0 114.08357,22.526896,0 114.083485,22.526114,0 114.084287,22.525054,0 114.085951,22.523876,0 114.088174,22.522931,0 114.089377,22.522124,0 114.090343,22.52099,0 114.0903,22.519429,0 114.089389,22.517974,0 114.089523,22.517008,0 114.089754,22.513246,0 114.090094,22.511489,0 114.090598,22.509818,0 114.091983,22.506883,0 114.092098,22.505892,0 114.091898,22.505264,0 114.089778,22.501404,0 114.089492,22.500442,0 114.089492,22.499353,0 114.089741,22.498501,0 114.090968,22.496887,0 114.091132,22.496455,0 114.091357,22.493809,0 114.090604,22.490295,0 114.090908,22.489149,0 114.093283,22.486662,0 114.094394,22.485235,0 114.094674,22.483605,0 114.094631,22.477468,0 114.094534,22.476947,0 114.092918,22.473852,0 114.092651,22.472347,0 114.092274,22.460763,0 114.092608,22.459788,0 114.093641,22.459678,0 114.095062,22.460037,0 114.10045,22.461737,0 114.10551,22.462969,0 114.108012,22.463356,0 114.111414,22.463581,0 114.112811,22.463911,0 114.115149,22.464694,0 114.116711,22.465024,0 114.118551,22.465138,0 114.119936,22.464551,0 114.12225,22.461803,0 114.124248,22.460184,0 114.126478,22.459511,0 114.129041,22.459597,0 114.129703,22.459621,0 114.132042,22.460343,0 114.135777,22.462178,0 114.140782,22.46524,0 114.148065,22.470305,0 114.152627,22.471467,0 114.15341,22.471964,0 114.153908,22.473081,0 114.15403,22.474786,0 114.153842,22.475373,0 114.152882,22.476922,0 114.152973,22.477452,0 114.153939,22.477709,0 114.158069,22.477966,0 114.160553,22.478325,0 114.160985,22.477852,0 114.161112,22.476718,0 114.160888,22.47534,0 114.161222,22.474349,0 114.162406,22.474211,0 114.164362,22.475136,0 114.164957,22.475124,0 114.167035,22.474423,0 114.167818,22.474504,0 114.16845,22.475254,0 114.16862,22.476873,0 114.169288,22.478602,0 114.171062,22.481721,0 114.172507,22.483393,0 114.173625,22.484502,0 114.175125,22.485505,0 114.177409,22.486393,0 114.17996,22.487001,0 114.184461,22.487384,0 114.191137,22.487425,0 114.192084,22.487201,0 114.194028,22.486332,0 114.195704,22.485941,0 114.200041,22.48599,0 114.201827,22.485761,0 114.204099,22.484811,0 114.205484,22.48453,0 114.208442,22.48497,0 114.214552,22.484738,0 114.216113,22.484514,0 114.217395,22.484065,0 114.219624,22.482781,0 114.220517,22.48261,0 114.221349,22.483225,0 114.221738,22.484673,0 114.222351,22.485623,0 114.225358,22.488155,0 114.226634,22.489606,0 114.227751,22.49133,0 114.229361,22.494396,0 114.229865,22.495008,0 114.230807,22.495676,0 114.232204,22.496402,0 114.233151,22.497181,0 114.234597,22.4993,0 114.236383,22.501306,0 114.236826,22.502142,0 114.237543,22.504205,0 114.238047,22.505264,0 114.2386,22.505819,0 114.240221,22.506096,0 114.241333,22.505595,0 114.242177,22.504812,0 114.243058,22.503418,0 114.243787,22.502582,0 114.244783,22.502195,0 114.246739,22.502024,0 114.247577,22.501689,0 114.2483,22.501131,0 114.253032,22.495583,0 114.254648,22.494523,0 114.256433,22.494078,0 114.25899,22.493911,0 114.261839,22.494025,0 114.266468,22.494527,0 114.267749,22.494804,0 114.26925,22.495309,0 114.271206,22.495701,0 114.280469,22.496683,0 114.2837,22.496687,0 114.287436,22.496357,0 114.290728,22.495521,0 114.304073,22.489687,0 114.306132,22.489076,0 114.307699,22.48897,0 114.309879,22.489141,0 114.311939,22.4897,0 114.314678,22.490821,0 114.319701,22.493116,0 114.321038,22.494233,0 114.321493,22.494959,0 114.322101,22.496467,0 114.322714,22.497193,0 114.323613,22.497861,0 114.326844,22.499427,0 114.329031,22.500662,0 114.332275,22.501559,0 114.33383,22.502456,0 114.341981,22.507841,0</coordinates></LinearRing></outerBoundaryIs>
      </Polygon>
      <Polygon>
        <outerBoundaryIs><LinearRing><coordinates>114.30383,22.501388,0 114.304534,22.501473,0 114.307176,22.502839,0 114.307948,22.503124,0 114.309333,22.504205,0 114.309618,22.504682,0 114.309618,22.506006,0 114.310748,22.506716,0 114.311459,22.506646,0 114.313955,22.505114,0 114.315492,22.505203,0 114.315875,22.505648,0 114.316676,22.507576,0 114.317016,22.507914,0 114.318377,22.507922,0 114.32091,22.508742,0 114.321633,22.509239,0 114.322362,22.510193,0 114.323686,22.511167,0 114.32399,22.512194,0 114.324433,22.512602,0 114.32645,22.513397,0 114.32645,22.514477,0 114.32402,22.516397,0 114.322939,22.516258,0 114.322173,22.51583,0 114.321457,22.516446,0 114.32153,22.516874,0 114.322125,22.517192,0 114.322234,22.51797,0 114.320327,22.52086,0 114.318019,22.522005,0 114.314471,22.523599,0 114.313688,22.52346,0 114.313001,22.522291,0 114.313348,22.521639,0 114.314028,22.521109,0 114.314149,22.520595,0 114.313706,22.518883,0 114.313736,22.518264,0 114.314301,22.516548,0 114.314253,22.515647,0 114.313749,22.514346,0 114.312534,22.513364,0 114.312376,22.512153,0 114.312017,22.511811,0 114.311374,22.512003,0 114.310499,22.511636,0 114.310469,22.510323,0 114.310238,22.510123,0 114.309314,22.510282,0 114.308792,22.510115,0 114.308482,22.509341,0 114.309454,22.508615,0 114.309029,22.507869,0 114.307766,22.50793,0 114.307535,22.508473,0 114.30762,22.509577,0 114.307237,22.510062,0 114.306739,22.510005,0 114.306593,22.51078,0 114.304777,22.510629,0 114.304145,22.509308,0 114.302979,22.509712,0 114.302651,22.510433,0 114.302013,22.510478,0 114.301424,22.509581,0 114.300337,22.509655,0 114.299875,22.510662,0 114.299207,22.510437,0 114.299365,22.509288,0 114.299894,22.507955,0 114.301266,22.507751,0 114.30236,22.506862,0 114.302317,22.505941,0 114.301455,22.505925,0 114.301552,22.504669,0 114.300799,22.504482,0 114.300762,22.503748,0 114.302524,22.501946,0 114.30383,22.501388,0</coordinates></LinearRing></outerBoundaryIs>
      </Polygon>
      <Polygon>
        <outerBoundaryIs><LinearRing><coordinates>114.309187,22.528841,0 114.309661,22.529211,0 114.310183,22.530381,0 114.31076,22.532823,0 114.310098,22.533996,0 114.309333,22.534172,0 114.308045,22.533589,0 114.307255,22.533764,0 114.305378,22.535496,0 114.303319,22.537114,0 114.302773,22.537738,0 114.302475,22.540415,0 114.301862,22.540847,0 114.300932,22.541137,0 114.299845,22.541145,0 114.29925,22.54145,0 114.299268,22.54317,0 114.299833,22.544209,0 114.300525,22.544951,0 114.302129,22.545081,0 114.303623,22.544764,0 114.305154,22.543643,0 114.306933,22.542001,0 114.307838,22.541357,0 114.308768,22.541471,0 114.31028,22.542294,0 114.31121,22.543802,0 114.311629,22.543981,0 114.313123,22.543969,0 114.313463,22.544711,0 114.313141,22.545493,0 114.313463,22.545799,0 114.315547,22.544279,0 114.316719,22.544213,0 114.317855,22.544923,0 114.319215,22.545489,0 114.320096,22.546451,0 114.320886,22.546712,0 114.322058,22.546748,0 114.322319,22.547372,0 114.321894,22.547869,0 114.321062,22.548215,0 114.319355,22.548505,0 114.317812,22.547946,0 114.316573,22.548806,0 114.31534,22.548668,0 114.312862,22.548105,0 114.312248,22.548113,0 114.309618,22.549409,0 114.308683,22.54813,0 114.303896,22.548439,0 114.29849,22.549034,0 114.298114,22.549132,0 114.297932,22.55,0 114.298618,22.550852,0 114.298551,22.551708,0 114.297543,22.552396,0 114.296462,22.552718,0 114.295247,22.552629,0 114.29433,22.551773,0 114.293698,22.551492,0 114.292781,22.550489,0 114.292775,22.54978,0 114.293467,22.548391,0 114.295083,22.547327,0 114.29569,22.54661,0 114.295727,22.545591,0 114.292386,22.545424,0 114.291432,22.545216,0 114.291001,22.544845,0 114.291013,22.5439,0 114.29351,22.541744,0 114.297786,22.537864,0 114.298691,22.536727,0 114.298509,22.536275,0 114.29733,22.536148,0 114.29727,22.53722,0 114.297014,22.537668,0 114.29597,22.53744,0 114.295186,22.536295,0 114.293145,22.536332,0 114.292094,22.535586,0 114.292161,22.534229,0 114.291505,22.532957,0 114.290236,22.531563,0 114.290157,22.530728,0 114.29091,22.529843,0 114.291451,22.529896,0 114.293091,22.531037,0 114.293576,22.531119,0 114.294749,22.530638,0 114.295532,22.530687,0 114.296213,22.53109,0 114.298102,22.531156,0 114.299116,22.530565,0 114.301527,22.531963,0 114.303161,22.532496,0 114.303708,22.532961,0 114.304103,22.533699,0 114.304868,22.533446,0 114.303981,22.530247,0 114.304121,22.529586,0 114.304753,22.529395,0 114.306308,22.529672,0 114.307334,22.529513,0 114.308507,22.528906,0 114.309187,22.528841,0</coordinates></LinearRing></outerBoundaryIs>
      </Polygon>
      <Polygon>
        <outerBoundaryIs><LinearRing><coordinates>114.32399,22.519821,0 114.325241,22.520298,0 114.326128,22.521891,0 114.326158,22.523163,0 114.3258,22.524064,0 114.325526,22.525417,0 114.325405,22.528066,0 114.326729,22.529517,0 114.327051,22.531001,0 114.326771,22.532541,0 114.326024,22.534004,0 114.325065,22.535313,0 114.32385,22.535431,0 114.32286,22.534864,0 114.32238,22.53363,0 114.322483,22.530589,0 114.322623,22.529101,0 114.322094,22.528042,0 114.321226,22.527597,0 114.319653,22.527667,0 114.318025,22.529696,0 114.317053,22.531478,0 114.31531,22.532712,0 114.314216,22.532835,0 114.313263,22.532109,0 114.312273,22.530695,0 114.312115,22.529419,0 114.312522,22.526151,0 114.313087,22.525429,0 114.316008,22.524585,0 114.317636,22.523632,0 114.320382,22.521696,0 114.322216,22.521361,0 114.322781,22.521007,0 114.323103,22.520216,0 114.32399,22.519821,0</coordinates></LinearRing></outerBoundaryIs>
      </Polygon>
      <Polygon>
        <outerBoundaryIs><LinearRing><coordinates>114.275281,22.546687,0 114.275931,22.547062,0 114.276077,22.548199,0 114.275791,22.548566,0 114.27383,22.550196,0 114.272803,22.551288,0 114.272177,22.550925,0 114.273429,22.548411,0 114.274826,22.547987,0 114.274874,22.546903,0 114.275281,22.546687,0</coordinates></LinearRing></outerBoundaryIs>
      </Polygon>
      <Polygon>
        <outerBoundaryIs><LinearRing><coordinates>114.280505,22.52891,0 114.281185,22.529114,0 114.282327,22.530296,0 114.282376,22.530752,0 114.281738,22.53116,0 114.280967,22.530984,0 114.280456,22.531828,0 114.279697,22.532305,0 114.279229,22.532268,0 114.279047,22.531637,0 114.27957,22.530988,0 114.279649,22.529326,0 114.280505,22.52891,0</coordinates></LinearRing></outerBoundaryIs>
      </Polygon>
      <Polygon>
        <outerBoundaryIs><LinearRing><coordinates>114.264135,22.541691,0 114.265781,22.541886,0 114.267112,22.542795,0 114.267251,22.543366,0 114.266711,22.544063,0 114.265921,22.544006,0 114.264846,22.543272,0 114.263728,22.543166,0 114.263303,22.542587,0 114.263303,22.54198,0 114.264135,22.541691,0</coordinates></LinearRing></outerBoundaryIs>
      </Polygon>
      <Polygon>
        <outerBoundaryIs><LinearRing><coordinates>114.291572,22.515989,0 114.293479,22.516323,0 114.293996,22.516548,0 114.293917,22.517457,0 114.292769,22.517999,0 114.291712,22.517669,0 114.291238,22.517807,0 114.290977,22.518594,0 114.289774,22.518394,0 114.289495,22.51788,0 114.290181,22.516385,0 114.290867,22.516026,0 114.291572,22.515989,0</coordinates></LinearRing></outerBoundaryIs>
      </Polygon>
      <Polygon>
        <outerBoundaryIs><LinearRing><coordinates>114.265642,22.548219,0 114.2662,22.548427,0 114.267482,22.548439,0 114.267239,22.549255,0 114.266468,22.549279,0 114.265295,22.54899,0 114.265192,22.548464,0 114.265642,22.548219,0</coordinates></LinearRing></outerBoundaryIs>
      </Polygon>
      <Polygon>
        <outerBoundaryIs><LinearRing><coordinates>114.293109,22.529754,0 114.293728,22.530177,0 114.292969,22.530234,0 114.293109,22.529754,0</coordinates></LinearRing></outerBoundaryIs>
      </Polygon>
      <Polygon>
        <outerBoundaryIs><LinearRing><coordinates>114.231991,22.528535,0 114.232459,22.529517,0 114.232034,22.529456,0 114.231706,22.528686,0 114.231991,22.528535,0</coordinates></LinearRing></outerBoundaryIs>
      </Polygon>
      <Polygon>
        <outerBoundaryIs><LinearRing><coordinates>114.216113,22.524202,0 114.216539,22.52472,0 114.215937,22.525547,0 114.21499,22.525095,0 114.215154,22.524467,0 114.216113,22.524202,0</coordinates></LinearRing></outerBoundaryIs>
      </Polygon>
      <Polygon>
        <outerBoundaryIs><LinearRing><coordinates>114.31062,22.534082,0 114.312212,22.534754,0 114.314477,22.536629,0 114.314951,22.537591,0 114.314891,22.538353,0 114.314125,22.53918,0 114.312965,22.539547,0 114.311951,22.539466,0 114.311112,22.539111,0 114.309934,22.538247,0 114.309539,22.536947,0 114.309618,22.535292,0 114.309873,22.534461,0 114.31062,22.534082,0</coordinates></LinearRing></outerBoundaryIs>
      </Polygon>
      <Polygon>
        <outerBoundaryIs><LinearRing><coordinates>114.308877,22.49802,0 114.309758,22.498383,0 114.30963,22.499007,0 114.308999,22.498783,0 114.308549,22.498273,0 114.308877,22.49802,0</coordinates></LinearRing></outerBoundaryIs>
      </Polygon>
      <Polygon>
        <outerBoundaryIs><LinearRing><coordinates>114.26023,22.547523,0 114.261001,22.548382,0 114.260521,22.548717,0 114.26023,22.547523,0</coordinates></LinearRing></outerBoundaryIs>
      </Polygon>
      <Polygon>
        <outerBoundaryIs><LinearRing><coordinates>114.336041,22.536707,0 114.336314,22.536886,0 114.33663,22.538638,0 114.335968,22.539816,0 114.335154,22.540004,0 114.334431,22.539865,0 114.333854,22.539286,0 114.333848,22.53874,0 114.334577,22.537774,0 114.335628,22.536808,0 114.336041,22.536707,0</coordinates></LinearRing></outerBoundaryIs>
      </Polygon>
      <Polygon>
        <outerBoundaryIs><LinearRing><coordinates>114.270799,22.538744,0 114.270878,22.539559,0 114.269784,22.539612,0 114.269784,22.539229,0 114.270799,22.538744,0</coordinates></LinearRing></outerBoundaryIs>
      </Polygon>
      <Polygon>
        <outerBoundaryIs><LinearRing><coordinates>114.285455,22.529293,0 114.285856,22.529896,0 114.285437,22.530226,0 114.284587,22.530088,0 114.284587,22.529448,0 114.285455,22.529293,0</coordinates></LinearRing></outerBoundaryIs>
      </Polygon>
      <Polygon>
        <outerBoundaryIs><LinearRing><coordinates>114.269644,22.54932,0 114.270003,22.549695,0 114.269377,22.549809,0 114.269644,22.54932,0</coordinates></LinearRing></outerBoundaryIs>
      </Polygon>
      <Polygon>
        <outerBoundaryIs><LinearRing><coordinates>114.277189,22.532574,0 114.277365,22.533157,0 114.276806,22.533169,0 114.277189,22.532574,0</coordinates></LinearRing></outerBoundaryIs>
      </Polygon>
      <Polygon>
        <outerBoundaryIs><LinearRing><coordinates>114.277547,22.529444,0 114.277917,22.529794,0 114.277899,22.530471,0 114.277292,22.530483,0 114.277164,22.529656,0 114.277547,22.529444,0</coordinates></LinearRing></outerBoundaryIs>
      </Polygon>
      <Polygon>
        <outerBoundaryIs><LinearRing><coordinates>114.29255,22.523114,0 114.293133,22.52355,0 114.292301,22.523742,0 114.29255,22.523114,0</coordinates></LinearRing></outerBoundaryIs>
      </Polygon>
      <Polygon>
        <outerBoundaryIs><LinearRing><coordinates>114.295569,22.506712,0 114.296018,22.507295,0 114.295557,22.507449,0 114.295569,22.506712,0</coordinates></LinearRing></outerBoundaryIs>
      </Polygon>
      <Polygon>
        <outerBoundaryIs><LinearRing><coordinates>114.272396,22.535162,0 114.272633,22.535451,0 114.272092,22.535953,0 114.271855,22.535541,0 114.272396,22.535162,0</coordinates></LinearRing></outerBoundaryIs>
      </Polygon>
      <Polygon>
        <outerBoundaryIs><LinearRing><coordinates>114.289167,22.522869,0 114.289367,22.523375,0 114.288766,22.523167,0 114.289167,22.522869,0</coordinates></LinearRing></outerBoundaryIs>
      </Polygon>
      <Polygon>
        <outerBoundaryIs><LinearRing><coordinates>114.341981,22.507841,0 114.33383,22.502456,0 114.332275,22.501559,0 114.329031,22.500662,0 114.326844,22.499427,0 114.323613,22.497861,0 114.322714,22.497193,0 114.322101,22.496467,0 114.321493,22.494959,0 114.321038,22.494233,0 114.319701,22.493116,0 114.314678,22.490821,0 114.311939,22.4897,0 114.309879,22.489141,0 114.307699,22.48897,0 114.306132,22.489076,0 114.304073,22.489687,0 114.290728,22.495521,0 114.287436,22.496357,0 114.2837,22.496687,0 114.280469,22.496683,0 114.271206,22.495701,0 114.26925,22.495309,0 114.267749,22.494804,0 114.266468,22.494527,0 114.261839,22.494025,0 114.25899,22.493911,0 114.256433,22.494078,0 114.254648,22.494523,0 114.253032,22.495583,0 114.2483,22.501131,0 114.247577,22.501689,0 114.246739,22.502024,0 114.244783,22.502195,0 114.243787,22.502582,0 114.243058,22.503418,0 114.242177,22.504812,0 114.241333,22.505595,0 114.240221,22.506096,0 114.2386,22.505819,0 114.238047,22.505264,0 114.237543,22.504205,0 114.236826,22.502142,0 114.236383,22.501306,0 114.234597,22.4993,0 114.233151,22.497181,0 114.232204,22.496402,0 114.230807,22.495676,0 114.229865,22.495008,0 114.229361,22.494396,0 114.227751,22.49133,0 114.226634,22.489606,0 114.225358,22.488155,0 114.222351,22.485623,0 114.221738,22.484673,0 114.221349,22.483225,0 114.220517,22.48261,0 114.219624,22.482781,0 114.217395,22.484065,0 114.216113,22.484514,0 114.214552,22.484738,0 114.208442,22.48497,0 114.205484,22.48453,0 114.204099,22.484811,0 114.201827,22.485761,0 114.200041,22.48599,0 114.195704,22.485941,0 114.194028,22.486332,0 114.192084,22.487201,0 114.191137,22.487425,0 114.184461,22.487384,0 114.17996,22.487001,0 114.177409,22.486393,0 114.175125,22.485505,0 114.173625,22.484502,0 114.172507,22.483393,0 114.171062,22.481721,0 114.169288,22.478602,0 114.16862,22.476873,0 114.16845,22.475254,0 114.167818,22.474504,0 114.167035,22.474423,0 114.164957,22.475124,0 114.164362,22.475136,0 114.162406,22.474211,0 114.161222,22.474349,0 114.160888,22.47534,0 114.161112,22.476718,0 114.160985,22.477852,0 114.160553,22.478325,0 114.158069,22.477966,0 114.153939,22.477709,0 114.152973,22.477452,0 114.152882,22.476922,0 114.153842,22.475373,0 114.15403,22.474786,0 114.153908,22.473081,0 114.15341,22.471964,0 114.152627,22.471467,0 114.148065,22.470305,0 114.140782,22.46524,0 114.135777,22.462178,0 114.132042,22.460343,0 114.129703,22.459621,0 114.129041,22.459597,0 114.120914,22.447538,0 114.116006,22.439904,0 114.115174,22.438117,0 114.114894,22.436502,0 114.11501,22.435136,0 114.115891,22.432681,0 114.118296,22.42872,0 114.119796,22.426546,0 114.121685,22.424315,0 114.123908,22.422361,0 114.128203,22.418898,0 114.129065,22.41805,0 114.129715,22.416341,0 114.129667,22.414889,0 114.12926,22.413808,0 114.130183,22.414685,0 114.141323,22.415537,0 114.144579,22.415223,0 114.146917,22.414579,0 114.148193,22.414607,0 114.150756,22.415378,0 114.151564,22.415435,0 114.152317,22.415211,0 114.152669,22.414766,0 114.153368,22.411148,0 114.153993,22.410924,0 114.157073,22.411266,0 114.161598,22.411238,0 114.163615,22.411287,0 114.168261,22.411629,0 114.172902,22.412041,0 114.17699,22.41238,0 114.177628,22.412796,0 114.178108,22.413881,0 114.179942,22.414187,0 114.179942,22.415187,0 114.180434,22.415688,0 114.186581,22.41608,0 114.190529,22.416394,0 114.190979,22.416643,0 114.191033,22.417385,0 114.191647,22.417858,0 114.200734,22.41847,0 114.202374,22.418633,0 114.203236,22.418935,0 114.20388,22.419494,0 114.204293,22.420191,0 114.205544,22.423842,0 114.206134,22.425094,0 114.207057,22.426387,0 114.208618,22.427725,0 114.214419,22.431608,0 114.212724,22.432799,0 114.205301,22.437175,0 114.204105,22.438195,0 114.20323,22.440413,0 114.203182,22.442073,0 114.204566,22.447477,0 114.205441,22.449504,0 114.207105,22.451119,0 114.208897,22.451763,0 114.210744,22.451669,0 114.212256,22.451111,0 114.212864,22.450328,0 114.212864,22.449447,0 114.212311,22.44797,0 114.212007,22.445838,0 114.212493,22.445214,0 114.213672,22.444908,0 114.216296,22.4447,0 114.218658,22.444679,0 114.218743,22.44408,0 114.219995,22.443868,0 114.221361,22.444006,0 114.222807,22.444826,0 114.226215,22.445544,0 114.227199,22.445589,0 114.22927,22.44536,0 114.230649,22.445593,0 114.232283,22.44627,0 114.234676,22.447469,0 114.23597,22.448382,0 114.237992,22.450421,0 114.238861,22.451686,0 114.239815,22.45421,0 114.239547,22.455144,0 114.238654,22.455845,0 114.237446,22.456449,0 114.235733,22.4564,0 114.234014,22.455633,0 114.233382,22.455111,0 114.232283,22.453614,0 114.231177,22.451159,0 114.230564,22.450132,0 114.229179,22.448872,0 114.228517,22.448492,0 114.227733,22.448386,0 114.22585,22.448635,0 114.224107,22.449206,0 114.22189,22.450238,0 114.221872,22.451094,0 114.22226,22.452738,0 114.2226,22.452974,0 114.224811,22.452758,0 114.22534,22.453117,0 114.225079,22.453769,0 114.224204,22.454185,0 114.223111,22.454279,0 114.221732,22.45496,0 114.221009,22.454821,0 114.220857,22.454185,0 114.220402,22.454446,0 114.219952,22.455327,0 114.219333,22.455719,0 114.217863,22.455837,0 114.215275,22.456636,0 114.21482,22.456975,0 114.21451,22.458051,0 114.214571,22.458965,0 114.215482,22.460959,0 114.215585,22.463234,0 114.215919,22.463907,0 114.216848,22.464571,0 114.218573,22.465562,0 114.219685,22.465721,0 114.221319,22.464567,0 114.222151,22.464359,0 114.225425,22.464502,0 114.229239,22.464971,0 114.230029,22.465285,0 114.231299,22.466231,0 114.232198,22.466578,0 114.234093,22.466574,0 114.234372,22.466227,0 114.234481,22.46511,0 114.235192,22.464392,0 114.236996,22.46356,0 114.246016,22.454043,0 114.246429,22.453117,0 114.246569,22.449377,0 114.246891,22.447762,0 114.247723,22.446376,0 114.24915,22.445405,0 114.251088,22.445128,0 114.253165,22.445499,0 114.255243,22.446653,0 114.259015,22.448549,0 114.26026,22.448876,0 114.262611,22.449761,0 114.265708,22.452579,0 114.266723,22.454397,0 114.268588,22.457468,0 114.270064,22.458887,0 114.272226,22.460143,0 114.276763,22.462031,0 114.279661,22.463503,0 114.280699,22.464359,0 114.281282,22.465668,0 114.282005,22.466203,0 114.284332,22.466419,0 114.285565,22.466741,0 114.28845,22.467972,0 114.293157,22.470317,0 114.295028,22.470561,0 114.295806,22.47099,0 114.29634,22.471658,0 114.300112,22.473693,0 114.301874,22.474765,0 114.303799,22.475291,0 114.30875,22.476951,0 114.311823,22.478667,0 114.313779,22.480037,0 114.31517,22.48188,0 114.315225,22.483576,0 114.315789,22.484033,0 114.317016,22.483764,0 114.318298,22.48433,0 114.321457,22.486316,0 114.323145,22.488081,0 114.324184,22.488697,0 114.325447,22.489765,0 114.32716,22.491697,0 114.330829,22.496353,0 114.333022,22.497556,0 114.334625,22.498656,0 114.340991,22.503304,0 114.342279,22.504857,0 114.342497,22.505472,0 114.342333,22.506805,0 114.341981,22.507841,0</coordinates></LinearRing></outerBoundaryIs>
      </Polygon>
      <Polygon>
        <outerBoundaryIs><LinearRing><coordinates>114.25571,22.434683,0 114.255874,22.430939,0 114.255777,22.427032,0 114.255316,22.425535,0 114.253645,22.422137,0 114.253724,22.420901,0 114.25517,22.418935,0 114.255437,22.417883,0 114.254362,22.407677,0 114.254241,22.405878,0 114.254344,22.404617,0 114.254751,22.402887,0 114.255419,22.401827,0 114.257484,22.399098,0 114.258043,22.397425,0 114.25777,22.39348,0 114.257964,22.392256,0 114.258353,22.391489,0 114.259707,22.389763,0 114.259956,22.388784,0 114.259428,22.385051,0 114.259568,22.383248,0 114.263024,22.386332,0 114.264141,22.386948,0 114.265921,22.387617,0 114.268041,22.387899,0 114.278021,22.388853,0 114.278914,22.389074,0 114.279582,22.38969,0 114.281197,22.394149,0 114.281981,22.394932,0 114.282649,22.39521,0 114.283712,22.395324,0 114.288286,22.394798,0 114.289015,22.394855,0 114.289689,22.395414,0 114.292034,22.401329,0 114.292362,22.402553,0 114.292422,22.403781,0 114.291918,22.406902,0 114.292034,22.408631,0 114.292477,22.410079,0 114.293309,22.41114,0 114.294652,22.411923,0 114.296601,22.412152,0 114.299061,22.412099,0 114.304528,22.411772,0 114.305536,22.411997,0 114.306545,22.412609,0 114.307328,22.413392,0 114.307772,22.414228,0 114.307996,22.415178,0 114.307608,22.419751,0 114.307717,22.421533,0 114.308045,22.422704,0 114.309333,22.423491,0 114.31028,22.423601,0 114.31989,22.422366,0 114.322058,22.421754,0 114.323297,22.420975,0 114.32597,22.41836,0 114.327816,22.417026,0 114.329547,22.416137,0 114.333004,22.414693,0 114.335354,22.413975,0 114.336691,22.413808,0 114.338203,22.413979,0 114.339989,22.414705,0 114.3439,22.416749,0 114.345516,22.41681,0 114.346245,22.416418,0 114.352107,22.411413,0 114.354506,22.409965,0 114.358806,22.408525,0 114.359699,22.408023,0 114.360143,22.407359,0 114.360203,22.405796,0 114.360701,22.405405,0 114.362718,22.4058,0 114.36595,22.407367,0 114.367122,22.408313,0 114.367905,22.409321,0 114.368634,22.410659,0 114.370025,22.415676,0 114.370584,22.416794,0 114.371817,22.418523,0 114.372145,22.419584,0 114.372206,22.420922,0 114.372036,22.432044,0 114.371538,22.433855,0 114.369776,22.436502,0 114.369521,22.437114,0 114.369217,22.440291,0 114.373901,22.441086,0 114.37333,22.442571,0 114.373354,22.443423,0 114.374022,22.444545,0 114.375735,22.446604,0 114.376172,22.447832,0 114.37633,22.449867,0 114.376057,22.452191,0 114.375449,22.453765,0 114.374271,22.455392,0 114.371331,22.457248,0 114.368889,22.45839,0 114.365761,22.459617,0 114.364771,22.459825,0 114.363921,22.459535,0 114.363787,22.458973,0 114.364079,22.457582,0 114.363465,22.455217,0 114.363441,22.454283,0 114.364109,22.452493,0 114.363945,22.451237,0 114.362633,22.451102,0 114.361643,22.450646,0 114.361139,22.449659,0 114.360252,22.449202,0 114.35846,22.449439,0 114.356802,22.448717,0 114.356267,22.447991,0 114.356182,22.446551,0 114.357014,22.444373,0 114.356942,22.442289,0 114.357148,22.441755,0 114.358138,22.441649,0 114.358563,22.441143,0 114.357926,22.437697,0 114.357288,22.43649,0 114.356298,22.435315,0 114.355654,22.435205,0 114.354816,22.435446,0 114.352872,22.437636,0 114.351827,22.438007,0 114.350734,22.438003,0 114.348322,22.437546,0 114.347247,22.437705,0 114.347035,22.43877,0 114.347594,22.440829,0 114.347654,22.442167,0 114.347436,22.444329,0 114.347223,22.444838,0 114.346099,22.446249,0 114.345407,22.447958,0 114.345273,22.449683,0 114.345832,22.454014,0 114.346099,22.454972,0 114.347114,22.455939,0 114.348377,22.456261,0 114.350546,22.456612,0 114.352252,22.457285,0 114.353492,22.458916,0 114.353813,22.459931,0 114.353516,22.461317,0 114.351937,22.465338,0 114.35108,22.46734,0 114.350491,22.472229,0 114.347891,22.476963,0 114.346962,22.477497,0 114.34613,22.477579,0 114.344362,22.476877,0 114.343961,22.4764,0 114.343238,22.474125,0 114.342844,22.473697,0 114.341823,22.473212,0 114.341368,22.472254,0 114.342084,22.469489,0 114.342169,22.467405,0 114.34203,22.466145,0 114.341635,22.465611,0 114.340292,22.464731,0 114.340001,22.463552,0 114.339418,22.462912,0 114.338634,22.462561,0 114.337614,22.462504,0 114.336684,22.462932,0 114.336575,22.464506,0 114.337504,22.466932,0 114.337565,22.467622,0 114.33728,22.468861,0 114.336782,22.470223,0 114.336101,22.471324,0 114.335324,22.471903,0 114.334625,22.472046,0 114.333338,22.471577,0 114.332068,22.470598,0 114.3314,22.470358,0 114.330452,22.4705,0 114.329717,22.471287,0 114.329377,22.472857,0 114.329608,22.475409,0 114.32942,22.47629,0 114.328897,22.477342,0 114.327749,22.478451,0 114.325739,22.47883,0 114.324299,22.478529,0 114.321724,22.477456,0 114.317824,22.475153,0 114.315273,22.47205,0 114.314581,22.471405,0 114.311477,22.469664,0 114.310031,22.468539,0 114.309065,22.467149,0 114.307845,22.464796,0 114.305409,22.460877,0 114.304467,22.458606,0 114.304224,22.457456,0 114.303587,22.456705,0 114.302651,22.456493,0 114.299438,22.45686,0 114.296474,22.456522,0 114.295885,22.456118,0 114.295162,22.454304,0 114.294652,22.452591,0 114.293479,22.452057,0 114.29128,22.452322,0 114.290454,22.451947,0 114.289167,22.450609,0 114.287703,22.449671,0 114.283985,22.44658,0 114.282194,22.444924,0 114.281125,22.443187,0 114.280535,22.441984,0 114.280323,22.440609,0 114.280456,22.439271,0 114.280238,22.437428,0 114.279065,22.43585,0 114.277626,22.435262,0 114.276047,22.435393,0 114.27471,22.43574,0 114.273186,22.436302,0 114.271959,22.436592,0 114.270386,22.43678,0 114.265818,22.436058,0 114.258401,22.435124,0 114.25571,22.434683,0</coordinates></LinearRing></outerBoundaryIs>
      </Polygon>
      <Polygon>
        <outerBoundaryIs><LinearRing><coordinates>114.366138,22.462121,0 114.368094,22.463099,0 114.369296,22.465216,0 114.369132,22.467467,0 114.36943,22.468152,0 114.371872,22.470011,0 114.372394,22.471968,0 114.372333,22.473925,0 114.371483,22.475259,0 114.370341,22.475976,0 114.369132,22.476461,0 114.368804,22.476983,0 114.369102,22.478643,0 114.369879,22.479984,0 114.369752,22.481611,0 114.368841,22.482716,0 114.367869,22.483009,0 114.366848,22.48294,0 114.365482,22.483755,0 114.364467,22.483947,0 114.363429,22.483719,0 114.362384,22.482936,0 114.361011,22.480816,0 114.360452,22.480294,0 114.358497,22.479246,0 114.358011,22.478239,0 114.358235,22.477615,0 114.359906,22.476641,0 114.36058,22.475764,0 114.360914,22.474655,0 114.360689,22.473513,0 114.361692,22.472441,0 114.36205,22.469444,0 114.362706,22.468502,0 114.362973,22.467589,0 114.362572,22.465077,0 114.362512,22.463809,0 114.363034,22.462896,0 114.364431,22.462149,0 114.366138,22.462121,0</coordinates></LinearRing></outerBoundaryIs>
      </Polygon>
      <Polygon>
        <outerBoundaryIs><LinearRing><coordinates>114.226318,22.436747,0 114.226069,22.435699,0 114.226111,22.434973,0 114.226597,22.434887,0 114.226974,22.435972,0 114.227454,22.436637,0 114.227071,22.438468,0 114.226506,22.438268,0 114.226318,22.436747,0</coordinates></LinearRing></outerBoundaryIs>
      </Polygon>
      <Polygon>
        <outerBoundaryIs><LinearRing><coordinates>114.362894,22.492982,0 114.363981,22.493434,0 114.365372,22.493361,0 114.365834,22.493715,0 114.366223,22.494678,0 114.36666,22.496826,0 114.36711,22.497813,0 114.367857,22.498828,0 114.369873,22.500846,0 114.370414,22.501922,0 114.369916,22.502472,0 114.368841,22.501861,0 114.368009,22.501783,0 114.36533,22.502464,0 114.364042,22.502448,0 114.362384,22.501791,0 114.361382,22.500907,0 114.36109,22.499773,0 114.361011,22.498607,0 114.359705,22.498143,0 114.359475,22.497666,0 114.359766,22.497038,0 114.361503,22.494845,0 114.362299,22.493177,0 114.362894,22.492982,0</coordinates></LinearRing></outerBoundaryIs>
      </Polygon>
      <Polygon>
        <outerBoundaryIs><LinearRing><coordinates>114.224459,22.457986,0 114.224708,22.457488,0 114.225735,22.45695,0 114.227022,22.457072,0 114.227539,22.457419,0 114.227521,22.458883,0 114.227715,22.460017,0 114.227302,22.460706,0 114.226123,22.45976,0 114.224241,22.459666,0 114.224155,22.459148,0 114.224459,22.457986,0</coordinates></LinearRing></outerBoundaryIs>
      </Polygon>
      <Polygon>
        <outerBoundaryIs><LinearRing><coordinates>114.442532,22.534265,0 114.445132,22.53506,0 114.446614,22.536755,0 114.447264,22.538524,0 114.446577,22.539686,0 114.444846,22.540411,0 114.442101,22.540415,0 114.44012,22.540741,0 114.438353,22.542551,0 114.436512,22.544654,0 114.436081,22.5474,0 114.436367,22.549784,0 114.436263,22.550978,0 114.435498,22.551883,0 114.434016,22.55192,0 114.42991,22.550118,0 114.42861,22.54835,0 114.428142,22.54542,0 114.428646,22.5439,0 114.429691,22.539816,0 114.431064,22.537717,0 114.433731,22.536413,0 114.438894,22.534379,0 114.442532,22.534265,0</coordinates></LinearRing></outerBoundaryIs>
      </Polygon>
      <Polygon>
        <outerBoundaryIs><LinearRing><coordinates>114.335968,22.473815,0 114.336375,22.473885,0 114.336751,22.474582,0 114.337019,22.477146,0 114.336271,22.478125,0 114.335767,22.478149,0 114.335342,22.477248,0 114.335354,22.475148,0 114.334686,22.474802,0 114.334704,22.474476,0 114.335968,22.473815,0</coordinates></LinearRing></outerBoundaryIs>
      </Polygon>
      <Polygon>
        <outerBoundaryIs><LinearRing><coordinates>114.262617,22.443199,0 114.262896,22.443664,0 114.262356,22.444194,0 114.262617,22.443199,0</coordinates></LinearRing></outerBoundaryIs>
      </Polygon>
      <Polygon>
        <outerBoundaryIs><LinearRing><coordinates>114.295763,22.460233,0 114.296067,22.46053,0 114.295617,22.461424,0 114.295283,22.460771,0 114.295763,22.460233,0</coordinates></LinearRing></outerBoundaryIs>
      </Polygon>
      <Polygon>
        <outerBoundaryIs><LinearRing><coordinates>114.377023,22.479739,0 114.37763,22.47976,0 114.377691,22.480318,0 114.375316,22.481684,0 114.374836,22.481493,0 114.374806,22.480734,0 114.375243,22.480412,0 114.377023,22.479739,0</coordinates></LinearRing></outerBoundaryIs>
      </Polygon>
      <Polygon>
        <outerBoundaryIs><LinearRing><coordinates>114.336435,22.471666,0 114.336879,22.471715,0 114.33728,22.472294,0 114.337006,22.47289,0 114.336314,22.473053,0 114.335919,22.472514,0 114.336083,22.471805,0 114.336435,22.471666,0</coordinates></LinearRing></outerBoundaryIs>
      </Polygon>
      <Polygon>
        <outerBoundaryIs><LinearRing><coordinates>114.338877,22.476408,0 114.339393,22.477187,0 114.339078,22.477758,0 114.338367,22.477872,0 114.337893,22.477318,0 114.338009,22.476963,0 114.338877,22.476408,0</coordinates></LinearRing></outerBoundaryIs>
      </Polygon>
      <Polygon>
        <outerBoundaryIs><LinearRing><coordinates>114.433597,22.461958,0 114.433797,22.462496,0 114.433439,22.463291,0 114.432619,22.464376,0 114.432018,22.464384,0 114.432078,22.463532,0 114.43254,22.4627,0 114.433597,22.461958,0</coordinates></LinearRing></outerBoundaryIs>
      </Polygon>
      <Polygon>
        <outerBoundaryIs><LinearRing><coordinates>114.373901,22.441086,0 114.369217,22.440291,0 114.369521,22.437114,0 114.369776,22.436502,0 114.371538,22.433855,0 114.372036,22.432044,0 114.372206,22.420922,0 114.372145,22.419584,0 114.371817,22.418523,0 114.370584,22.416794,0 114.370025,22.415676,0 114.368634,22.410659,0 114.367905,22.409321,0 114.367122,22.408313,0 114.36595,22.407367,0 114.362718,22.4058,0 114.360701,22.405405,0 114.360203,22.405796,0 114.360143,22.407359,0 114.359699,22.408023,0 114.358806,22.408525,0 114.354506,22.409965,0 114.352107,22.411413,0 114.346245,22.416418,0 114.345516,22.41681,0 114.3439,22.416749,0 114.339989,22.414705,0 114.338203,22.413979,0 114.336691,22.413808,0 114.335354,22.413975,0 114.333004,22.414693,0 114.329547,22.416137,0 114.327816,22.417026,0 114.32597,22.41836,0 114.323297,22.420975,0 114.322058,22.421754,0 114.31989,22.422366,0 114.31028,22.423601,0 114.309333,22.423491,0 114.308045,22.422704,0 114.307717,22.421533,0 114.307608,22.419751,0 114.307996,22.415178,0 114.307772,22.414228,0 114.307328,22.413392,0 114.306545,22.412609,0 114.305536,22.411997,0 114.304528,22.411772,0 114.299061,22.412099,0 114.296601,22.412152,0 114.294652,22.411923,0 114.293309,22.41114,0 114.292477,22.410079,0 114.292034,22.408631,0 114.291918,22.406902,0 114.292422,22.403781,0 114.292362,22.402553,0 114.292034,22.401329,0 114.289689,22.395414,0 114.289015,22.394855,0 114.288286,22.394798,0 114.283712,22.395324,0 114.282649,22.39521,0 114.281981,22.394932,0 114.281197,22.394149,0 114.279582,22.38969,0 114.278914,22.389074,0 114.278021,22.388853,0 114.268041,22.387899,0 114.265921,22.387617,0 114.264141,22.386948,0 114.263024,22.386332,0 114.259568,22.383248,0 114.259817,22.381954,0 114.260685,22.379363,0 114.260618,22.378645,0 114.259914,22.378103,0 114.251695,22.376817,0 114.250967,22.375928,0 114.250827,22.373267,0 114.25062,22.372162,0 114.250177,22.371105,0 114.249478,22.370113,0 114.248324,22.36895,0 114.244735,22.365943,0 114.24078,22.363156,0 114.238551,22.361846,0 114.236377,22.360912,0 114.234488,22.360385,0 114.2317,22.360067,0 114.229968,22.360096,0 114.2293,22.359598,0 114.228559,22.357786,0 114.228632,22.356447,0 114.22944,22.354999,0 114.229337,22.354635,0 114.228322,22.354566,0 114.227429,22.352693,0 114.227089,22.350436,0 114.22712,22.348261,0 114.227648,22.345249,0 114.230637,22.332989,0 114.231542,22.331605,0 114.232325,22.331307,0 114.234949,22.33145,0 114.238442,22.320691,0 114.23897,22.320078,0 114.241376,22.319797,0 114.243101,22.318417,0 114.243817,22.318642,0 114.244176,22.32083,0 114.244747,22.32116,0 114.244929,22.320825,0 114.244886,22.316482,0 114.245409,22.315715,0 114.24629,22.315923,0 114.24813,22.317033,0 114.248816,22.317103,0 114.24909,22.316715,0 114.248999,22.315772,0 114.248683,22.315045,0 114.246757,22.311637,0 114.245214,22.309449,0 114.244911,22.308359,0 114.24485,22.306452,0 114.245154,22.305705,0 114.248355,22.303076,0 114.249916,22.301599,0 114.251513,22.299668,0 114.252661,22.297532,0 114.252831,22.29663,0 114.252661,22.296014,0 114.252005,22.295397,0 114.250244,22.294948,0 114.249254,22.294168,0 114.246174,22.287473,0 114.245846,22.285791,0 114.246217,22.284313,0 114.246715,22.283729,0 114.248501,22.28299,0 114.24915,22.282557,0 114.249582,22.281924,0 114.2498,22.280907,0 114.250371,22.282977,0 114.252005,22.285035,0 114.256324,22.289735,0 114.261481,22.294266,0 114.262289,22.294585,0 114.263807,22.294638,0 114.26501,22.294397,0 114.26648,22.293654,0 114.267391,22.29296,0 114.268241,22.29189,0 114.269013,22.290355,0 114.269499,22.287897,0 114.270695,22.286403,0 114.270537,22.285709,0 114.269547,22.28421,0 114.268187,22.281859,0 114.267391,22.280029,0 114.266929,22.278,0 114.266796,22.27573,0 114.267014,22.27386,0 114.267865,22.270773,0 114.268405,22.270189,0 114.269444,22.269625,0 114.270963,22.269213,0 114.271789,22.268466,0 114.272299,22.266465,0 114.276283,22.259694,0 114.276763,22.25927,0 114.278422,22.258763,0 114.280207,22.258657,0 114.28144,22.258927,0 114.282619,22.259543,0 114.283184,22.260315,0 114.28353,22.261626,0 114.284356,22.263161,0 114.285407,22.264468,0 114.287211,22.265195,0 114.287539,22.265799,0 114.287539,22.26718,0 114.287861,22.267645,0 114.288984,22.267731,0 114.292058,22.267192,0 114.292665,22.266951,0 114.293795,22.265497,0 114.295283,22.263284,0 114.297543,22.261704,0 114.299268,22.260372,0 114.300513,22.259719,0 114.301163,22.258477,0 114.302821,22.257073,0 114.303854,22.256791,0 114.304978,22.257114,0 114.305822,22.257755,0 114.306466,22.258894,0 114.306569,22.260287,0 114.307195,22.260968,0 114.309715,22.260936,0 114.311167,22.261483,0 114.312303,22.262569,0 114.313044,22.264248,0 114.313044,22.266061,0 114.311957,22.268049,0 114.309072,22.270401,0 114.308871,22.270867,0 114.308762,22.272994,0 114.308901,22.274342,0 114.309327,22.276632,0 114.308829,22.277955,0 114.307359,22.278898,0 114.306472,22.279074,0 114.304814,22.279058,0 114.303963,22.279188,0 114.303483,22.279617,0 114.303374,22.280605,0 114.303775,22.281483,0 114.304607,22.282259,0 114.308185,22.283949,0 114.309102,22.284794,0 114.309794,22.285917,0 114.310809,22.287064,0 114.311987,22.287685,0 114.314769,22.28862,0 114.315522,22.288971,0 114.316427,22.289694,0 114.317393,22.291457,0 114.317758,22.294589,0 114.317618,22.295895,0 114.316409,22.297728,0 114.315534,22.300019,0 114.3137,22.301052,0 114.311343,22.303709,0 114.310894,22.304734,0 114.31076,22.306089,0 114.310475,22.307036,0 114.309345,22.307718,0 114.308561,22.308906,0 114.306101,22.308473,0 114.304188,22.308837,0 114.301564,22.308526,0 114.299802,22.308951,0 114.298436,22.310298,0 114.297093,22.312482,0 114.296049,22.31507,0 114.295387,22.316029,0 114.295338,22.318282,0 114.29498,22.319013,0 114.293686,22.320417,0 114.290892,22.321736,0 114.288833,22.322054,0 114.286852,22.322185,0 114.284635,22.322609,0 114.283299,22.323115,0 114.281507,22.324209,0 114.280377,22.325328,0 114.279284,22.326875,0 114.278397,22.328691,0 114.27629,22.336372,0 114.27536,22.341111,0 114.274716,22.343674,0 114.274504,22.345894,0 114.275172,22.346694,0 114.276909,22.346804,0 114.278002,22.346404,0 114.280305,22.346188,0 114.2811,22.346461,0 114.281793,22.347343,0 114.282789,22.349747,0 114.28407,22.351163,0 114.284392,22.35242,0 114.284289,22.354023,0 114.28469,22.356321,0 114.284228,22.357921,0 114.281513,22.359908,0 114.28025,22.362075,0 114.279685,22.364021,0 114.279478,22.367575,0 114.279855,22.368938,0 114.281161,22.372933,0 114.281131,22.374026,0 114.281295,22.375842,0 114.282042,22.37809,0 114.282522,22.379078,0 114.283882,22.380416,0 114.283967,22.381016,0 114.283086,22.383578,0 114.282929,22.385316,0 114.28319,22.386703,0 114.284156,22.388148,0 114.285146,22.388898,0 114.286986,22.389678,0 114.288663,22.389963,0 114.290035,22.389767,0 114.291074,22.389416,0 114.292167,22.388674,0 114.294822,22.385369,0 114.29603,22.38457,0 114.297069,22.384251,0 114.30044,22.384361,0 114.301212,22.384231,0 114.301807,22.383509,0 114.301892,22.382032,0 114.302256,22.381261,0 114.303404,22.380999,0 114.303994,22.381057,0 114.305233,22.381722,0 114.30584,22.381869,0 114.307122,22.38175,0 114.308586,22.381077,0 114.310651,22.381093,0 114.31186,22.381628,0 114.313967,22.381367,0 114.315383,22.381681,0 114.315729,22.382444,0 114.315358,22.383427,0 114.314271,22.384423,0 114.314192,22.384863,0 114.314763,22.386634,0 114.315219,22.38727,0 114.314921,22.387989,0 114.315759,22.388543,0 114.318608,22.389151,0 114.320527,22.389176,0 114.321517,22.388605,0 114.322204,22.386781,0 114.322362,22.38583,0 114.323832,22.385312,0 114.323929,22.384557,0 114.323151,22.38237,0 114.32238,22.380881,0 114.322319,22.379527,0 114.323048,22.378796,0 114.324008,22.378592,0 114.325666,22.379045,0 114.326753,22.378649,0 114.328387,22.377376,0 114.330349,22.376124,0 114.332396,22.375287,0 114.336478,22.373859,0 114.337626,22.373594,0 114.338306,22.372566,0 114.338428,22.371713,0 114.338306,22.369069,0 114.337668,22.36722,0 114.336113,22.365335,0 114.33488,22.36245,0 114.334801,22.361405,0 114.335044,22.3599,0 114.335524,22.358937,0 114.336861,22.357174,0 114.338689,22.355578,0 114.340633,22.354407,0 114.341252,22.353819,0 114.341331,22.353391,0 114.340584,22.351856,0 114.340505,22.350812,0 114.34138,22.3486,0 114.345504,22.343531,0 114.346336,22.34329,0 114.347673,22.343188,0 114.348985,22.343323,0 114.350108,22.343645,0 114.351129,22.344155,0 114.352866,22.345853,0 114.35464,22.347877,0 114.355059,22.348065,0 114.355891,22.347816,0 114.355818,22.347229,0 114.355302,22.346384,0 114.355405,22.345237,0 114.356049,22.344384,0 114.356905,22.341984,0 114.357288,22.34025,0 114.35829,22.339299,0 114.358843,22.335797,0 114.359389,22.333715,0 114.359924,22.332981,0 114.361279,22.332348,0 114.36273,22.332458,0 114.363757,22.332973,0 114.364449,22.334046,0 114.365257,22.336585,0 114.365877,22.337438,0 114.366733,22.337976,0 114.367237,22.339258,0 114.367055,22.340139,0 114.366016,22.341348,0 114.365676,22.342001,0 114.3655,22.343188,0 114.365518,22.345217,0 114.365275,22.346751,0 114.365494,22.347686,0 114.365816,22.347898,0 114.3668,22.347755,0 114.367656,22.347057,0 114.369315,22.346176,0 114.370542,22.34611,0 114.370766,22.346767,0 114.37121,22.34698,0 114.37209,22.346755,0 114.372704,22.347555,0 114.372133,22.349367,0 114.372431,22.349832,0 114.372965,22.349836,0 114.375862,22.348698,0 114.376512,22.348832,0 114.378893,22.350114,0 114.379732,22.350877,0 114.379707,22.352448,0 114.380473,22.35286,0 114.380977,22.353823,0 114.382532,22.354334,0 114.383388,22.355015,0 114.384451,22.354942,0 114.384573,22.355252,0 114.383698,22.356268,0 114.382599,22.35666,0 114.381517,22.356819,0 114.381299,22.357423,0 114.382344,22.359402,0 114.383382,22.359753,0 114.385132,22.359953,0 114.386006,22.360475,0 114.386395,22.361136,0 114.386632,22.362593,0 114.386577,22.364368,0 114.387051,22.365596,0 114.387944,22.365719,0 114.388733,22.365278,0 114.390167,22.363662,0 114.391248,22.36283,0 114.392275,22.362262,0 114.393441,22.361952,0 114.394419,22.36194,0 114.395178,22.362262,0 114.396557,22.363838,0 114.396903,22.365021,0 114.39694,22.366106,0 114.396618,22.367579,0 114.396114,22.368661,0 114.394631,22.371284,0 114.394692,22.372007,0 114.395184,22.372541,0 114.396593,22.373557,0 114.397486,22.375295,0 114.397389,22.376389,0 114.396484,22.380269,0 114.396393,22.38111,0 114.396599,22.384749,0 114.39649,22.385337,0 114.395075,22.38714,0 114.393568,22.388409,0 114.392226,22.389245,0 114.39174,22.389363,0 114.390404,22.389176,0 114.389748,22.389306,0 114.387962,22.391032,0 114.386,22.393982,0 114.384366,22.39512,0 114.38156,22.396519,0 114.380946,22.39696,0 114.380369,22.398057,0 114.380503,22.399077,0 114.380977,22.40024,0 114.382173,22.404976,0 114.382842,22.405564,0 114.384075,22.405821,0 114.384925,22.406636,0 114.384725,22.408994,0 114.384822,22.409835,0 114.385611,22.411397,0 114.386583,22.412817,0 114.388175,22.414297,0 114.390228,22.415582,0 114.391783,22.416092,0 114.39352,22.416198,0 114.394777,22.41601,0 114.395925,22.415505,0 114.396861,22.414652,0 114.398434,22.412327,0 114.400493,22.409455,0 114.401477,22.408656,0 114.403008,22.407856,0 114.404818,22.407587,0 114.407302,22.407664,0 114.409228,22.407934,0 114.410321,22.408227,0 114.411311,22.408978,0 114.41176,22.409671,0 114.411924,22.41063,0 114.411578,22.411997,0 114.410054,22.414934,0 114.408371,22.417671,0 114.40602,22.419567,0 114.405413,22.420746,0 114.405437,22.421945,0 114.405735,22.42363,0 114.405498,22.424385,0 114.404629,22.426,0 114.404198,22.428439,0 114.404198,22.429267,0 114.404787,22.430894,0 114.405862,22.431959,0 114.406142,22.433137,0 114.405784,22.433974,0 114.404927,22.434214,0 114.402358,22.433953,0 114.401708,22.434288,0 114.400845,22.435907,0 114.400086,22.436588,0 114.399157,22.436649,0 114.397942,22.436217,0 114.397687,22.436425,0 114.39776,22.438105,0 114.397359,22.438811,0 114.396004,22.438737,0 114.395451,22.437893,0 114.394583,22.437391,0 114.392809,22.437391,0 114.391479,22.437081,0 114.387039,22.435315,0 114.38518,22.435197,0 114.384482,22.435356,0 114.382744,22.436315,0 114.381627,22.436604,0 114.377472,22.436282,0 114.376379,22.436359,0 114.375735,22.436735,0 114.375285,22.437428,0 114.373901,22.441086,0</coordinates></LinearRing></outerBoundaryIs>
      </Polygon>
      <Polygon>
        <outerBoundaryIs><LinearRing><coordinates>114.295702,22.254704,0 114.293321,22.25234,0 114.292289,22.251633,0 114.291675,22.251776,0 114.29108,22.252446,0 114.29057,22.25263,0 114.289659,22.252429,0 114.287114,22.250657,0 114.285036,22.24808,0 114.284617,22.246749,0 114.285115,22.245013,0 114.28503,22.243878,0 114.284362,22.242881,0 114.284769,22.241721,0 114.287843,22.239748,0 114.289452,22.239197,0 114.290716,22.239087,0 114.292088,22.238666,0 114.292234,22.237955,0 114.291536,22.237359,0 114.291177,22.23673,0 114.291305,22.235521,0 114.292289,22.234717,0 114.293698,22.234614,0 114.294342,22.234958,0 114.295052,22.236011,0 114.294967,22.237902,0 114.295338,22.238401,0 114.297276,22.238985,0 114.298211,22.238989,0 114.298569,22.238646,0 114.300191,22.238323,0 114.30061,22.238446,0 114.301151,22.23934,0 114.301193,22.240451,0 114.301594,22.241631,0 114.301467,22.242995,0 114.301005,22.243943,0 114.301558,22.244707,0 114.303222,22.244568,0 114.30341,22.244927,0 114.303253,22.246348,0 114.303362,22.24748,0 114.302803,22.247831,0 114.301606,22.247958,0 114.301309,22.248484,0 114.301552,22.249166,0 114.300714,22.249975,0 114.300695,22.250518,0 114.301278,22.250633,0 114.301382,22.251498,0 114.302347,22.251372,0 114.302706,22.252184,0 114.302347,22.253038,0 114.301552,22.253446,0 114.301351,22.253916,0 114.300683,22.2543,0 114.301297,22.25501,0 114.301285,22.25599,0 114.2999,22.256346,0 114.298648,22.255603,0 114.296942,22.255259,0 114.295702,22.254704,0</coordinates></LinearRing></outerBoundaryIs>
      </Polygon>
      <Polygon>
        <outerBoundaryIs><LinearRing><coordinates>114.327604,22.339278,0 114.328697,22.339499,0 114.32973,22.340841,0 114.330003,22.342245,0 114.329687,22.343298,0 114.32914,22.344045,0 114.329256,22.344417,0 114.331181,22.344992,0 114.33154,22.345914,0 114.331139,22.346837,0 114.331455,22.347384,0 114.33239,22.347784,0 114.332682,22.348771,0 114.331843,22.350701,0 114.331916,22.351481,0 114.333076,22.353326,0 114.33284,22.354048,0 114.332044,22.354905,0 114.32914,22.356917,0 114.327446,22.357704,0 114.325605,22.358227,0 114.324767,22.358312,0 114.324639,22.358818,0 114.32487,22.360116,0 114.324311,22.361434,0 114.324542,22.361761,0 114.325575,22.361895,0 114.326067,22.362291,0 114.325733,22.364421,0 114.324743,22.366886,0 114.323364,22.368465,0 114.322671,22.368816,0 114.322501,22.369428,0 114.322726,22.371688,0 114.322022,22.373117,0 114.322817,22.374961,0 114.322368,22.376234,0 114.321335,22.376821,0 114.319883,22.376932,0 114.31698,22.378221,0 114.314878,22.377756,0 114.312194,22.378588,0 114.311289,22.378409,0 114.310438,22.377727,0 114.309181,22.377748,0 114.307778,22.378192,0 114.306253,22.378192,0 114.305336,22.377903,0 114.305002,22.377352,0 114.304959,22.375948,0 114.305075,22.373557,0 114.305682,22.372549,0 114.307419,22.372047,0 114.308209,22.371015,0 114.308986,22.370403,0 114.309157,22.369897,0 114.308829,22.368885,0 114.308768,22.367967,0 114.307687,22.368053,0 114.306873,22.367461,0 114.306958,22.366865,0 114.307486,22.366208,0 114.306539,22.365568,0 114.306587,22.365066,0 114.307316,22.364233,0 114.308209,22.363838,0 114.309114,22.363842,0 114.309229,22.365025,0 114.309971,22.365049,0 114.310165,22.363797,0 114.309776,22.36336,0 114.308914,22.362985,0 114.30878,22.362511,0 114.309794,22.361699,0 114.310165,22.360055,0 114.310147,22.359067,0 114.309788,22.357574,0 114.309746,22.35639,0 114.310651,22.35457,0 114.310475,22.354129,0 114.308294,22.352481,0 114.307462,22.351118,0 114.307486,22.349494,0 114.307905,22.347869,0 114.311283,22.342992,0 114.313943,22.340911,0 114.316233,22.340037,0 114.317594,22.340282,0 114.318614,22.341576,0 114.319507,22.341645,0 114.320631,22.340878,0 114.322325,22.340246,0 114.324785,22.339678,0 114.327604,22.339278,0</coordinates></LinearRing></outerBoundaryIs>
      </Polygon>
      <Polygon>
        <outerBoundaryIs><LinearRing><coordinates>114.365488,22.314449,0 114.365682,22.313119,0 114.366235,22.312388,0 114.366557,22.311037,0 114.366982,22.310363,0 114.368088,22.309192,0 114.368993,22.308837,0 114.3696,22.308073,0 114.369776,22.307028,0 114.369509,22.305816,0 114.369618,22.305195,0 114.370633,22.304273,0 114.37209,22.303774,0 114.372801,22.30413,0 114.372607,22.306106,0 114.373123,22.307493,0 114.374617,22.307816,0 114.375759,22.307832,0 114.375862,22.308543,0 114.375079,22.308918,0 114.374812,22.309628,0 114.373463,22.310853,0 114.373737,22.311874,0 114.374429,22.311894,0 114.374593,22.313033,0 114.373846,22.313707,0 114.373275,22.315503,0 114.372886,22.316299,0 114.370803,22.31756,0 114.371495,22.318254,0 114.370906,22.318678,0 114.369412,22.318393,0 114.368586,22.318454,0 114.366575,22.318238,0 114.365682,22.317793,0 114.365221,22.316972,0 114.365202,22.315923,0 114.365488,22.314449,0</coordinates></LinearRing></outerBoundaryIs>
      </Polygon>
      <Polygon>
        <outerBoundaryIs><LinearRing><coordinates>114.297549,22.326544,0 114.29702,22.325503,0 114.297209,22.324503,0 114.298873,22.322283,0 114.30044,22.320038,0 114.30386,22.319099,0 114.305767,22.319217,0 114.306581,22.318785,0 114.307037,22.319217,0 114.306429,22.320238,0 114.30632,22.32105,0 114.307189,22.32203,0 114.307018,22.322952,0 114.306168,22.323915,0 114.305354,22.324536,0 114.304279,22.325854,0 114.303538,22.326989,0 114.302086,22.327324,0 114.299796,22.329793,0 114.299177,22.330095,0 114.298399,22.329585,0 114.297986,22.327393,0 114.297549,22.326544,0</coordinates></LinearRing></outerBoundaryIs>
      </Polygon>
      <Polygon>
        <outerBoundaryIs><LinearRing><coordinates>114.301133,22.350236,0 114.302396,22.350526,0 114.303119,22.351383,0 114.303082,22.353158,0 114.30208,22.355472,0 114.30188,22.35859,0 114.301394,22.359594,0 114.30171,22.360279,0 114.302918,22.361569,0 114.302943,22.363172,0 114.30191,22.364001,0 114.301169,22.364339,0 114.300884,22.365286,0 114.299966,22.3658,0 114.299335,22.3668,0 114.299183,22.368367,0 114.298527,22.369256,0 114.298618,22.370346,0 114.29925,22.370403,0 114.300799,22.369779,0 114.301534,22.370007,0 114.301746,22.370807,0 114.301333,22.371692,0 114.299365,22.373206,0 114.298278,22.373149,0 114.295611,22.371542,0 114.29515,22.370256,0 114.295186,22.36911,0 114.294664,22.367592,0 114.293637,22.366192,0 114.291766,22.365098,0 114.291517,22.364527,0 114.291803,22.363984,0 114.292665,22.363499,0 114.293947,22.361867,0 114.29518,22.361214,0 114.295806,22.360557,0 114.296443,22.359443,0 114.297045,22.354811,0 114.297616,22.354264,0 114.298928,22.35424,0 114.29976,22.354011,0 114.299936,22.353407,0 114.29945,22.351865,0 114.29945,22.350836,0 114.299851,22.350465,0 114.301133,22.350236,0</coordinates></LinearRing></outerBoundaryIs>
      </Polygon>
      <Polygon>
        <outerBoundaryIs><LinearRing><coordinates>114.331862,22.32263,0 114.332645,22.322809,0 114.333277,22.323307,0 114.333471,22.324111,0 114.334297,22.324895,0 114.335293,22.325115,0 114.335889,22.325638,0 114.33612,22.328111,0 114.336472,22.330262,0 114.336101,22.33076,0 114.334322,22.332193,0 114.333034,22.333058,0 114.332627,22.334793,0 114.331965,22.335401,0 114.3316,22.33714,0 114.331096,22.337985,0 114.330313,22.338417,0 114.328442,22.338956,0 114.326984,22.339148,0 114.325466,22.338801,0 114.323917,22.338189,0 114.322307,22.338119,0 114.321566,22.337687,0 114.321044,22.336727,0 114.320375,22.336054,0 114.320205,22.335466,0 114.320527,22.334426,0 114.321305,22.333099,0 114.322173,22.331973,0 114.32187,22.330646,0 114.322173,22.329887,0 114.323504,22.329046,0 114.323595,22.32876,0 114.323072,22.327111,0 114.323376,22.326111,0 114.32433,22.32492,0 114.324852,22.323789,0 114.325417,22.323446,0 114.32679,22.323426,0 114.328515,22.323862,0 114.329663,22.323907,0 114.331011,22.322715,0 114.331862,22.32263,0</coordinates></LinearRing></outerBoundaryIs>
      </Polygon>
      <Polygon>
        <outerBoundaryIs><LinearRing><coordinates>114.354014,22.250404,0 114.354712,22.250669,0 114.354743,22.251633,0 114.356352,22.250996,0 114.357494,22.251114,0 114.357677,22.251653,0 114.357203,22.252736,0 114.358005,22.253365,0 114.35826,22.253863,0 114.35815,22.255223,0 114.357573,22.255925,0 114.357379,22.256991,0 114.357543,22.258041,0 114.357264,22.258596,0 114.356529,22.258829,0 114.355903,22.258494,0 114.355751,22.257865,0 114.355866,22.256301,0 114.355198,22.255276,0 114.353686,22.255696,0 114.352896,22.255594,0 114.352781,22.254071,0 114.353121,22.25334,0 114.353018,22.251515,0 114.353206,22.250914,0 114.354014,22.250404,0</coordinates></LinearRing></outerBoundaryIs>
      </Polygon>
      <Polygon>
        <outerBoundaryIs><LinearRing><coordinates>114.371173,22.325434,0 114.371829,22.325895,0 114.371951,22.326862,0 114.373062,22.326903,0 114.373591,22.327638,0 114.373445,22.328328,0 114.372273,22.328956,0 114.371841,22.329732,0 114.371696,22.331095,0 114.372898,22.332589,0 114.373384,22.334287,0 114.373026,22.336319,0 114.37223,22.337283,0 114.370863,22.337638,0 114.369788,22.337278,0 114.369205,22.336148,0 114.368464,22.336544,0 114.366976,22.336666,0 114.36584,22.336332,0 114.365318,22.335638,0 114.36536,22.333915,0 114.364874,22.332552,0 114.365336,22.331107,0 114.364607,22.328442,0 114.364771,22.327499,0 114.365585,22.326805,0 114.367249,22.327062,0 114.367918,22.326854,0 114.370183,22.325471,0 114.371173,22.325434,0</coordinates></LinearRing></outerBoundaryIs>
      </Polygon>
      <Polygon>
        <outerBoundaryIs><LinearRing><coordinates>114.353643,22.309592,0 114.354409,22.310269,0 114.354512,22.312825,0 114.354913,22.313413,0 114.356358,22.313147,0 114.357209,22.313351,0 114.35832,22.313923,0 114.359219,22.315168,0 114.359675,22.31696,0 114.359177,22.318968,0 114.359347,22.319556,0 114.359936,22.319997,0 114.361497,22.320523,0 114.362433,22.321617,0 114.362852,22.323209,0 114.362457,22.324234,0 114.361145,22.324695,0 114.359724,22.324471,0 114.358958,22.323597,0 114.358308,22.322262,0 114.357604,22.321981,0 114.355769,22.322915,0 114.354585,22.322781,0 114.352987,22.321099,0 114.352003,22.318193,0 114.350448,22.315066,0 114.350339,22.313515,0 114.351408,22.310461,0 114.352435,22.309677,0 114.353643,22.309592,0</coordinates></LinearRing></outerBoundaryIs>
      </Polygon>
      <Polygon>
        <outerBoundaryIs><LinearRing><coordinates>114.332852,22.36254,0 114.333738,22.362923,0 114.333994,22.36334,0 114.334097,22.36662,0 114.33488,22.368314,0 114.33454,22.370876,0 114.334139,22.371366,0 114.331017,22.373263,0 114.327561,22.374716,0 114.32603,22.374545,0 114.32521,22.373651,0 114.325101,22.370138,0 114.32549,22.369432,0 114.327014,22.36802,0 114.327932,22.367763,0 114.328557,22.368024,0 114.329438,22.369501,0 114.329481,22.370958,0 114.32976,22.371023,0 114.330319,22.37033,0 114.330361,22.369811,0 114.3301,22.367445,0 114.330197,22.36671,0 114.331315,22.364899,0 114.331758,22.362997,0 114.332852,22.36254,0</coordinates></LinearRing></outerBoundaryIs>
      </Polygon>
      <Polygon>
        <outerBoundaryIs><LinearRing><coordinates>114.351937,22.260078,0 114.352714,22.260168,0 114.353826,22.261087,0 114.35419,22.261838,0 114.354117,22.2629,0 114.35467,22.264072,0 114.35552,22.265183,0 114.355466,22.266085,0 114.356273,22.267106,0 114.356188,22.267653,0 114.355684,22.268147,0 114.354567,22.268592,0 114.353783,22.268466,0 114.353382,22.268082,0 114.353546,22.267139,0 114.353206,22.266538,0 114.351214,22.265428,0 114.350837,22.26475,0 114.351019,22.263451,0 114.350643,22.262279,0 114.350594,22.260789,0 114.350989,22.260315,0 114.351937,22.260078,0</coordinates></LinearRing></outerBoundaryIs>
      </Polygon>
      <Polygon>
        <outerBoundaryIs><LinearRing><coordinates>114.38286,22.324956,0 114.383297,22.325536,0 114.383042,22.326111,0 114.382356,22.326666,0 114.380782,22.327083,0 114.380139,22.328071,0 114.378474,22.328132,0 114.378177,22.329079,0 114.377345,22.329564,0 114.376093,22.328756,0 114.375808,22.327434,0 114.376312,22.326238,0 114.377302,22.325487,0 114.378523,22.325181,0 114.379568,22.325262,0 114.380254,22.325054,0 114.381007,22.325295,0 114.38286,22.324956,0</coordinates></LinearRing></outerBoundaryIs>
      </Polygon>
      <Polygon>
        <outerBoundaryIs><LinearRing><coordinates>114.320424,22.381118,0 114.321675,22.381563,0 114.322902,22.383072,0 114.323504,22.384243,0 114.323188,22.385316,0 114.321031,22.385381,0 114.320145,22.384455,0 114.319841,22.383664,0 114.319683,22.382481,0 114.319981,22.381477,0 114.320424,22.381118,0</coordinates></LinearRing></outerBoundaryIs>
      </Polygon>
      <Polygon>
        <outerBoundaryIs><LinearRing><coordinates>114.286889,22.375626,0 114.287739,22.376254,0 114.287836,22.377368,0 114.285862,22.37911,0 114.284714,22.379416,0 114.284168,22.379294,0 114.283906,22.378547,0 114.284344,22.377878,0 114.28438,22.37705,0 114.28534,22.377331,0 114.285723,22.376083,0 114.28616,22.375695,0 114.286889,22.375626,0</coordinates></LinearRing></outerBoundaryIs>
      </Polygon>
      <Polygon>
        <outerBoundaryIs><LinearRing><coordinates>114.324998,22.323303,0 114.324676,22.323009,0 114.325417,22.322801,0 114.324998,22.323303,0</coordinates></LinearRing></outerBoundaryIs>
      </Polygon>
      <Polygon>
        <outerBoundaryIs><LinearRing><coordinates>114.29043,22.37057,0 114.291335,22.370905,0 114.291542,22.372374,0 114.291864,22.372757,0 114.293236,22.373378,0 114.293218,22.373982,0 114.292489,22.37401,0 114.291985,22.373622,0 114.291232,22.373496,0 114.29026,22.372598,0 114.289258,22.372288,0 114.289173,22.37108,0 114.29043,22.37057,0</coordinates></LinearRing></outerBoundaryIs>
      </Polygon>
      <Polygon>
        <outerBoundaryIs><LinearRing><coordinates>114.284514,22.262929,0 114.285073,22.262957,0 114.284781,22.263533,0 114.284514,22.262929,0</coordinates></LinearRing></outerBoundaryIs>
      </Polygon>
      <Polygon>
        <outerBoundaryIs><LinearRing><coordinates>114.356079,22.268196,0 114.356352,22.268641,0 114.355156,22.269397,0 114.355283,22.268535,0 114.356079,22.268196,0</coordinates></LinearRing></outerBoundaryIs>
      </Polygon>
      <Polygon>
        <outerBoundaryIs><LinearRing><coordinates>114.323127,22.296863,0 114.323698,22.297524,0 114.322921,22.297545,0 114.322641,22.297018,0 114.323127,22.296863,0</coordinates></LinearRing></outerBoundaryIs>
      </Polygon>
      <Polygon>
        <outerBoundaryIs><LinearRing><coordinates>114.399946,22.444985,0 114.401094,22.445324,0 114.401143,22.445976,0 114.400317,22.445878,0 114.399928,22.446735,0 114.399606,22.4468,0 114.399102,22.446205,0 114.399096,22.445401,0 114.399946,22.444985,0</coordinates></LinearRing></outerBoundaryIs>
      </Polygon>
      <Polygon>
        <outerBoundaryIs><LinearRing><coordinates>114.371058,22.319674,0 114.370371,22.320144,0 114.370153,22.319776,0 114.370857,22.319131,0 114.371428,22.318927,0 114.371058,22.319674,0</coordinates></LinearRing></outerBoundaryIs>
      </Polygon>
      <Polygon>
        <outerBoundaryIs><LinearRing><coordinates>114.305968,22.369697,0 114.3068,22.369869,0 114.30728,22.370293,0 114.307425,22.371027,0 114.306891,22.372047,0 114.305628,22.372402,0 114.30502,22.372872,0 114.304291,22.372753,0 114.304237,22.372337,0 114.304716,22.371427,0 114.304814,22.370489,0 114.305227,22.369901,0 114.305968,22.369697,0</coordinates></LinearRing></outerBoundaryIs>
      </Polygon>
      <Polygon>
        <outerBoundaryIs><LinearRing><coordinates>114.375425,22.328785,0 114.375911,22.328809,0 114.376913,22.329552,0 114.376877,22.330809,0 114.375893,22.331924,0 114.375267,22.332262,0 114.37455,22.332181,0 114.374077,22.331417,0 114.374714,22.330438,0 114.374654,22.329197,0 114.375425,22.328785,0</coordinates></LinearRing></outerBoundaryIs>
      </Polygon>
      <Polygon>
        <outerBoundaryIs><LinearRing><coordinates>114.338901,22.331373,0 114.340268,22.33152,0 114.340548,22.33254,0 114.340068,22.333042,0 114.340025,22.333813,0 114.339564,22.33456,0 114.338434,22.334466,0 114.338051,22.33416,0 114.337614,22.332507,0 114.338075,22.331569,0 114.338901,22.331373,0</coordinates></LinearRing></outerBoundaryIs>
      </Polygon>
      <Polygon>
        <outerBoundaryIs><LinearRing><coordinates>114.373694,22.323344,0 114.374259,22.32343,0 114.374241,22.324083,0 114.373445,22.324262,0 114.37254,22.324168,0 114.372503,22.323724,0 114.373694,22.323344,0</coordinates></LinearRing></outerBoundaryIs>
      </Polygon>
      <Polygon>
        <outerBoundaryIs><LinearRing><coordinates>114.31664,22.298622,0 114.317065,22.299031,0 114.316367,22.299966,0 114.31582,22.299635,0 114.31602,22.29899,0 114.31664,22.298622,0</coordinates></LinearRing></outerBoundaryIs>
      </Polygon>
      <Polygon>
        <outerBoundaryIs><LinearRing><coordinates>114.325192,22.297626,0 114.326182,22.297651,0 114.325459,22.298843,0 114.324597,22.298953,0 114.323965,22.29812,0 114.325192,22.297626,0</coordinates></LinearRing></outerBoundaryIs>
      </Polygon>
      <Polygon>
        <outerBoundaryIs><LinearRing><coordinates>114.318626,22.386034,0 114.318833,22.386544,0 114.318286,22.387458,0 114.31766,22.387201,0 114.317806,22.386475,0 114.318626,22.386034,0</coordinates></LinearRing></outerBoundaryIs>
      </Polygon>
      <Polygon>
        <outerBoundaryIs><LinearRing><coordinates>114.319598,22.380832,0 114.319853,22.381142,0 114.319519,22.382126,0 114.318948,22.381697,0 114.319161,22.380955,0 114.319598,22.380832,0</coordinates></LinearRing></outerBoundaryIs>
      </Polygon>
      <Polygon>
        <outerBoundaryIs><LinearRing><coordinates>114.300282,22.367184,0 114.301333,22.367669,0 114.301449,22.36844,0 114.300483,22.368804,0 114.299796,22.369326,0 114.299153,22.368824,0 114.299881,22.367424,0 114.300282,22.367184,0</coordinates></LinearRing></outerBoundaryIs>
      </Polygon>
      <Polygon>
        <outerBoundaryIs><LinearRing><coordinates>114.370839,22.34489,0 114.37107,22.345282,0 114.370299,22.345388,0 114.370839,22.34489,0</coordinates></LinearRing></outerBoundaryIs>
      </Polygon>
      <Polygon>
        <outerBoundaryIs><LinearRing><coordinates>114.293923,22.375197,0 114.294366,22.375434,0 114.294682,22.376116,0 114.294135,22.376964,0 114.292969,22.377588,0 114.292198,22.377393,0 114.292137,22.37696,0 114.293595,22.375275,0 114.293923,22.375197,0</coordinates></LinearRing></outerBoundaryIs>
      </Polygon>
      <Polygon>
        <outerBoundaryIs><LinearRing><coordinates>114.396921,22.359688,0 114.397365,22.359765,0 114.397426,22.360928,0 114.397085,22.361985,0 114.39632,22.362507,0 114.395512,22.362246,0 114.395403,22.361495,0 114.39632,22.35992,0 114.396921,22.359688,0</coordinates></LinearRing></outerBoundaryIs>
      </Polygon>
      <Polygon>
        <outerBoundaryIs><LinearRing><coordinates>114.291596,22.3595,0 114.292003,22.359753,0 114.292325,22.361059,0 114.292088,22.361581,0 114.291438,22.361463,0 114.290855,22.360528,0 114.291019,22.359826,0 114.291596,22.3595,0</coordinates></LinearRing></outerBoundaryIs>
      </Polygon>
      <Polygon>
        <outerBoundaryIs><LinearRing><coordinates>114.37333,22.322515,0 114.37401,22.32267,0 114.373913,22.323164,0 114.372619,22.323581,0 114.372346,22.323156,0 114.372667,22.322581,0 114.37333,22.322515,0</coordinates></LinearRing></outerBoundaryIs>
      </Polygon>
      <Polygon>
        <outerBoundaryIs><LinearRing><coordinates>114.332123,22.319719,0 114.332335,22.320385,0 114.331582,22.320389,0 114.331528,22.319985,0 114.332123,22.319719,0</coordinates></LinearRing></outerBoundaryIs>
      </Polygon>
      <Polygon>
        <outerBoundaryIs><LinearRing><coordinates>114.329869,22.36356,0 114.330313,22.364123,0 114.330045,22.364699,0 114.328648,22.364768,0 114.328278,22.364339,0 114.328618,22.363862,0 114.329869,22.36356,0</coordinates></LinearRing></outerBoundaryIs>
      </Polygon>
      <Polygon>
        <outerBoundaryIs><LinearRing><coordinates>114.331801,22.360667,0 114.331637,22.36021,0 114.332202,22.360287,0 114.331801,22.360667,0</coordinates></LinearRing></outerBoundaryIs>
      </Polygon>
      <Polygon>
        <outerBoundaryIs><LinearRing><coordinates>114.380005,22.335772,0 114.380643,22.335997,0 114.380461,22.336462,0 114.379319,22.336548,0 114.379306,22.336013,0 114.380005,22.335772,0</coordinates></LinearRing></outerBoundaryIs>
      </Polygon>
      <Polygon>
        <outerBoundaryIs><LinearRing><coordinates>114.319349,22.271144,0 114.320418,22.271336,0 114.32094,22.271904,0 114.320922,22.273419,0 114.320345,22.274852,0 114.319076,22.275236,0 114.318122,22.274815,0 114.317053,22.273917,0 114.316792,22.273072,0 114.317035,22.27241,0 114.318262,22.271394,0 114.319349,22.271144,0</coordinates></LinearRing></outerBoundaryIs>
      </Polygon>
      <Polygon>
        <outerBoundaryIs><LinearRing><coordinates>114.351918,22.250735,0 114.35238,22.250767,0 114.352435,22.25156,0 114.352076,22.252139,0 114.351068,22.252797,0 114.350157,22.252503,0 114.350145,22.251408,0 114.350625,22.251012,0 114.351918,22.250735,0</coordinates></LinearRing></outerBoundaryIs>
      </Polygon>
      <Polygon>
        <outerBoundaryIs><LinearRing><coordinates>114.406676,22.432448,0 114.407332,22.432921,0 114.406986,22.433606,0 114.406531,22.433427,0 114.406421,22.432554,0 114.406676,22.432448,0</coordinates></LinearRing></outerBoundaryIs>
      </Polygon>
      <Polygon>
        <outerBoundaryIs><LinearRing><coordinates>114.391321,22.398343,0 114.391989,22.398596,0 114.391868,22.399522,0 114.390531,22.399477,0 114.390568,22.398763,0 114.391321,22.398343,0</coordinates></LinearRing></outerBoundaryIs>
      </Polygon>
      <Polygon>
        <outerBoundaryIs><LinearRing><coordinates>114.289379,22.386544,0 114.289732,22.387254,0 114.288632,22.387519,0 114.288529,22.386826,0 114.289379,22.386544,0</coordinates></LinearRing></outerBoundaryIs>
      </Polygon>
      <Polygon>
        <outerBoundaryIs><LinearRing><coordinates>114.37455,22.341425,0 114.375304,22.341943,0 114.37514,22.342894,0 114.374787,22.343127,0 114.373876,22.342874,0 114.37353,22.34196,0 114.37455,22.341425,0</coordinates></LinearRing></outerBoundaryIs>
      </Polygon>
      <Polygon>
        <outerBoundaryIs><LinearRing><coordinates>114.371817,22.322548,0 114.372285,22.323426,0 114.371914,22.323613,0 114.371416,22.323262,0 114.371817,22.322548,0</coordinates></LinearRing></outerBoundaryIs>
      </Polygon>
      <Polygon>
        <outerBoundaryIs><LinearRing><coordinates>114.323662,22.308151,0 114.324226,22.30853,0 114.323977,22.309408,0 114.32323,22.310045,0 114.322896,22.309698,0 114.322981,22.308783,0 114.323662,22.308151,0</coordinates></LinearRing></outerBoundaryIs>
      </Polygon>
      <Polygon>
        <outerBoundaryIs><LinearRing><coordinates>114.316239,22.300288,0 114.316427,22.301211,0 114.316105,22.301701,0 114.315601,22.301766,0 114.315595,22.300766,0 114.316239,22.300288,0</coordinates></LinearRing></outerBoundaryIs>
      </Polygon>
      <Polygon>
        <outerBoundaryIs><LinearRing><coordinates>114.372066,22.263578,0 114.372352,22.264329,0 114.371769,22.264636,0 114.371313,22.264366,0 114.371392,22.263794,0 114.372066,22.263578,0</coordinates></LinearRing></outerBoundaryIs>
      </Polygon>
      <Polygon>
        <outerBoundaryIs><LinearRing><coordinates>114.375249,22.261781,0 114.375619,22.261879,0 114.375583,22.262663,0 114.37497,22.263504,0 114.374204,22.26368,0 114.373961,22.263121,0 114.374733,22.261981,0 114.375249,22.261781,0</coordinates></LinearRing></outerBoundaryIs>
      </Polygon>
      <Polygon>
        <outerBoundaryIs><LinearRing><coordinates>114.406585,22.430556,0 114.407114,22.430796,0 114.406907,22.431331,0 114.406379,22.431078,0 114.406585,22.430556,0</coordinates></LinearRing></outerBoundaryIs>
      </Polygon>
      <Polygon>
        <outerBoundaryIs><LinearRing><coordinates>114.390914,22.399705,0 114.391764,22.400113,0 114.391704,22.400884,0 114.391333,22.401366,0 114.390246,22.401447,0 114.389827,22.400309,0 114.389979,22.399897,0 114.390914,22.399705,0</coordinates></LinearRing></outerBoundaryIs>
      </Polygon>
      <Polygon>
        <outerBoundaryIs><LinearRing><coordinates>114.287193,22.382836,0 114.287521,22.383448,0 114.286792,22.383578,0 114.286688,22.383068,0 114.287193,22.382836,0</coordinates></LinearRing></outerBoundaryIs>
      </Polygon>
      <Polygon>
        <outerBoundaryIs><LinearRing><coordinates>114.304249,22.376458,0 114.304437,22.377201,0 114.303751,22.377254,0 114.304249,22.376458,0</coordinates></LinearRing></outerBoundaryIs>
      </Polygon>
      <Polygon>
        <outerBoundaryIs><LinearRing><coordinates>114.295326,22.372288,0 114.295672,22.372558,0 114.295368,22.373214,0 114.294749,22.373427,0 114.294123,22.373125,0 114.294305,22.372541,0 114.295326,22.372288,0</coordinates></LinearRing></outerBoundaryIs>
      </Polygon>
      <Polygon>
        <outerBoundaryIs><LinearRing><coordinates>114.306411,22.368016,0 114.3068,22.368616,0 114.306496,22.369061,0 114.305688,22.369154,0 114.305561,22.368187,0 114.306411,22.368016,0</coordinates></LinearRing></outerBoundaryIs>
      </Polygon>
      <Polygon>
        <outerBoundaryIs><LinearRing><coordinates>114.350284,22.259723,0 114.350582,22.260217,0 114.349768,22.260421,0 114.349701,22.259915,0 114.350284,22.259723,0</coordinates></LinearRing></outerBoundaryIs>
      </Polygon>
      <Polygon>
        <outerBoundaryIs><LinearRing><coordinates>114.356577,22.339135,0 114.357239,22.339393,0 114.357166,22.340082,0 114.356541,22.340086,0 114.356322,22.339299,0 114.356577,22.339135,0</coordinates></LinearRing></outerBoundaryIs>
      </Polygon>
      <Polygon>
        <outerBoundaryIs><LinearRing><coordinates>114.214419,22.431608,0 114.208618,22.427725,0 114.207057,22.426387,0 114.206134,22.425094,0 114.205544,22.423842,0 114.204293,22.420191,0 114.20388,22.419494,0 114.203236,22.418935,0 114.202374,22.418633,0 114.200734,22.41847,0 114.191647,22.417858,0 114.191033,22.417385,0 114.190979,22.416643,0 114.190529,22.416394,0 114.186581,22.41608,0 114.180434,22.415688,0 114.179942,22.415187,0 114.179942,22.414187,0 114.178108,22.413881,0 114.177628,22.412796,0 114.17699,22.41238,0 114.172902,22.412041,0 114.172167,22.409786,0 114.172003,22.408338,0 114.172106,22.407028,0 114.173358,22.402912,0 114.173746,22.40135,0 114.173977,22.399648,0 114.17368,22.397792,0 114.17357,22.395532,0 114.173734,22.392464,0 114.174184,22.388923,0 114.173406,22.388103,0 114.172562,22.387964,0 114.166779,22.387336,0 114.165978,22.387197,0 114.16551,22.386446,0 114.165218,22.384774,0 114.164453,22.38277,0 114.163153,22.381065,0 114.158172,22.377115,0 114.156617,22.376226,0 114.154036,22.375336,0 114.149322,22.374512,0 114.149766,22.372978,0 114.14979,22.37228,0 114.149322,22.371191,0 114.148259,22.369803,0 114.14784,22.368938,0 114.147676,22.36802,0 114.147707,22.365245,0 114.147931,22.363319,0 114.14832,22.362177,0 114.149462,22.35939,0 114.14965,22.358329,0 114.149322,22.356684,0 114.148849,22.355933,0 114.147148,22.353999,0 114.146674,22.352966,0 114.146534,22.351967,0 114.146571,22.350489,0 114.147124,22.346527,0 114.147512,22.34491,0 114.147956,22.343992,0 114.149401,22.342539,0 114.151072,22.34145,0 114.151703,22.340621,0 114.152414,22.341658,0 114.153732,22.342266,0 114.157522,22.3434,0 114.15991,22.343731,0 114.16172,22.343698,0 114.166864,22.343437,0 114.170728,22.344184,0 114.172896,22.344278,0 114.17668,22.34416,0 114.177822,22.344392,0 114.180076,22.345882,0 114.1816,22.346155,0 114.183544,22.345874,0 114.184315,22.345976,0 114.184801,22.346041,0 114.187772,22.347359,0 114.190827,22.348437,0 114.200758,22.350208,0 114.201633,22.350571,0 114.201778,22.351518,0 114.201001,22.352815,0 114.201068,22.353387,0 114.202264,22.353591,0 114.203461,22.353326,0 114.205295,22.352318,0 114.206128,22.352203,0 114.208545,22.354178,0 114.209134,22.354317,0 114.211357,22.353366,0 114.212493,22.353142,0 114.216727,22.353309,0 114.218592,22.35353,0 114.222485,22.35428,0 114.225662,22.354611,0 114.228322,22.354566,0 114.229337,22.354635,0 114.22944,22.354999,0 114.228632,22.356447,0 114.228559,22.357786,0 114.2293,22.359598,0 114.229968,22.360096,0 114.2317,22.360067,0 114.234488,22.360385,0 114.236377,22.360912,0 114.238551,22.361846,0 114.24078,22.363156,0 114.244735,22.365943,0 114.248324,22.36895,0 114.249478,22.370113,0 114.250177,22.371105,0 114.25062,22.372162,0 114.250827,22.373267,0 114.250967,22.375928,0 114.251695,22.376817,0 114.259914,22.378103,0 114.260618,22.378645,0 114.260685,22.379363,0 114.259817,22.381954,0 114.259568,22.383248,0 114.259428,22.385051,0 114.259956,22.388784,0 114.259707,22.389763,0 114.258353,22.391489,0 114.257964,22.392256,0 114.25777,22.39348,0 114.258043,22.397425,0 114.257484,22.399098,0 114.255419,22.401827,0 114.254751,22.402887,0 114.254344,22.404617,0 114.254241,22.405878,0 114.254362,22.407677,0 114.255437,22.417883,0 114.25517,22.418935,0 114.253724,22.420901,0 114.253645,22.422137,0 114.255316,22.425535,0 114.255777,22.427032,0 114.255874,22.430939,0 114.25571,22.434683,0 114.254866,22.434549,0 114.253348,22.434777,0 114.251641,22.435381,0 114.247583,22.435793,0 114.24536,22.435842,0 114.24287,22.435426,0 114.241722,22.43492,0 114.240707,22.43381,0 114.240938,22.431502,0 114.240665,22.430531,0 114.239644,22.429104,0 114.238162,22.428227,0 114.235769,22.427464,0 114.234245,22.427419,0 114.232173,22.427513,0 114.229221,22.427195,0 114.227332,22.426734,0 114.224332,22.426644,0 114.221938,22.426877,0 114.220001,22.427619,0 114.21793,22.429144,0 114.214419,22.431608,0</coordinates></LinearRing></outerBoundaryIs>
      </Polygon>
      <Polygon>
        <outerBoundaryIs><LinearRing><coordinates>114.08261,22.329377,0 114.085089,22.328862,0 114.089808,22.325577,0 114.093222,22.322119,0 114.094157,22.321348,0 114.095524,22.320997,0 114.106281,22.321736,0 114.112149,22.321732,0 114.1188,22.321393,0 114.120993,22.320919,0 114.122821,22.319295,0 114.124303,22.317466,0 114.125712,22.315266,0 114.127024,22.312886,0 114.129199,22.310596,0 114.133147,22.308722,0 114.139282,22.306281,0 114.143862,22.303338,0 114.145994,22.300664,0 114.146261,22.298043,0 114.145623,22.295324,0 114.144129,22.293078,0 114.143819,22.292886,0 114.154437,22.293107,0 114.154358,22.311514,0 114.135358,22.310923,0 114.134004,22.311376,0 114.133797,22.31191,0 114.133754,22.313858,0 114.133469,22.315131,0 114.132102,22.316817,0 114.131622,22.317617,0 114.131562,22.318458,0 114.132467,22.319523,0 114.137697,22.322323,0 114.14572,22.32683,0 114.146413,22.327858,0 114.146413,22.328303,0 114.14538,22.329005,0 114.139373,22.330515,0 114.137733,22.330964,0 114.136755,22.331466,0 114.136087,22.33225,0 114.13548,22.333364,0 114.13503,22.335303,0 114.135419,22.336862,0 114.136336,22.337336,0 114.138444,22.337132,0 114.139555,22.337568,0 114.14139,22.338862,0 114.142932,22.339042,0 114.145927,22.338478,0 114.148436,22.338617,0 114.149389,22.338348,0 114.150124,22.337678,0 114.150774,22.337511,0 114.151442,22.337948,0 114.151527,22.33994,0 114.151703,22.340621,0 114.151072,22.34145,0 114.149401,22.342539,0 114.147956,22.343992,0 114.147512,22.34491,0 114.147124,22.346527,0 114.146571,22.350489,0 114.146534,22.351967,0 114.146674,22.352966,0 114.147148,22.353999,0 114.148849,22.355933,0 114.149322,22.356684,0 114.14965,22.358329,0 114.149462,22.35939,0 114.14832,22.362177,0 114.147931,22.363319,0 114.147707,22.365245,0 114.147676,22.36802,0 114.14784,22.368938,0 114.148259,22.369803,0 114.149322,22.371191,0 114.14979,22.37228,0 114.149766,22.372978,0 114.149322,22.374512,0 114.145848,22.373712,0 114.144785,22.373704,0 114.144068,22.374263,0 114.143886,22.374863,0 114.143564,22.377931,0 114.14309,22.378453,0 114.14125,22.378486,0 114.138966,22.377919,0 114.135528,22.376442,0 114.132722,22.375316,0 114.1268,22.373137,0 114.126453,22.372696,0 114.126599,22.372023,0 114.127607,22.371146,0 114.1283,22.369934,0 114.128579,22.368134,0 114.128233,22.36698,0 114.126399,22.36376,0 114.12618,22.362626,0 114.125251,22.361463,0 114.124668,22.360977,0 114.120829,22.359165,0 114.119201,22.358198,0 114.118065,22.357802,0 114.115119,22.357239,0 114.114998,22.36407,0 114.088302,22.362532,0 114.07848,22.358067,0 114.08261,22.329377,0</coordinates></LinearRing></outerBoundaryIs>
      </Polygon>
      <Polygon>
        <outerBoundaryIs><LinearRing><coordinates>114.060744,22.312539,0 113.986008,22.315523,0 113.955285,22.298447,0 113.952315,22.298794,0 113.949776,22.302195,0 113.949861,22.304468,0 113.952479,22.30593,0 113.963321,22.305754,0 113.968496,22.310706,0 113.970191,22.318025,0 113.969523,22.321238,0 113.965417,22.322932,0 113.949788,22.321307,0 113.9416,22.318915,0 113.939887,22.321364,0 113.939164,22.321789,0 113.938253,22.321866,0 113.898097,22.308841,0 113.897253,22.308008,0 113.896779,22.306424,0 113.896949,22.305412,0 113.897393,22.304795,0 113.89967,22.303076,0 113.899081,22.301219,0 113.898504,22.300198,0 113.895425,22.294177,0 113.895078,22.292241,0 113.895862,22.290216,0 113.897715,22.287313,0 113.8978,22.283618,0 113.897059,22.281953,0 113.890498,22.275056,0 113.889928,22.274068,0 113.889381,22.271369,0 113.888931,22.270806,0 113.88666,22.270405,0 113.884922,22.269209,0 113.884181,22.268939,0 113.882948,22.268862,0 113.881752,22.268462,0 113.880282,22.267661,0 113.878174,22.267425,0 113.876121,22.267453,0 113.874815,22.267053,0 113.874171,22.266628,0 113.87354,22.265799,0 113.872525,22.263557,0 113.871547,22.260842,0 113.870484,22.259266,0 113.869482,22.257489,0 113.86885,22.257011,0 113.868322,22.256999,0 113.867058,22.25862,0 113.864787,22.258861,0 113.863724,22.258718,0 113.862126,22.258159,0 113.860462,22.257158,0 113.858609,22.255839,0 113.856459,22.254827,0 113.855931,22.254377,0 113.855633,22.253683,0 113.855609,22.252748,0 113.856089,22.250931,0 113.856824,22.249183,0 113.857097,22.248983,0 113.858366,22.248917,0 113.859891,22.249334,0 113.862236,22.25031,0 113.864028,22.250163,0 113.864428,22.24933,0 113.864167,22.24759,0 113.863548,22.245213,0 113.862667,22.244119,0 113.861391,22.243588,0 113.857765,22.242579,0 113.854752,22.241835,0 113.85307,22.240908,0 113.852754,22.24048,0 113.852468,22.239279,0 113.852645,22.23682,0 113.852517,22.234749,0 113.851685,22.234137,0 113.850118,22.234247,0 113.84897,22.234169,0 113.847822,22.233687,0 113.845295,22.231637,0 113.843454,22.229235,0 113.84295,22.226633,0 113.842975,22.224256,0 113.843479,22.219742,0 113.844165,22.21654,0 113.844803,22.215139,0 113.847202,22.212381,0 113.847233,22.211826,0 113.846066,22.209322,0 113.845878,22.20801,0 113.846042,22.205874,0 113.846716,22.203982,0 113.847597,22.202839,0 113.849772,22.201339,0 113.850786,22.200273,0 113.85081,22.199574,0 113.848824,22.192829,0 113.848867,22.191906,0 113.849395,22.191203,0 113.850488,22.191068,0 113.852547,22.191461,0 113.853823,22.192118,0 113.855894,22.19229,0 113.857382,22.192772,0 113.859235,22.194235,0 113.860189,22.195444,0 113.861045,22.19678,0 113.862649,22.197887,0 113.864538,22.19872,0 113.866682,22.199154,0 113.868401,22.198933,0 113.869361,22.198492,0 113.870903,22.198136,0 113.872434,22.198177,0 113.876698,22.199889,0 113.882711,22.20406,0 113.886313,22.205992,0 113.887364,22.206891,0 113.88881,22.209354,0 113.890268,22.214146,0 113.891671,22.215204,0 113.892819,22.215727,0 113.894969,22.216164,0 113.896986,22.216344,0 113.898395,22.216254,0 113.899178,22.215813,0 113.899537,22.2152,0 113.900023,22.211724,0 113.904682,22.207169,0 113.909249,22.203611,0 113.910166,22.203169,0 113.913823,22.202818,0 113.917522,22.202777,0 113.920158,22.202953,0 113.924119,22.20379,0 113.929658,22.20417,0 113.93278,22.204219,0 113.935562,22.204967,0 113.936741,22.205894,0 113.937761,22.208047,0 113.938162,22.211528,0 113.937761,22.213415,0 113.937057,22.214559,0 113.937585,22.215396,0 113.945172,22.21712,0 113.947771,22.218403,0 113.949794,22.219943,0 113.952035,22.2225,0 113.954246,22.225298,0 113.95557,22.225959,0 113.957897,22.226184,0 113.962003,22.226192,0 113.966188,22.226776,0 113.969802,22.228194,0 113.973683,22.230093,0 113.975664,22.230804,0 113.978531,22.230853,0 113.980341,22.230591,0 113.981088,22.230158,0 113.981215,22.229231,0 113.979982,22.22703,0 113.978931,22.224607,0 113.978701,22.223112,0 113.979017,22.220825,0 113.981574,22.216262,0 113.985844,22.211193,0 113.991711,22.206593,0 113.993607,22.206115,0 113.995417,22.205988,0 113.996522,22.206299,0 113.998138,22.207161,0 114.003283,22.210796,0 114.004443,22.211172,0 114.009253,22.211944,0 114.009764,22.212365,0 114.011082,22.214534,0 114.013068,22.215739,0 114.015734,22.216707,0 114.016299,22.217087,0 114.016731,22.217888,0 114.017192,22.219681,0 114.017617,22.220429,0 114.018444,22.220992,0 114.019172,22.221168,0 114.02128,22.220568,0 114.021626,22.220735,0 114.022853,22.222263,0 114.023673,22.222749,0 114.02436,22.223586,0 114.024663,22.225678,0 114.024998,22.22627,0 114.026115,22.227258,0 114.026461,22.228729,0 114.025666,22.229889,0 114.023212,22.230779,0 114.021256,22.230857,0 114.020132,22.231625,0 114.018122,22.232156,0 114.017429,22.232899,0 114.017217,22.233875,0 114.016627,22.234811,0 114.016087,22.235207,0 114.015182,22.235231,0 114.012655,22.234582,0 114.011428,22.234606,0 114.010517,22.234868,0 114.009873,22.235374,0 114.008282,22.237171,0 114.007662,22.237567,0 114.005815,22.238066,0 114.005159,22.238568,0 114.004667,22.239426,0 114.004443,22.2407,0 114.004929,22.242109,0 114.005487,22.242971,0 114.006957,22.24438,0 114.008282,22.245091,0 114.011173,22.245875,0 114.012643,22.24674,0 114.015054,22.247835,0 114.017393,22.248799,0 114.017939,22.250077,0 114.017775,22.251253,0 114.017308,22.252331,0 114.016548,22.253426,0 114.013852,22.255782,0 114.011987,22.258249,0 114.011416,22.258821,0 114.008846,22.260625,0 114.007954,22.261589,0 114.007158,22.262974,0 114.006484,22.263476,0 114.004759,22.264329,0 114.004425,22.264881,0 114.004625,22.266461,0 114.005591,22.26816,0 114.006386,22.268711,0 114.007291,22.269021,0 114.008178,22.26889,0 114.010997,22.266351,0 114.012758,22.265779,0 114.014228,22.265011,0 114.015516,22.263598,0 114.016312,22.263243,0 114.020551,22.261969,0 114.021839,22.261973,0 114.025131,22.262569,0 114.028502,22.262475,0 114.029201,22.262557,0 114.029808,22.263766,0 114.029729,22.26604,0 114.029559,22.266943,0 114.02815,22.27183,0 114.027646,22.272864,0 114.027555,22.274534,0 114.027889,22.274999,0 114.028891,22.275403,0 114.029359,22.276118,0 114.028818,22.277963,0 114.028672,22.279907,0 114.029274,22.282716,0 114.029195,22.2837,0 114.028873,22.28408,0 114.027391,22.284427,0 114.02702,22.284933,0 114.02699,22.286321,0 114.027585,22.287342,0 114.031066,22.288097,0 114.032189,22.288632,0 114.033258,22.289494,0 114.034169,22.291404,0 114.034011,22.292711,0 114.033307,22.295716,0 114.033556,22.298186,0 114.034066,22.299606,0 114.035056,22.300917,0 114.036386,22.302015,0 114.03765,22.302472,0 114.03966,22.302582,0 114.043888,22.302219,0 114.045947,22.302386,0 114.04766,22.302738,0 114.052938,22.303513,0 114.054998,22.304264,0 114.056947,22.305256,0 114.059365,22.306869,0 114.060537,22.308049,0 114.060926,22.309147,0 114.061005,22.310518,0 114.060744,22.312539,0</coordinates></LinearRing></outerBoundaryIs>
      </Polygon>
      <Polygon>
        <outerBoundaryIs><LinearRing><coordinates>114.036137,22.207091,0 114.034759,22.208766,0 114.034564,22.210053,0 114.03491,22.211299,0 114.035967,22.212549,0 114.03847,22.21306,0 114.041161,22.214199,0 114.041313,22.214861,0 114.040845,22.21529,0 114.039837,22.215555,0 114.038312,22.215359,0 114.037565,22.215551,0 114.037486,22.216021,0 114.040104,22.217312,0 114.041003,22.21864,0 114.040924,22.219922,0 114.040183,22.220817,0 114.03929,22.22105,0 114.038269,22.220694,0 114.037255,22.219681,0 114.036514,22.219485,0 114.034989,22.21971,0 114.033119,22.219514,0 114.031521,22.218962,0 114.030659,22.218104,0 114.030191,22.21627,0 114.030349,22.215686,0 114.031205,22.215184,0 114.031132,22.214093,0 114.030075,22.213431,0 114.029875,22.212222,0 114.028976,22.211323,0 114.027725,22.211552,0 114.027142,22.211393,0 114.026795,22.210809,0 114.02688,22.210253,0 114.0277,22.209636,0 114.028466,22.20855,0 114.028745,22.208443,0 114.031284,22.208815,0 114.031801,22.208635,0 114.033009,22.207463,0 114.033392,22.206389,0 114.033313,22.205106,0 114.032432,22.203382,0 114.031843,22.203092,0 114.030282,22.202892,0 114.028685,22.202843,0 114.027907,22.20254,0 114.027318,22.201829,0 114.026067,22.199076,0 114.025186,22.198847,0 114.024086,22.199084,0 114.023096,22.198884,0 114.022064,22.198332,0 114.022258,22.197425,0 114.022878,22.196821,0 114.022981,22.195473,0 114.023212,22.195003,0 114.024469,22.194623,0 114.026279,22.194929,0 114.026771,22.194639,0 114.026091,22.193814,0 114.026297,22.193172,0 114.02736,22.193254,0 114.028041,22.193822,0 114.029328,22.1941,0 114.030598,22.195035,0 114.031551,22.196637,0 114.032104,22.196833,0 114.033313,22.196833,0 114.033283,22.197989,0 114.033817,22.198283,0 114.034825,22.199562,0 114.03573,22.199836,0 114.036842,22.199399,0 114.037346,22.199403,0 114.037322,22.200183,0 114.037765,22.200436,0 114.038731,22.200261,0 114.040043,22.19859,0 114.04045,22.197899,0 114.041167,22.19765,0 114.041713,22.198116,0 114.041877,22.199309,0 114.042339,22.19995,0 114.044046,22.200371,0 114.044416,22.201057,0 114.044459,22.201972,0 114.044751,22.202422,0 114.046063,22.202716,0 114.046141,22.203435,0 114.044829,22.204309,0 114.044574,22.205576,0 114.043244,22.206037,0 114.041707,22.205764,0 114.040766,22.204906,0 114.039697,22.204763,0 114.036137,22.207091,0</coordinates></LinearRing></outerBoundaryIs>
      </Polygon>
      <Polygon>
        <outerBoundaryIs><LinearRing><coordinates>114.142489,22.213783,0 114.142386,22.216127,0 114.141256,22.218329,0 114.140272,22.219195,0 114.138936,22.219412,0 114.137684,22.219024,0 114.136864,22.217819,0 114.136433,22.216564,0 114.135704,22.21618,0 114.133287,22.217345,0 114.13243,22.21817,0 114.131264,22.219763,0 114.131404,22.220457,0 114.13195,22.220719,0 114.132078,22.221336,0 114.131471,22.222103,0 114.131525,22.223304,0 114.131003,22.224044,0 114.126569,22.226723,0 114.125919,22.22763,0 114.12587,22.229141,0 114.126308,22.230395,0 114.127857,22.231988,0 114.128506,22.233973,0 114.128336,22.23557,0 114.127389,22.236653,0 114.125919,22.236996,0 114.124716,22.237086,0 114.123811,22.238597,0 114.123246,22.238813,0 114.122086,22.238164,0 114.121436,22.236526,0 114.120148,22.235966,0 114.118114,22.235664,0 114.116911,22.234888,0 114.112465,22.233381,0 114.11091,22.232213,0 114.110393,22.23131,0 114.110521,22.230273,0 114.111693,22.229452,0 114.114147,22.228717,0 114.11484,22.228243,0 114.114664,22.227205,0 114.113115,22.225825,0 114.112896,22.224959,0 114.113285,22.224399,0 114.115484,22.223664,0 114.115484,22.222974,0 114.113929,22.222675,0 114.111997,22.221593,0 114.106409,22.217839,0 114.10568,22.216936,0 114.105419,22.21598,0 114.105419,22.215004,0 114.106925,22.209269,0 114.107338,22.208541,0 114.108668,22.208072,0 114.113175,22.208202,0 114.114214,22.208979,0 114.116711,22.210012,0 114.119213,22.211479,0 114.119899,22.213292,0 114.119814,22.216054,0 114.121029,22.216315,0 114.1231,22.214931,0 114.124734,22.21156,0 114.124479,22.207847,0 114.123781,22.204567,0 114.124218,22.202928,0 114.125506,22.201633,0 114.125421,22.199472,0 114.124473,22.189977,0 114.122924,22.187734,0 114.11965,22.185839,0 114.118436,22.183853,0 114.118436,22.180225,0 114.120416,22.177806,0 114.12516,22.176596,0 114.127838,22.176678,0 114.129126,22.175726,0 114.131197,22.174949,0 114.133098,22.175207,0 114.135334,22.178222,0 114.136372,22.179085,0 114.137144,22.178909,0 114.140078,22.175285,0 114.141627,22.174504,0 114.143352,22.174847,0 114.143777,22.176228,0 114.143777,22.178729,0 114.142489,22.181839,0 114.140588,22.184866,0 114.140588,22.186419,0 114.141195,22.186329,0 114.143692,22.184515,0 114.148776,22.17993,0 114.152396,22.177855,0 114.154722,22.177765,0 114.15584,22.179056,0 114.15533,22.181217,0 114.150932,22.188388,0 114.149292,22.192188,0 114.148946,22.194092,0 114.149814,22.195211,0 114.156271,22.200812,0 114.158342,22.200808,0 114.161355,22.200114,0 114.162995,22.200367,0 114.164198,22.201662,0 114.166439,22.20511,0 114.166093,22.206666,0 114.164107,22.208223,0 114.160663,22.208055,0 114.15878,22.207716,0 114.158172,22.209011,0 114.157304,22.209792,0 114.154898,22.209706,0 114.151801,22.208676,0 114.149292,22.206781,0 114.147743,22.206785,0 114.14473,22.207308,0 114.14094,22.206621,0 114.137927,22.205245,0 114.135334,22.203259,0 114.134732,22.202054,0 114.133955,22.201878,0 114.132837,22.205077,0 114.13336,22.205853,0 114.134647,22.20663,0 114.140169,22.210335,0 114.141967,22.212402,0 114.142489,22.213783,0</coordinates></LinearRing></outerBoundaryIs>
      </Polygon>
      <Polygon>
        <outerBoundaryIs><LinearRing><coordinates>113.994997,22.185732,0 113.998296,22.187289,0 113.999262,22.188237,0 113.99948,22.189283,0 113.999322,22.189765,0 113.999839,22.190611,0 113.999839,22.191289,0 113.999085,22.192314,0 113.99798,22.192486,0 113.997233,22.191571,0 113.996243,22.192327,0 113.996473,22.193851,0 113.997336,22.194255,0 113.996887,22.195567,0 113.997026,22.196318,0 113.995763,22.197009,0 113.995739,22.198377,0 113.993837,22.199174,0 113.99289,22.198917,0 113.992319,22.19935,0 113.991359,22.198296,0 113.990175,22.197691,0 113.989573,22.196388,0 113.988717,22.195889,0 113.987976,22.194762,0 113.987757,22.193671,0 113.98732,22.19258,0 113.987277,22.19113,0 113.988097,22.190108,0 113.988844,22.189753,0 113.989604,22.189728,0 113.99009,22.188931,0 113.990916,22.188633,0 113.992246,22.18847,0 113.992744,22.187604,0 113.99422,22.186027,0 113.994997,22.185732,0</coordinates></LinearRing></outerBoundaryIs>
      </Polygon>
      <Polygon>
        <outerBoundaryIs><LinearRing><coordinates>113.921397,22.174545,0 113.921944,22.175178,0 113.921537,22.175902,0 113.921519,22.176588,0 113.92206,22.177332,0 113.922685,22.177397,0 113.923785,22.17649,0 113.923833,22.175673,0 113.925753,22.176535,0 113.925613,22.177074,0 113.924514,22.17718,0 113.924963,22.177896,0 113.924896,22.178316,0 113.923845,22.17917,0 113.922327,22.179191,0 113.92144,22.180339,0 113.92045,22.180927,0 113.91895,22.181074,0 113.918245,22.180151,0 113.917589,22.180159,0 113.916684,22.180719,0 113.916083,22.181892,0 113.91505,22.183191,0 113.914194,22.183583,0 113.913197,22.184543,0 113.911539,22.185095,0 113.911059,22.184784,0 113.910956,22.182692,0 113.91047,22.181687,0 113.910914,22.180335,0 113.910725,22.178574,0 113.910118,22.17763,0 113.91027,22.176502,0 113.912256,22.176216,0 113.913805,22.177164,0 113.913987,22.178063,0 113.91522,22.178786,0 113.916313,22.178917,0 113.917668,22.178488,0 113.917978,22.177377,0 113.91765,22.176727,0 113.917692,22.176032,0 113.918227,22.175142,0 113.91932,22.175816,0 113.919679,22.176392,0 113.920286,22.175832,0 113.920432,22.174937,0 113.921397,22.174545,0</coordinates></LinearRing></outerBoundaryIs>
      </Polygon>
      <Polygon>
        <outerBoundaryIs><LinearRing><coordinates>114.258122,22.169458,0 114.25735,22.168649,0 114.255941,22.166503,0 114.25486,22.163467,0 114.254957,22.162102,0 114.255413,22.160978,0 114.255941,22.160696,0 114.257593,22.161224,0 114.258158,22.161681,0 114.258571,22.161624,0 114.257861,22.160014,0 114.257144,22.16021,0 114.256622,22.159331,0 114.256962,22.158551,0 114.257581,22.15831,0 114.259853,22.157889,0 114.261864,22.157664,0 114.262258,22.15688,0 114.260892,22.154975,0 114.25958,22.152858,0 114.260017,22.15229,0 114.262131,22.152392,0 114.26368,22.152956,0 114.265301,22.153909,0 114.266814,22.155666,0 114.267093,22.156549,0 114.266777,22.158343,0 114.268539,22.159609,0 114.269669,22.161105,0 114.270762,22.16097,0 114.270543,22.159891,0 114.271035,22.158976,0 114.27174,22.158943,0 114.27646,22.159193,0 114.27929,22.159581,0 114.279709,22.160251,0 114.278713,22.163026,0 114.278428,22.164856,0 114.277267,22.166368,0 114.276952,22.167071,0 114.276988,22.167778,0 114.277407,22.168481,0 114.278397,22.169008,0 114.278822,22.169854,0 114.27861,22.170312,0 114.277583,22.171121,0 114.276915,22.173372,0 114.27632,22.174357,0 114.275579,22.174884,0 114.273398,22.176008,0 114.272797,22.176429,0 114.271776,22.178047,0 114.2703,22.178329,0 114.269347,22.17801,0 114.268399,22.17685,0 114.268223,22.176073,0 114.267591,22.175231,0 114.266109,22.1747,0 114.263716,22.174279,0 114.262732,22.173854,0 114.262064,22.173188,0 114.260424,22.17249,0 114.26006,22.17213,0 114.259355,22.170757,0 114.258122,22.169458,0</coordinates></LinearRing></outerBoundaryIs>
      </Polygon>
      <Polygon>
        <outerBoundaryIs><LinearRing><coordinates>113.907919,22.153467,0 113.909371,22.153733,0 113.910063,22.154321,0 113.910652,22.155891,0 113.911217,22.156173,0 113.912329,22.155952,0 113.914667,22.155997,0 113.916095,22.155743,0 113.918014,22.157223,0 113.920061,22.156826,0 113.920322,22.157313,0 113.92011,22.158612,0 113.91966,22.159883,0 113.91881,22.160341,0 113.918014,22.160333,0 113.91816,22.16312,0 113.918409,22.163393,0 113.919715,22.163349,0 113.920978,22.163618,0 113.92223,22.164722,0 113.92175,22.165416,0 113.919581,22.166634,0 113.918567,22.166189,0 113.91632,22.167186,0 113.915433,22.167124,0 113.914443,22.166703,0 113.914133,22.166315,0 113.914072,22.165465,0 113.913726,22.164305,0 113.915208,22.162944,0 113.915226,22.162588,0 113.914339,22.161996,0 113.913847,22.161027,0 113.912056,22.16097,0 113.911624,22.159801,0 113.910549,22.159499,0 113.909334,22.160664,0 113.907123,22.160533,0 113.905404,22.159528,0 113.90425,22.158494,0 113.903928,22.157721,0 113.90405,22.156704,0 113.904372,22.156054,0 113.90719,22.154383,0 113.907919,22.153467,0</coordinates></LinearRing></outerBoundaryIs>
      </Polygon>
      <Polygon>
        <outerBoundaryIs><LinearRing><coordinates>114.042041,22.25597,0 114.037777,22.256399,0 114.036368,22.255762,0 114.034206,22.25646,0 114.033106,22.256407,0 114.032809,22.256044,0 114.032621,22.254512,0 114.031594,22.254414,0 114.03123,22.253879,0 114.031302,22.25332,0 114.032323,22.251527,0 114.032833,22.250971,0 114.033787,22.250898,0 114.036611,22.251078,0 114.037844,22.250277,0 114.038968,22.248946,0 114.03963,22.247855,0 114.039891,22.246785,0 114.04062,22.246593,0 114.041349,22.247472,0 114.043001,22.247014,0 114.043517,22.246504,0 114.043542,22.246018,0 114.043111,22.245458,0 114.04308,22.244874,0 114.044362,22.243445,0 114.044805,22.242452,0 114.045018,22.241023,0 114.045467,22.240243,0 114.047241,22.239275,0 114.048292,22.23838,0 114.049282,22.238262,0 114.050242,22.238482,0 114.050703,22.239769,0 114.051554,22.240814,0 114.05145,22.242032,0 114.05238,22.242665,0 114.052598,22.243633,0 114.05046,22.246736,0 114.049385,22.24761,0 114.049336,22.248264,0 114.050648,22.251233,0 114.050703,22.253344,0 114.050011,22.254631,0 114.04783,22.255888,0 114.046494,22.256101,0 114.04503,22.255831,0 114.044465,22.255562,0 114.042041,22.25597,0</coordinates></LinearRing></outerBoundaryIs>
      </Polygon>
      <Polygon>
        <outerBoundaryIs><LinearRing><coordinates>114.046992,22.276861,0 114.049762,22.277241,0 114.051426,22.278253,0 114.054603,22.27998,0 114.054821,22.281156,0 114.054311,22.281744,0 114.052756,22.282108,0 114.052137,22.282463,0 114.051711,22.283116,0 114.051554,22.284108,0 114.050843,22.284517,0 114.049367,22.284607,0 114.048079,22.284472,0 114.047253,22.283872,0 114.046798,22.282973,0 114.046233,22.282879,0 114.045485,22.283961,0 114.045674,22.284447,0 114.047101,22.284827,0 114.048,22.285835,0 114.050339,22.286926,0 114.051128,22.287844,0 114.051292,22.288538,0 114.050381,22.288796,0 114.049555,22.290086,0 114.044945,22.289306,0 114.041896,22.288404,0 114.037996,22.287795,0 114.036927,22.28697,0 114.036812,22.285995,0 114.037711,22.285488,0 114.039071,22.285546,0 114.039916,22.285378,0 114.040426,22.284905,0 114.041379,22.281949,0 114.041853,22.281503,0 114.042868,22.281189,0 114.042284,22.280046,0 114.042096,22.279278,0 114.0424,22.278384,0 114.043196,22.277804,0 114.044198,22.277714,0 114.045856,22.276857,0 114.046992,22.276861,0</coordinates></LinearRing></outerBoundaryIs>
      </Polygon>
      <Polygon>
        <outerBoundaryIs><LinearRing><coordinates>113.904293,22.168146,0 113.905544,22.169004,0 113.906048,22.168963,0 113.906376,22.168334,0 113.906777,22.168469,0 113.90719,22.169748,0 113.90688,22.170455,0 113.906237,22.170475,0 113.905605,22.169409,0 113.90405,22.169372,0 113.902871,22.16898,0 113.903078,22.168579,0 113.904293,22.168146,0</coordinates></LinearRing></outerBoundaryIs>
      </Polygon>
      <Polygon>
        <outerBoundaryIs><LinearRing><coordinates>114.249527,22.17537,0 114.250013,22.175599,0 114.250809,22.176429,0 114.250772,22.178206,0 114.251598,22.178464,0 114.254982,22.177254,0 114.255109,22.176343,0 114.255747,22.176302,0 114.259495,22.177826,0 114.260491,22.178525,0 114.261444,22.179755,0 114.262064,22.181279,0 114.262167,22.183248,0 114.261639,22.185638,0 114.260788,22.187105,0 114.260005,22.187571,0 114.258055,22.187612,0 114.252716,22.186468,0 114.249351,22.186108,0 114.248276,22.185597,0 114.248002,22.185091,0 114.248586,22.18344,0 114.248543,22.181998,0 114.248148,22.180073,0 114.248166,22.178672,0 114.249102,22.177826,0 114.249205,22.177401,0 114.248841,22.175983,0 114.249527,22.17537,0</coordinates></LinearRing></outerBoundaryIs>
      </Polygon>
      <Polygon>
        <outerBoundaryIs><LinearRing><coordinates>114.054937,22.254247,0 114.056024,22.254283,0 114.057871,22.25586,0 114.058873,22.256125,0 114.059845,22.256836,0 114.060883,22.258984,0 114.061637,22.260021,0 114.061582,22.260854,0 114.060823,22.261642,0 114.060568,22.262365,0 114.059632,22.262626,0 114.058612,22.262606,0 114.05719,22.262145,0 114.056577,22.261765,0 114.055326,22.26183,0 114.054682,22.261565,0 114.054178,22.260695,0 114.052501,22.259788,0 114.051973,22.259115,0 114.052173,22.258281,0 114.052058,22.257457,0 114.051596,22.256783,0 114.052155,22.255374,0 114.053351,22.25508,0 114.053534,22.254557,0 114.054937,22.254247,0</coordinates></LinearRing></outerBoundaryIs>
      </Polygon>
      <Polygon>
        <outerBoundaryIs><LinearRing><coordinates>114.292125,22.177659,0 114.292993,22.177851,0 114.294008,22.178398,0 114.294269,22.179379,0 114.294232,22.180907,0 114.29399,22.181753,0 114.294044,22.182488,0 114.294378,22.182827,0 114.29467,22.184167,0 114.294372,22.185434,0 114.292951,22.18724,0 114.292107,22.187653,0 114.291347,22.18733,0 114.290758,22.186484,0 114.290515,22.185499,0 114.290594,22.184556,0 114.290078,22.184368,0 114.288905,22.18478,0 114.288213,22.184404,0 114.28746,22.183497,0 114.287247,22.182668,0 114.288025,22.181557,0 114.288249,22.179485,0 114.288857,22.178541,0 114.290381,22.177867,0 114.292125,22.177659,0</coordinates></LinearRing></outerBoundaryIs>
      </Polygon>
      <Polygon>
        <outerBoundaryIs><LinearRing><coordinates>113.927484,22.151076,0 113.928176,22.151702,0 113.92848,22.152331,0 113.928838,22.152311,0 113.928298,22.153026,0 113.92749,22.152654,0 113.926961,22.151939,0 113.927004,22.151211,0 113.927484,22.151076,0</coordinates></LinearRing></outerBoundaryIs>
      </Polygon>
      <Polygon>
        <outerBoundaryIs><LinearRing><coordinates>113.930156,22.174533,0 113.930946,22.17499,0 113.93108,22.175861,0 113.930746,22.176339,0 113.929561,22.176702,0 113.929081,22.177238,0 113.928571,22.177266,0 113.928273,22.176514,0 113.929203,22.175534,0 113.929786,22.174533,0 113.930156,22.174533,0</coordinates></LinearRing></outerBoundaryIs>
      </Polygon>
      <Polygon>
        <outerBoundaryIs><LinearRing><coordinates>114.063483,22.284802,0 114.064619,22.284958,0 114.065949,22.285721,0 114.065822,22.286219,0 114.064838,22.286954,0 114.063592,22.287236,0 114.063204,22.286799,0 114.06222,22.286897,0 114.061794,22.286272,0 114.062444,22.285795,0 114.062554,22.28499,0 114.063483,22.284802,0</coordinates></LinearRing></outerBoundaryIs>
      </Polygon>
      <Polygon>
        <outerBoundaryIs><LinearRing><coordinates>113.910118,22.170087,0 113.910646,22.170688,0 113.910221,22.171517,0 113.909662,22.171897,0 113.909031,22.17164,0 113.908806,22.170618,0 113.910118,22.170087,0</coordinates></LinearRing></outerBoundaryIs>
      </Polygon>
      <Polygon>
        <outerBoundaryIs><LinearRing><coordinates>114.309478,22.180768,0 114.310056,22.181099,0 114.311361,22.184041,0 114.311386,22.185961,0 114.310699,22.186133,0 114.309964,22.185279,0 114.309527,22.183575,0 114.309667,22.18295,0 114.308792,22.181385,0 114.308822,22.181038,0 114.309478,22.180768,0</coordinates></LinearRing></outerBoundaryIs>
      </Polygon>
      <Polygon>
        <outerBoundaryIs><LinearRing><coordinates>114.081037,22.27918,0 114.084074,22.279258,0 114.085004,22.279711,0 114.085265,22.280254,0 114.085174,22.280928,0 114.084366,22.281536,0 114.08439,22.282181,0 114.085016,22.282438,0 114.085265,22.283835,0 114.084973,22.284451,0 114.08439,22.284602,0 114.081037,22.283618,0 114.079154,22.282206,0 114.078881,22.281373,0 114.079094,22.280078,0 114.079847,22.279303,0 114.081037,22.27918,0</coordinates></LinearRing></outerBoundaryIs>
      </Polygon>
      <Polygon>
        <outerBoundaryIs><LinearRing><coordinates>113.929853,22.17336,0 113.929543,22.174226,0 113.929045,22.174071,0 113.929853,22.17336,0</coordinates></LinearRing></outerBoundaryIs>
      </Polygon>
      <Polygon>
        <outerBoundaryIs><LinearRing><coordinates>113.841814,22.211863,0 113.842622,22.211912,0 113.843139,22.212332,0 113.843679,22.213378,0 113.843625,22.214604,0 113.842215,22.214661,0 113.841547,22.215053,0 113.840168,22.21498,0 113.839859,22.214534,0 113.840089,22.21328,0 113.84128,22.212071,0 113.841814,22.211863,0</coordinates></LinearRing></outerBoundaryIs>
      </Polygon>
      <Polygon>
        <outerBoundaryIs><LinearRing><coordinates>114.255486,22.158731,0 114.253985,22.157979,0 114.25373,22.1569,0 114.254617,22.15663,0 114.256658,22.157537,0 114.256707,22.158302,0 114.255874,22.158972,0 114.255486,22.158731,0</coordinates></LinearRing></outerBoundaryIs>
      </Polygon>
      <Polygon>
        <outerBoundaryIs><LinearRing><coordinates>114.13882,22.220224,0 114.139628,22.220429,0 114.140746,22.221107,0 114.141396,22.22241,0 114.141019,22.223456,0 114.140351,22.223786,0 114.139762,22.22375,0 114.138134,22.222622,0 114.137891,22.221577,0 114.138243,22.220372,0 114.13882,22.220224,0</coordinates></LinearRing></outerBoundaryIs>
      </Polygon>
      <Polygon>
        <outerBoundaryIs><LinearRing><coordinates>113.921446,22.159066,0 113.921865,22.159258,0 113.921725,22.160161,0 113.921343,22.160263,0 113.921051,22.159401,0 113.921446,22.159066,0</coordinates></LinearRing></outerBoundaryIs>
      </Polygon>
      <Polygon>
        <outerBoundaryIs><LinearRing><coordinates>113.950377,22.211328,0 113.951118,22.211479,0 113.951562,22.212096,0 113.950802,22.212406,0 113.950177,22.211822,0 113.950377,22.211328,0</coordinates></LinearRing></outerBoundaryIs>
      </Polygon>
      <Polygon>
        <outerBoundaryIs><LinearRing><coordinates>114.307608,22.178194,0 114.308841,22.178827,0 114.309478,22.180098,0 114.309381,22.180556,0 114.308816,22.180936,0 114.30816,22.180793,0 114.306861,22.179742,0 114.306848,22.178582,0 114.307608,22.178194,0</coordinates></LinearRing></outerBoundaryIs>
      </Polygon>
      <Polygon>
        <outerBoundaryIs><LinearRing><coordinates>114.294779,22.185083,0 114.295466,22.185589,0 114.295708,22.186488,0 114.295387,22.187461,0 114.294949,22.187489,0 114.294269,22.186427,0 114.294779,22.185083,0</coordinates></LinearRing></outerBoundaryIs>
      </Polygon>
      <Polygon>
        <outerBoundaryIs><LinearRing><coordinates>114.241953,22.171869,0 114.242621,22.172281,0 114.242171,22.172935,0 114.241363,22.173041,0 114.241035,22.172343,0 114.241953,22.171869,0</coordinates></LinearRing></outerBoundaryIs>
      </Polygon>
      <Polygon>
        <outerBoundaryIs><LinearRing><coordinates>113.912232,22.170177,0 113.912068,22.170753,0 113.91163,22.170528,0 113.912232,22.170177,0</coordinates></LinearRing></outerBoundaryIs>
      </Polygon>
    </MultiGeometry>
    </Placemark>
  </Document>
</kml>
