<?xml version="1.0" encoding="UTF-8"?>
<kml xmlns="http://www.opengis.net/kml/2.2">
<Document>
<name>广东省_全省轮廓</name>
<Placemark><name>广东省_全省轮廓</name><MultiGeometry><Polygon><outerBoundaryIs><LinearRing><coordinates>110.575890999999999,20.350687000000001,0 110.586389999999994,20.381091000000001,0 110.594284000000002,20.371155000000002,0 110.593671000000001,20.360678,0 110.564548000000002,20.325302000000001,0 110.556655000000006,20.327463000000002,0 110.575890999999999,20.350687000000001,0</coordinates></LinearRing></outerBoundaryIs></Polygon><Polygon><outerBoundaryIs><LinearRing><coordinates>110.408743999999999,20.695999,0 110.410430000000005,20.707908,0 110.423841999999993,20.71114,0 110.435413999999994,20.698747000000001,0 110.438785999999993,20.679779,0 110.428593000000006,20.675198000000002,0 110.423995000000005,20.683658999999999,0 110.420469999999995,20.676977000000001,0 110.405372,20.678053999999999,0 110.401004,20.691580999999999,0 110.408743999999999,20.695999,0</coordinates></LinearRing></outerBoundaryIs></Polygon><Polygon><outerBoundaryIs><LinearRing><coordinates>110.604552999999996,20.952331000000001,0 110.639807000000005,20.940173000000001,0 110.645017999999993,20.935654,0 110.646321,20.917307000000001,0 110.634135000000001,20.899011000000002,0 110.621106999999995,20.870380000000001,0 110.611756999999997,20.860046000000001,0 110.588536000000005,20.856762,0 110.562631999999994,20.861068,0 110.551519999999996,20.872641000000002,0 110.546002000000001,20.894974999999999,0 110.548913999999996,20.908643999999999,0 110.567690999999996,20.925324,0 110.584091000000001,20.948834000000002,0 110.589686,20.953084,0 110.604552999999996,20.952331000000001,0</coordinates></LinearRing></outerBoundaryIs></Polygon><Polygon><outerBoundaryIs><LinearRing><coordinates>110.467371999999997,20.987185,0 110.451661000000001,20.988368000000001,0 110.434341000000003,20.985140999999999,0 110.407517999999996,20.990466000000001,0 110.391654000000003,20.985893999999998,0 110.363911000000002,20.988046000000001,0 110.347663999999995,20.984764999999999,0 110.309498000000005,20.963357999999999,0 110.272253000000006,20.952976,0 110.241597999999996,20.949372,0 110.214467999999997,20.937698000000001,0 110.201210000000003,20.938396999999998,0 110.198451000000006,20.956903000000001,0 110.205348000000001,20.978525999999999,0 110.211095999999998,20.986861999999999,0 110.227649,20.994876000000001,0 110.262673000000007,21.025956000000001,0 110.275778000000003,21.033591000000001,0 110.283595000000005,21.053643999999998,0 110.306126000000006,21.088099,0 110.328963999999999,21.088152000000001,0 110.334864999999994,21.078585,0 110.352491999999998,21.079498999999998,0 110.383684000000002,21.092773999999999,0 110.398550999999998,21.096267999999998,0 110.413878999999994,21.093688,0 110.433881,21.078693000000001,0 110.459708000000006,21.062889999999999,0 110.478943999999998,21.062729000000001,0 110.497643999999994,21.076059000000001,0 110.517570000000006,21.078962000000001,0 110.530137999999994,21.077456999999999,0 110.548838000000003,21.069609,0 110.560102999999998,21.061385000000001,0 110.560716999999997,21.048321999999999,0 110.539180999999999,20.987400000000001,0 110.536575999999997,20.961798000000002,0 110.538107999999994,20.937643999999999,0 110.535809,20.923010000000001,0 110.526152999999994,20.916284000000001,0 110.511821999999995,20.916553,0 110.501935000000003,20.925592999999999,0 110.495650999999995,20.950125,0 110.472890000000007,20.983150999999999,0 110.467371999999997,20.987185,0</coordinates></LinearRing></outerBoundaryIs></Polygon><Polygon><outerBoundaryIs><LinearRing><coordinates>110.422386000000003,21.190715999999998,0 110.409893999999994,21.146508000000001,0 110.401234000000002,21.131087999999998,0 110.388282000000004,21.125823,0 110.376940000000005,21.133344999999998,0 110.371498000000003,21.131035000000001,0 110.359696,21.113893999999998,0 110.348967000000002,21.106048000000001,0 110.334406000000001,21.101427000000001,0 110.311644000000001,21.099761000000001,0 110.296930000000003,21.093795,0 110.249644000000004,21.045258,0 110.247652000000002,21.020741000000001,0 110.23424,21.014341999999999,0 110.216997000000006,21.040579999999999,0 110.217993000000007,21.053052999999998,0 110.211248999999995,21.054182000000001,0 110.203738999999999,21.040312,0 110.201898999999997,21.029343999999998,0 110.207263999999995,21.009717999999999,0 110.205040999999994,21.003426000000001,0 110.180746999999997,20.981753000000001,0 110.179520999999994,20.960453000000001,0 110.175689000000006,20.940280000000001,0 110.177682000000004,20.907083,0 110.184196,20.891746000000001,0 110.201210000000003,20.867311999999998,0 110.209716,20.860206999999999,0 110.233243999999999,20.858485000000002,0 110.257690999999994,20.843305000000001,0 110.269034000000005,20.839697999999999,0 110.291488999999999,20.848203000000002,0 110.332490000000007,20.848365000000001,0 110.357014000000007,20.839375,0 110.393722999999994,20.816655000000001,0 110.404758999999999,20.783269000000001,0 110.407747999999998,20.764365000000002,0 110.407364999999999,20.732098000000001,0 110.405294999999995,20.721377,0 110.392267000000004,20.682905000000002,0 110.411349999999999,20.671156,0 110.442234999999997,20.671479000000001,0 110.466145999999995,20.680264000000001,0 110.486914999999996,20.64011,0 110.493274999999997,20.613855999999998,0 110.499790000000004,20.572443,0 110.522934000000006,20.514728000000002,0 110.546462000000005,20.480789999999999,0 110.551749999999998,20.462982,0 110.545771999999999,20.427520999999999,0 110.541556999999997,20.420665,0 110.516727000000003,20.404361000000002,0 110.491665999999995,20.374124999999999,0 110.483542,20.358301999999998,0 110.452274000000003,20.311202999999999,0 110.436409999999995,20.297156999999999,0 110.425145000000001,20.291646,0 110.404528999999997,20.289161,0 110.389584999999997,20.293213000000002,0 110.376172999999994,20.288620999999999,0 110.348814000000004,20.25901,0 110.327507999999995,20.251552,0 110.296777000000006,20.249175000000001,0 110.285663999999997,20.238312000000001,0 110.277463999999995,20.248850000000001,0 110.258304999999993,20.253174000000001,0 110.216459999999998,20.250526000000001,0 110.192243000000005,20.227664000000001,0 110.168638999999999,20.219501999999999,0 110.146337000000003,20.217610000000001,0 110.117981,20.219773,0 110.082573999999994,20.258686000000001,0 110.076520000000002,20.259929,0 110.026246,20.257389,0 109.993368000000004,20.254470999999999,0 109.986317999999997,20.251714,0 109.968461000000005,20.228259000000001,0 109.949302000000003,20.216691000000001,0 109.929222999999993,20.211718000000001,0 109.913511999999997,20.219448,0 109.909296999999995,20.230691,0 109.917420000000007,20.282406999999999,0 109.915811000000005,20.316875,0 109.902475999999993,20.339507999999999,0 109.871131000000005,20.361705000000001,0 109.861244999999997,20.376663000000001,0 109.860709,20.391997,0 109.864924000000002,20.401716,0 109.886612,20.410084000000001,0 109.895578999999998,20.427520999999999,0 109.898797999999999,20.447275999999999,0 109.896882000000005,20.461848,0 109.888298000000006,20.475448,0 109.839939999999999,20.489477999999998,0 109.824459000000004,20.502912999999999,0 109.816564999999997,20.518774000000001,0 109.812119999999993,20.541592999999999,0 109.813575999999998,20.574655,0 109.802999999999997,20.600753999999998,0 109.793344000000005,20.615635000000001,0 109.777479999999997,20.622536,0 109.749123999999995,20.617953,0 109.745062000000004,20.621134000000001,0 109.732724000000005,20.674766999999999,0 109.729888000000003,20.719653000000001,0 109.711725000000001,20.774705999999998,0 109.693026000000003,20.807393999999999,0 109.664822999999998,20.862306,0 109.657082000000003,20.888033,0 109.654937000000004,20.903531999999998,0 109.655625999999998,20.929251000000001,0 109.664133000000007,21.010363000000002,0 109.673866000000004,21.068265,0 109.667122000000006,21.112604000000001,0 109.667505000000006,21.121793,0 109.674938999999995,21.136621999999999,0 109.720768000000007,21.183734000000001,0 109.758550999999997,21.217459999999999,0 109.763992000000002,21.226265999999999,0 109.765218000000004,21.262184000000001,0 109.760082999999995,21.335547999999999,0 109.757478000000006,21.346761999999998,0 109.770658999999995,21.359529999999999,0 109.836798000000002,21.359155000000001,0 109.862165000000005,21.362642000000001,0 109.868831999999998,21.365807,0 109.889753999999996,21.395897999999999,0 109.904698999999994,21.430112000000001,0 109.894352999999995,21.442283,0 109.843464999999995,21.442926,0 109.819170999999997,21.445284999999998,0 109.785604000000006,21.456918999999999,0 109.788363000000004,21.490476000000001,0 109.774185000000003,21.507625999999998,0 109.772881999999996,21.531258000000001,0 109.754795000000001,21.556332999999999,0 109.752112999999994,21.5776,0 109.754489000000007,21.582581999999999,0 109.743836000000002,21.60106,0 109.746212,21.622962999999999,0 109.753799000000001,21.627835999999999,0 109.757018000000002,21.644917,0 109.765985000000001,21.657230999999999,0 109.766368,21.668044999999999,0 109.777862999999996,21.670507000000001,0 109.786063999999996,21.646522999999998,0 109.784683999999999,21.638169999999999,0 109.795182999999994,21.630459999999999,0 109.807215999999997,21.628907000000002,0 109.809055000000001,21.642989,0 109.820014,21.637848999999999,0 109.844615000000005,21.638331000000001,0 109.853274999999996,21.649948999999999,0 109.864157000000006,21.646844000000002,0 109.874043999999998,21.658086999999998,0 109.884772999999996,21.648076,0 109.898337999999995,21.649628,0 109.915811000000005,21.668793999999998,0 109.906844000000007,21.672488000000001,0 109.913741999999999,21.683782000000001,0 109.904622000000003,21.686993999999999,0 109.915351000000001,21.705618999999999,0 109.923781000000005,21.704442,0 109.922631999999993,21.727506999999999,0 109.941715000000002,21.736709999999999,0 109.931291999999999,21.752172999999999,0 109.939952000000005,21.768115000000002,0 109.935584000000006,21.798658,0 109.940718000000004,21.807963999999998,0 109.936197000000007,21.812830000000002,0 109.946772999999993,21.824328000000001,0 109.945392999999996,21.830317000000001,0 109.953362999999996,21.842293999999999,0 109.944933000000006,21.846838999999999,0 109.978654000000006,21.866246,0 109.986241000000007,21.879128000000001,0 110.005016999999995,21.880198,0 110.006550000000004,21.875119000000002,0 110.022183999999996,21.869667,0 110.038048000000003,21.869987999999999,0 110.054372000000001,21.856836999999999,0 110.082037999999997,21.864481000000001,0 110.092153999999994,21.883993,0 110.097211999999999,21.886291,0 110.101196999999999,21.870255,0 110.107941999999994,21.870788999999998,0 110.107174999999998,21.882603,0 110.119820000000004,21.901683999999999,0 110.133461999999994,21.899867,0 110.141814999999994,21.881800999999999,0 110.150858999999997,21.897088,0 110.161281000000002,21.894255000000001,0 110.182050000000004,21.899653000000001,0 110.185728999999995,21.893613999999999,0 110.212014999999994,21.893079,0 110.210099,21.887467000000001,0 110.236002999999997,21.878647000000001,0 110.254778999999999,21.881694,0 110.272481999999997,21.895002999999999,0 110.283748000000003,21.892223999999999,0 110.290415999999993,21.917984000000001,0 110.312027,21.906600999999998,0 110.323905999999994,21.892811999999999,0 110.337317999999996,21.887841000000002,0 110.348659999999995,21.890941000000002,0 110.368126000000004,21.889016999999999,0 110.381000999999998,21.892865,0 110.387591999999998,21.890407,0 110.396328999999994,21.906120000000001,0 110.395945999999995,21.91264,0 110.384297000000004,21.930595,0 110.372953999999993,21.933319999999998,0 110.391116999999994,21.950258000000002,0 110.376785999999996,21.967780999999999,0 110.352952000000002,21.976595,0 110.359926000000002,21.993901000000001,0 110.356324000000001,22.007359999999998,0 110.363528000000002,22.005811000000001,0 110.347740999999999,22.038972000000001,0 110.353104999999999,22.043564,0 110.355480999999997,22.061556,0 110.351725999999999,22.074421000000001,0 110.358852999999996,22.075915999999999,0 110.359235999999996,22.084083,0 110.351265999999995,22.088992999999999,0 110.350806000000006,22.096999,0 110.365673999999999,22.098707000000001,0 110.362915000000001,22.110288000000001,0 110.364600999999993,22.125229999999998,0 110.360922000000002,22.132113,0 110.352186000000003,22.132487000000001,0 110.334328999999997,22.149027,0 110.326588999999998,22.152654999999999,0 110.326052000000004,22.164445000000001,0 110.334789000000001,22.170366000000001,0 110.337470999999994,22.184021999999999,0 110.342528999999999,22.183434999999999,0 110.348506999999998,22.195862000000002,0 110.375406999999996,22.166312000000001,0 110.381078000000002,22.164231999999998,0 110.393493000000007,22.170473000000001,0 110.390963999999997,22.179008,0 110.399317999999994,22.187381999999999,0 110.410659999999993,22.190208999999999,0 110.409817000000004,22.203275999999999,0 110.414569,22.208555,0 110.430815999999993,22.206209000000001,0 110.453501000000003,22.192181999999999,0 110.460245,22.178581000000001,0 110.490133,22.155162000000001,0 110.483389000000003,22.150521000000001,0 110.489444000000006,22.144598999999999,0 110.510672,22.145026000000001,0 110.529448000000002,22.154468999999999,0 110.529295000000005,22.164391999999999,0 110.560333,22.196396,0 110.585317000000003,22.185088,0 110.602484000000004,22.183382000000002,0 110.598421999999999,22.163430999999999,0 110.606009,22.155909000000001,0 110.620800000000003,22.157830000000001,0 110.629076999999995,22.149080000000001,0 110.653141000000005,22.159376999999999,0 110.658123000000003,22.167539000000001,0 110.665480000000002,22.165192000000001,0 110.670462000000001,22.172820000000002,0 110.678892000000005,22.17266,0 110.675290000000004,22.188448999999999,0 110.664714000000004,22.203382000000001,0 110.652834999999996,22.207702000000001,0 110.646856999999997,22.223006999999999,0 110.653525000000002,22.238202999999999,0 110.664636999999999,22.245348,0 110.686019000000002,22.248546999999999,0 110.694525999999996,22.258248999999999,0 110.695445000000007,22.272323,0 110.711999000000006,22.277760000000001,0 110.720966000000004,22.294122999999999,0 110.725334000000004,22.295615000000002,0 110.738899000000004,22.281917,0 110.758747999999997,22.274667999999998,0 110.784497999999999,22.280798000000001,0 110.789709999999999,22.286660999999999,0 110.785571000000004,22.294602999999999,0 110.772619000000006,22.295562,0 110.773233000000005,22.307393000000001,0 110.760510999999994,22.324818,0 110.749397999999999,22.329774,0 110.750164999999996,22.344798999999998,0 110.741275000000002,22.362006999999998,0 110.729395999999994,22.366375000000001,0 110.723800999999995,22.359876,0 110.711539000000002,22.369624000000002,0 110.712382000000005,22.395457,0 110.706863999999996,22.405362,0 110.713992000000005,22.417078,0 110.713301999999999,22.437470999999999,0 110.706710999999999,22.446414999999998,0 110.693528999999998,22.448278999999999,0 110.692685999999995,22.457754999999999,0 110.683490000000006,22.473405,0 110.688241000000005,22.477768999999999,0 110.698357999999999,22.474468999999999,0 110.705101999999997,22.466432000000001,0 110.725947000000005,22.461214999999999,0 110.741350999999995,22.464302,0 110.747788999999997,22.476119000000001,0 110.739971999999995,22.488734000000001,0 110.740431999999998,22.498844999999999,0 110.750471000000005,22.517045,0 110.760817000000003,22.516779,0 110.754302999999993,22.536837999999999,0 110.756908999999993,22.548435999999999,0 110.748095000000006,22.554766999999998,0 110.761506999999995,22.559607,0 110.764495999999994,22.565937999999999,0 110.760204000000002,22.580777000000001,0 110.778673999999995,22.585405000000002,0 110.793542000000002,22.571363000000002,0 110.799212999999995,22.556840999999999,0 110.805803999999995,22.558916,0 110.807565999999994,22.570671999999998,0 110.815460000000002,22.578064999999999,0 110.833240000000004,22.584925999999999,0 110.853779000000003,22.582267000000002,0 110.861213000000006,22.587745000000002,0 110.877690000000001,22.582692000000002,0 110.887269000000003,22.583542999999999,0 110.897921999999994,22.591999000000001,0 110.895853000000002,22.613537000000001,0 110.941299000000001,22.608112999999999,0 110.957699000000005,22.616727000000001,0 110.961760999999996,22.625765999999999,0 110.959001999999998,22.636506000000001,0 110.977318999999994,22.641556999999999,0 110.987358,22.640228,0 110.997090999999998,22.631349,0 111.010042999999996,22.644905999999999,0 111.027975999999995,22.651551000000001,0 111.030735000000007,22.646767000000001,0 111.055642000000006,22.648520999999999,0 111.062079999999995,22.666169,0 111.074034999999995,22.667231999999998,0 111.089669000000001,22.694285000000001,0 111.083155000000005,22.708739000000001,0 111.063918999999999,22.719897,0 111.060547,22.731532999999999,0 111.085378000000006,22.729672999999998,0 111.095111000000003,22.733445,0 111.099249,22.741786000000001,0 111.120093999999995,22.742424,0 111.146304000000001,22.737269999999999,0 111.174736999999993,22.740086000000002,0 111.176192999999998,22.736260999999999,0 111.202096999999995,22.740458,0 111.204626000000005,22.750126000000002,0 111.218496999999999,22.748107999999998,0 111.232139000000004,22.758997000000001,0 111.239035999999999,22.768823999999999,0 111.241105000000005,22.781305,0 111.255206999999999,22.787094,0 111.256893000000005,22.793838000000001,0 111.272143,22.790652000000001,0 111.272833000000006,22.798883,0 111.291608999999994,22.807804000000001,0 111.287623999999994,22.816087,0 111.306629999999998,22.839606,0 111.303640999999999,22.843959000000002,0 111.319659000000001,22.851232,0 111.330540999999997,22.866094,0 111.341577000000001,22.870552,0 111.35154,22.885147,0 111.358744000000002,22.889233000000001,0 111.361963000000003,22.909980999999998,0 111.370316000000003,22.915445999999999,0 111.375528000000003,22.926534,0 111.373994999999994,22.939212999999999,0 111.364722,22.947593999999999,0 111.369320000000002,22.951042000000001,0 111.363572000000005,22.968598,0 111.375373999999994,22.967856000000001,0 111.377290000000002,22.973265000000001,0 111.397216,22.981273000000002,0 111.403729999999996,22.991242,0 111.389628999999999,23.005611999999999,0 111.396985999999998,23.013352999999999,0 111.414000000000001,23.016110000000001,0 111.416068999999993,23.025652999999998,0 111.434002000000007,23.036201999999999,0 111.427181000000004,23.060637,0 111.434539000000001,23.071555,0 111.402044000000004,23.066202000000001,0 111.394687000000005,23.068110000000001,0 111.379513000000003,23.081305,0 111.374224999999996,23.092538999999999,0 111.374990999999994,23.111294999999998,0 111.379973000000007,23.123162000000001,0 111.376599999999996,23.142019999999999,0 111.366023999999996,23.144721000000001,0 111.398672000000005,23.159815999999999,0 111.392464000000004,23.169560000000001,0 111.384341000000006,23.167653999999999,0 111.384264000000002,23.194130000000001,0 111.388862000000003,23.210225000000001,0 111.377903000000003,23.215783999999999,0 111.379205999999996,23.221554000000001,0 111.365795000000006,23.236903999999999,0 111.371926000000002,23.264319,0 111.36112,23.270564,0 111.351232999999993,23.266013000000001,0 111.349624000000006,23.272786,0 111.356598000000005,23.283369,0 111.353379000000004,23.288976999999999,0 111.376524000000003,23.304638000000001,0 111.375067999999999,23.315270999999999,0 111.365565000000004,23.31982,0 111.361963000000003,23.330293000000001,0 111.364722,23.343886000000001,0 111.373382000000007,23.355202999999999,0 111.377979999999994,23.369586999999999,0 111.389168999999995,23.375985,0 111.392081000000005,23.391106000000001,0 111.383420999999998,23.399671000000001,0 111.395606999999998,23.438310000000001,0 111.392848000000001,23.446712000000002,0 111.399974999999998,23.456859000000001,0 111.399744999999996,23.469382,0 111.428866999999997,23.466581000000001,0 111.433848999999995,23.480266,0 111.438754000000003,23.481005,0 111.452011999999996,23.500975,0 111.459598999999997,23.499759999999998,0 111.464274000000003,23.511486000000001,0 111.480215000000001,23.532613000000001,0 111.478452000000004,23.543914000000001,0 111.481900999999993,23.558858000000001,0 111.489028000000005,23.561339,0 111.488951,23.592276999999999,0 111.482743999999997,23.605684,0 111.487035000000006,23.626638,0 111.508263999999997,23.62574,0 111.538381999999999,23.630859000000001,0 111.551103999999995,23.640464000000001,0 111.564285999999996,23.633181,0 111.584288000000001,23.644684999999999,0 111.588579999999993,23.638141999999998,0 111.594404999999995,23.643471000000002,0 111.607433,23.637402999999999,0 111.615633000000003,23.638985999999999,0 111.614789999999999,23.658773,0 111.625596000000002,23.676500000000001,0 111.637091999999996,23.678293,0 111.635559000000001,23.684518000000001,0 111.643223000000006,23.696123,0 111.665294000000003,23.699973,0 111.662689,23.706408,0 111.666749999999993,23.718907000000002,0 111.621611000000001,23.725974000000001,0 111.618314999999996,23.734780000000001,0 111.629351,23.736362,0 111.628048000000007,23.788606999999999,0 111.639161000000001,23.786550999999999,0 111.641153000000003,23.797039999999999,0 111.649354000000002,23.811059,0 111.645827999999995,23.815327,0 111.653722000000002,23.821967000000001,0 111.654871999999997,23.833296000000001,0 111.664451,23.834876999999999,0 111.693496999999994,23.817277000000001,0 111.696945999999997,23.835930999999999,0 111.714572000000004,23.837195000000001,0 111.719707,23.825814000000001,0 111.737793999999994,23.819227000000001,0 111.745993999999996,23.820754999999998,0 111.752354999999994,23.812745,0 111.765843000000004,23.815010999999998,0 111.774963,23.808160000000001,0 111.791593000000006,23.809162000000001,0 111.796190999999993,23.815695999999999,0 111.810598999999996,23.807001,0 111.815274000000002,23.829080999999999,0 111.824776999999997,23.832348,0 111.820102000000006,23.855371999999999,0 111.823780999999997,23.871755,0 111.816884000000002,23.875073,0 111.812668000000002,23.887504,0 111.822631000000001,23.903566999999999,0 111.822861000000003,23.911201999999999,0 111.838879000000006,23.911359999999998,0 111.845928999999998,23.904409000000001,0 111.857654999999994,23.918310999999999,0 111.851293999999996,23.934159999999999,0 111.854436000000007,23.947427000000001,0 111.866084999999998,23.946321000000001,0 111.878960000000006,23.936212999999999,0 111.886700000000005,23.944320999999999,0 111.897506000000007,23.946636999999999,0 111.911991,23.943951999999999,0 111.910150999999999,23.952164,0 111.917585000000003,23.952269999999999,0 111.940347000000003,23.987746000000001,0 111.921493999999996,24.012004999999998,0 111.921034000000006,24.037364,0 111.905783,24.046832999999999,0 111.896969999999996,24.069607999999999,0 111.887927000000005,24.079180000000001,0 111.888769999999994,24.092064000000001,0 111.883482000000001,24.095586999999998,0 111.878653,24.110099999999999,0 111.878806999999995,24.126818,0 111.88785,24.154730000000001,0 111.886776999999995,24.163875000000001,0 111.871219999999994,24.176593,0 111.877887000000001,24.228922000000001,0 111.912834000000004,24.221726,0 111.920804000000004,24.233491999999998,0 111.942645999999996,24.234857999999999,0 111.940730000000002,24.245152999999998,0 111.952685000000002,24.251560000000001,0 111.956057000000001,24.26033,0 111.969009,24.263691000000001,0 111.975982999999999,24.255078999999999,0 111.988015000000004,24.259018000000001,0 111.990391000000002,24.279812,0 112.003112999999999,24.281649999999999,0 112.015911000000003,24.293989,0 112.026104000000004,24.295090999999999,0 112.033231000000001,24.313359999999999,0 112.045186999999999,24.320761999999998,0 112.050551999999996,24.332571999999999,0 112.059442000000004,24.339708999999999,0 112.061817000000005,24.368151999999998,0 112.057678999999993,24.387093,0 112.043577999999997,24.392706,0 112.042120999999995,24.410278999999999,0 112.023191999999995,24.441538000000001,0 111.999741,24.450451999999999,0 111.996521999999999,24.459261000000001,0 111.986636000000004,24.464504999999999,0 111.987095999999994,24.480861999999998,0 111.996369000000001,24.494910999999998,0 112.009703999999999,24.502877999999999,0 112.005258999999995,24.512051,0 112.007405000000006,24.534533,0 111.997825000000006,24.551196000000001,0 111.989855000000006,24.550775999999999,0 111.978281999999993,24.561360000000001,0 111.971997999999999,24.578648000000001,0 111.963337999999993,24.5809,0 111.948547000000005,24.592686,0 111.937128000000001,24.595828000000001,0 111.938430999999994,24.609497999999999,0 111.927471999999995,24.629397000000001,0 111.934291999999999,24.641911,0 111.953528000000006,24.647199000000001,0 111.947551000000004,24.665364,0 111.939196999999993,24.669499999999999,0 111.944179000000005,24.676409,0 111.939656999999997,24.686616000000001,0 111.952838999999997,24.696349999999999,0 111.961344999999994,24.721205999999999,0 111.972688000000005,24.72738,0 111.985026000000005,24.727485000000001,0 111.999127999999999,24.733135000000001,0 112.013919000000001,24.731514000000001,0 112.030473000000001,24.745063999999999,0 112.033844999999999,24.771165,0 112.054230000000004,24.788895,0 112.059212000000002,24.799510000000001,0 112.083811999999995,24.804843999999999,0 112.096457999999998,24.817235,0 112.097223999999997,24.826384999999998,0 112.112628000000001,24.831507999999999,0 112.124047000000004,24.841073999999999,0 112.141444000000007,24.844524,0 112.149490999999998,24.836945,0 112.161062999999999,24.844211000000001,0 112.171103000000002,24.862712999999999,0 112.165661,24.867208000000002,0 112.168189999999996,24.890827999999999,0 112.175163999999995,24.927503999999999,0 112.152479999999997,24.932414000000001,0 112.142133999999999,24.937951000000002,0 112.120062000000004,24.963698000000001,0 112.122743999999997,24.990485,0 112.134623000000005,24.995809999999999,0 112.155698000000001,25.026973999999999,0 112.148877999999996,25.035429000000001,0 112.153553000000002,25.045501999999999,0 112.152173000000005,25.055938999999999,0 112.162749000000005,25.068462,0 112.165814999999995,25.085000999999998,0 112.177080000000004,25.107379000000002,0 112.174167999999995,25.129493,0 112.183901000000006,25.141069999999999,0 112.183288000000005,25.14884,0 112.193173999999999,25.172197000000001,0 112.187349999999995,25.183091999999998,0 112.201757999999998,25.185803,0 112.246590999999995,25.184968999999999,0 112.255556999999996,25.171571,0 112.256094000000004,25.159372000000001,0 112.281997000000004,25.164742,0 112.288435000000007,25.15859,0 112.302536000000003,25.157181999999999,0 112.313648000000001,25.173916999999999,0 112.329896000000005,25.173812999999999,0 112.350893999999997,25.187054,0 112.364841999999996,25.191693000000001,0 112.373732000000004,25.177567,0 112.393122000000005,25.160153999999999,0 112.387373999999994,25.152176999999998,0 112.399483000000004,25.140653,0 112.413353999999998,25.141331000000001,0 112.426152999999999,25.156244000000001,0 112.430673999999996,25.175273000000001,0 112.443012999999993,25.185593999999998,0 112.454814999999996,25.173500000000001,0 112.452669,25.159841,0 112.458264,25.152072,0 112.477500000000006,25.151394,0 112.491065000000006,25.144459000000001,0 112.502636999999993,25.144615999999999,0 112.507694999999998,25.136742000000002,0 112.537047000000001,25.134239000000001,0 112.562644000000006,25.124486999999998,0 112.596518000000003,25.126259999999998,0 112.612764999999996,25.133196000000002,0 112.624797000000001,25.134081999999999,0 112.628169,25.140601,0 112.648017999999993,25.133613,0 112.659820999999994,25.132778999999999,0 112.667867999999999,25.122140000000002,0 112.668863999999999,25.113951,0 112.679745999999994,25.109935,0 112.695227000000003,25.095538000000001,0 112.697295999999994,25.089956999999998,0 112.715613000000005,25.078375000000001,0 112.719215000000005,25.048268,0 112.715153000000001,25.026035,0 112.725881999999999,25.010062000000001,0 112.741822999999997,24.998577000000001,0 112.745348000000007,24.981348000000001,0 112.742205999999996,24.977484,0 112.746343999999993,24.956492000000001,0 112.773473999999993,24.949963,0 112.784433000000007,24.938576999999999,0 112.782211000000004,24.922698,0 112.786732000000001,24.912406000000001,0 112.780754999999999,24.897307000000001,0 112.788342,24.892396000000002,0 112.804435999999995,24.890723999999999,0 112.842065000000005,24.897151000000001,0 112.873486,24.89668,0 112.879311000000001,24.907809,0 112.904370999999998,24.921810000000001,0 112.924526999999998,24.918883999999998,0 112.937402000000006,24.920452000000001,0 112.941770000000005,24.915907000000001,0 112.959243999999998,24.923480999999999,0 112.966830999999999,24.919301999999998,0 112.984457000000006,24.921182999999999,0 112.994804000000002,24.927347000000001,0 112.991660999999993,24.937532999999998,0 113.011893999999998,24.946099,0 113.002774000000002,24.957118000000001,0 113.008521999999999,24.961974999999999,0 113.009978000000004,24.97738,0 113.002083999999996,24.991059,0 112.990511999999995,24.995393,0 112.992045000000005,25.017944,0 112.978480000000005,25.026503999999999,0 112.979705999999993,25.034125,0 113.002391000000003,25.058235,0 113.002007000000006,25.071123,0 113.018407999999994,25.083121999999999,0 113.004536999999999,25.089174,0 112.999632000000005,25.10305,0 112.991124999999997,25.109466000000001,0 112.986833000000004,25.119219000000001,0 112.972808999999998,25.132100999999999,0 112.967979999999997,25.141643999999999,0 112.974340999999995,25.168234999999999,0 112.991585000000001,25.176784999999999,0 113.008598000000006,25.190128999999999,0 113.030517000000003,25.194507999999999,0 113.034502000000003,25.201388000000001,0 113.029750000000007,25.210508000000001,0 113.017718000000002,25.211186000000001,0 113.006681999999998,25.231508999999999,0 112.992581000000001,25.247192999999999,0 112.979935999999995,25.245056000000002,0 112.972885000000005,25.251152000000001,0 112.958400999999995,25.254382,0 112.951886000000002,25.245733999999999,0 112.944222999999994,25.249485,0 112.923990000000003,25.248650999999999,0 112.910731999999996,25.245161,0 112.904523999999995,25.238439,0 112.880920000000003,25.249641,0 112.868351000000004,25.248808,0 112.865898999999999,25.259799999999998,0 112.873946000000004,25.274281999999999,0 112.866435999999993,25.276574,0 112.856396000000004,25.291574000000001,0 112.855475999999996,25.313654,0 112.858772000000002,25.320215000000001,0 112.851798000000002,25.33344,0 112.857392000000004,25.336824,0 112.868735000000001,25.327817,0 112.877701000000002,25.333752,0 112.894868000000002,25.337605,0 112.900615999999999,25.311363,0 112.913184000000001,25.299907000000001,0 112.927822000000006,25.299907000000001,0 112.931807000000006,25.322818999999999,0 112.945065999999997,25.326359,0 112.951120000000003,25.337448999999999,0 112.964685000000003,25.342134000000001,0 112.968134000000006,25.349838999999999,0 112.987983,25.353795000000002,0 112.995417000000003,25.348953999999999,0 113.009210999999993,25.352858000000001,0 113.023696000000001,25.345934,0 113.029750000000007,25.361239000000001,0 113.041629,25.366026999999999,0 113.064620000000005,25.381796999999999,0 113.080178000000004,25.383358000000001,0 113.080637999999993,25.390955999999999,0 113.088761000000005,25.396523999999999,0 113.090446999999998,25.406775,0 113.096885,25.410729,0 113.092363000000006,25.417493,0 113.114435,25.420562,0 113.131524999999996,25.414735,0 113.126237000000003,25.438406000000001,0 113.118497000000005,25.44548,0 113.127922999999996,25.449693,0 113.122328999999993,25.455727,0 113.134591,25.467687999999999,0 113.149995000000004,25.468,0 113.151987000000005,25.492232000000001,0 113.169307000000003,25.488021,0 113.177047999999999,25.471589000000002,0 113.200805000000003,25.479389000000001,0 113.210691999999995,25.496704000000001,0 113.226172000000005,25.509701,0 113.243262999999999,25.515628,0 113.249087000000003,25.514119999999998,0 113.260812999999999,25.499459999999999,0 113.269396,25.505282000000001,0 113.282653999999994,25.494208,0 113.291774000000004,25.500914999999999,0 113.288785000000004,25.50939,0 113.293459999999996,25.516770999999999,0 113.303347000000002,25.515836,0 113.296831999999995,25.508402,0 113.311392999999995,25.490413,0 113.309171000000006,25.481000999999999,0 113.315991999999994,25.467531999999999,0 113.313923000000003,25.442931000000002,0 113.329710000000006,25.450838000000001,0 113.340056000000004,25.449901000000001,0 113.351704999999995,25.437574000000001,0 113.359752,25.438406000000001,0 113.366956000000002,25.431175,0 113.373317,25.402612000000001,0 113.389334000000005,25.403652999999998,0 113.393625999999998,25.397565,0 113.407037000000003,25.401415,0 113.424126999999999,25.392672999999998,0 113.427728999999999,25.373262,0 113.442290999999997,25.361291000000001,0 113.449877999999998,25.359573000000001,0 113.462446,25.369827000000001,0 113.470186999999996,25.365663000000001,0 113.480073000000004,25.375187,0 113.504137,25.374979,0 113.518392000000006,25.370555,0 113.515096,25.360665999999998,0 113.524293,25.353587000000001,0 113.536095000000003,25.368525000000002,0 113.544295000000005,25.366599999999998,0 113.554564999999997,25.351869000000001,0 113.581463999999997,25.342707000000001,0 113.583303999999998,25.331878,0 113.579778000000005,25.316621999999999,0 113.585986000000005,25.307352999999999,0 113.610740000000007,25.327036,0 113.620473000000004,25.325682,0 113.631202000000002,25.330576000000001,0 113.657488999999998,25.329118999999999,0 113.663696999999999,25.337709,0 113.679101000000003,25.334481,0 113.685384999999997,25.341249000000001,0 113.687147999999993,25.352077000000001,0 113.707915999999997,25.352598,0 113.706536999999997,25.360873999999999,0 113.725237000000007,25.358636000000001,0 113.73451,25.348901999999999,0 113.744012999999995,25.363945000000001,0 113.754129000000006,25.361186,0 113.758420999999998,25.343800000000002,0 113.764167999999998,25.333596,0 113.758114000000006,25.330003999999999,0 113.780186,25.334064999999999,0 113.814978999999994,25.328702,0 113.823178999999996,25.33193,0 113.832836,25.343903999999998,0 113.833449000000002,25.353950999999999,0 113.839732999999995,25.363477,0 113.860962000000001,25.369306000000002,0 113.876902000000001,25.38034,0 113.883262999999999,25.395327000000002,0 113.881806999999995,25.406931,0 113.892077,25.411874000000001,0 113.88449,25.420302,0 113.886865,25.436637000000001,0 113.913381999999999,25.442775000000001,0 113.926563999999999,25.442150999999999,0 113.935069999999996,25.437522000000001,0 113.952544000000003,25.443816000000002,0 113.961894000000001,25.452553999999999,0 113.997912999999997,25.444232,0 114.002971000000002,25.432839999999999,0 113.983275000000006,25.415308,0 113.987719999999996,25.403497000000002,0 114.00573,25.396732,0 114.010788000000005,25.386429,0 114.023049999999998,25.384658999999999,0 114.040599999999998,25.391216,0 114.045122000000006,25.384035000000001,0 114.024353000000005,25.373989999999999,0 114.047881000000004,25.367276,0 114.041366999999994,25.360665999999998,0 114.051406,25.348849999999999,0 114.049107000000006,25.341874000000001,0 114.036767999999995,25.342707000000001,0 114.029335000000003,25.328337999999999,0 114.035466,25.320007,0 114.056157999999996,25.311883999999999,0 114.037227999999999,25.308291000000001,0 114.027648999999997,25.301832999999998,0 114.025503,25.288969999999999,0 114.014619999999994,25.280532000000001,0 114.022131000000002,25.269594000000001,0 114.031403999999995,25.263655,0 114.029105000000001,25.254225999999999,0 114.039911000000004,25.250734999999999,0 114.055927999999994,25.277667000000001,0 114.064588000000001,25.281105,0 114.068650000000005,25.273709,0 114.076312999999999,25.278500999999999,0 114.083517000000001,25.275531999999998,0 114.103750000000005,25.294438,0 114.115628999999998,25.301884999999999,0 114.126510999999994,25.300530999999999,0 114.131338999999997,25.308447000000001,0 114.144750999999999,25.310634,0 114.147203000000005,25.305323000000001,0 114.158546000000001,25.313601999999999,0 114.168508000000003,25.312508999999999,0 114.173642999999998,25.305062,0 114.194104999999993,25.317350999999999,0 114.204988,25.310269999999999,0 114.204680999999994,25.299645999999999,0 114.215871000000007,25.300740000000001,0 114.227749000000003,25.295376000000001,0 114.236025999999995,25.300115000000002,0 114.257024999999999,25.292719999999999,0 114.265915000000007,25.293813,0 114.270972999999998,25.302146,0 114.287296999999995,25.299697999999999,0 114.292890999999997,25.289178,0 114.302853999999996,25.290845000000001,0 114.295726999999999,25.299802,0 114.312357000000006,25.311831999999999,0 114.304770000000005,25.314696000000001,0 114.306225999999995,25.334116999999999,0 114.314809999999994,25.338594000000001,0 114.338183999999998,25.334064999999999,0 114.357343999999998,25.326775999999999,0 114.372823999999994,25.325422,0 114.382941000000002,25.317143000000002,0 114.387692000000001,25.323547999999999,0 114.400874000000002,25.327817,0 114.403096000000005,25.334273,0 114.417580999999998,25.335054,0 114.430149,25.343851999999998,0 114.429918999999998,25.349943,0 114.438809000000006,25.376072000000001,0 114.448006000000007,25.386533,0 114.458658,25.387834000000002,0 114.462643999999997,25.381485000000001,0 114.477740999999995,25.371544,0 114.496977000000001,25.377634,0 114.508855999999994,25.384658999999999,0 114.505944,25.398710000000001,0 114.520274999999998,25.403289000000001,0 114.531311000000002,25.414214999999999,0 114.540430999999998,25.417024999999999,0 114.556754999999995,25.406358999999998,0 114.579055999999994,25.397617,0 114.573385000000002,25.395015000000001,0 114.573002000000002,25.384502999999999,0 114.580972000000003,25.384035000000001,0 114.580359000000001,25.393505999999999,0 114.586183000000005,25.395900000000001,0 114.599748000000005,25.385856,0 114.599518000000003,25.359417000000001,0 114.611549999999994,25.358271999999999,0 114.627567999999997,25.330628000000001,0 114.636458000000005,25.324536999999999,0 114.657072999999997,25.328181000000001,0 114.664814000000007,25.326775999999999,0 114.674392999999995,25.317195000000002,0 114.685736000000006,25.313706,0 114.692250000000001,25.322141999999999,0 114.702903000000006,25.314122999999999,0 114.714398000000003,25.315373000000001,0 114.713019000000003,25.306208000000002,0 114.722828000000007,25.302146,0 114.723978000000002,25.28397,0 114.734629999999996,25.283293,0 114.742907000000002,25.274542,0 114.743596999999994,25.24813,0 114.749345000000005,25.242554999999999,0 114.738386000000006,25.240106999999998,0 114.738309000000001,25.231978000000002,0 114.748424999999997,25.235157000000001,0 114.740684999999999,25.226246,0 114.726276999999996,25.233073000000001,0 114.712711999999996,25.221817000000001,0 114.702213,25.221191999999999,0 114.693935999999994,25.213635,0 114.695161999999996,25.195184999999999,0 114.680141000000006,25.193100000000001,0 114.690333999999993,25.179756000000001,0 114.685736000000006,25.173188,0 114.702596,25.163177999999998,0 114.724821000000006,25.162813,0 114.735014000000007,25.155826000000001,0 114.732101,25.142478000000001,0 114.737696,25.130431999999999,0 114.735626999999994,25.122035,0 114.716083999999995,25.114577000000001,0 114.712022000000005,25.110039,0 114.693935999999994,25.104406000000001,0 114.679681000000002,25.106805999999999,0 114.665120000000002,25.101223999999998,0 114.665733000000003,25.091104000000001,0 114.654238000000007,25.080618000000001,0 114.640135999999998,25.073888,0 114.608715000000004,25.075870999999999,0 114.604652999999999,25.083696,0 114.598369000000005,25.071123,0 114.584957000000003,25.078688,0 114.561582999999999,25.077591999999999,0 114.546332000000007,25.053381999999999,0 114.541121000000004,25.049728999999999,0 114.539664000000002,25.031618999999999,0 114.532690000000002,25.022850999999999,0 114.516902999999999,25.024573,0 114.511385000000004,25.006616999999999,0 114.506174000000001,25.000091000000001,0 114.484639000000001,25.001761999999999,0 114.479887000000005,25.005780999999999,0 114.456665999999998,24.997219999999999,0 114.456665999999998,24.978528000000001,0 114.442181000000005,24.972314999999998,0 114.423635000000004,24.972576,0 114.425550999999999,24.959258999999999,0 114.395892000000003,24.951111999999998,0 114.396198999999996,24.937324,0 114.402176999999995,24.928443999999999,0 114.400030999999998,24.919511,0 114.390758000000005,24.913138,0 114.401026999999999,24.902636999999999,0 114.404859000000002,24.892605,0 114.403019999999998,24.877555000000001,0 114.387384999999995,24.863340999999998,0 114.377882,24.860831999999998,0 114.356577000000001,24.828999,0 114.357496999999995,24.818698999999999,0 114.349297000000007,24.816922000000002,0 114.342399,24.807352999999999,0 114.344085000000007,24.789574000000002,0 114.333892000000006,24.779900000000001,0 114.341863000000004,24.763686,0 114.335808,24.749092000000001,0 114.319637999999998,24.742291000000002,0 114.311744000000004,24.734076999999999,0 114.293198000000004,24.732036999999998,0 114.284385,24.72738,0 114.279555999999999,24.708020000000001,0 114.272506000000007,24.700431999999999,0 114.257485000000003,24.697292000000001,0 114.230815000000007,24.697762999999998,0 114.210352999999998,24.688500000000001,0 114.191575999999998,24.694203999999999,0 114.169044999999997,24.689651000000001,0 114.169810999999996,24.682585,0 114.189813999999998,24.657983000000002,0 114.181537000000006,24.653324000000001,0 114.175865999999999,24.658978000000001,0 114.174563000000006,24.645575999999998,0 114.193798999999999,24.652643000000001,0 114.207133999999996,24.653952,0 114.208742999999998,24.648665000000001,0 114.231581000000006,24.640445,0 114.242846999999998,24.645419,0 114.258481000000003,24.641544,0 114.265991999999997,24.630915000000002,0 114.279020000000003,24.631595999999998,0 114.281931999999998,24.621019,0 114.289749,24.618766999999998,0 114.291051999999993,24.600175,0 114.299942000000001,24.58839,0 114.301015000000007,24.579066999999998,0 114.308142000000004,24.574142999999999,0 114.324005999999997,24.579537999999999,0 114.331592999999998,24.576971,0 114.338566999999998,24.583362000000001,0 114.351059000000006,24.578489999999999,0 114.363857999999993,24.582523999999999,0 114.376580000000004,24.571995000000001,0 114.379722000000001,24.563403000000001,0 114.391677000000001,24.563455000000001,0 114.387309000000002,24.547999999999998,0 114.390758000000005,24.533536999999999,0 114.403402999999997,24.528715999999999,0 114.406315000000006,24.517973000000001,0 114.402023,24.498528,0 114.410989999999998,24.502564,0 114.422256000000004,24.496903,0 114.42877,24.486262,0 114.442717999999999,24.498633000000002,0 114.451454999999996,24.500361999999999,0 114.469924000000006,24.510687999999998,0 114.481112999999993,24.529973999999999,0 114.500656000000006,24.534165999999999,0 114.534147000000004,24.559002,0 114.546715000000006,24.542812000000001,0 114.562578999999999,24.537520000000001,0 114.572158999999999,24.542287999999999,0 114.592467999999997,24.537991000000002,0 114.608255,24.563613,0 114.624348999999995,24.575662000000001,0 114.638604000000001,24.570371000000002,0 114.665197000000006,24.583676000000001,0 114.677841999999998,24.553815,0 114.686502000000004,24.538568000000001,0 114.699914000000007,24.537101,0 114.705202,24.526095999999999,0 114.718689999999995,24.554130000000001,0 114.726659999999995,24.549780999999999,0 114.738078999999999,24.565079999999998,0 114.732867999999996,24.575189999999999,0 114.735703000000001,24.582837999999999,0 114.730414999999994,24.592424000000001,0 114.729878999999997,24.608922,0 114.752717000000004,24.616253,0 114.768963999999997,24.605778999999998,0 114.781226000000004,24.612953999999998,0 114.796017000000006,24.602166,0 114.804216999999994,24.605412999999999,0 114.826365999999993,24.588286,0 114.832880000000003,24.596352,0 114.846675000000005,24.60248,0 114.859243000000006,24.597294999999999,0 114.854262000000006,24.582523999999999,0 114.861619000000005,24.56728,0 114.869052999999994,24.562355,0 114.882924000000003,24.569217999999999,0 114.886679999999998,24.580271,0 114.893270000000001,24.582367000000001,0 114.893806999999995,24.590957,0 114.901854,24.607925999999999,0 114.898557999999994,24.623007999999999,0 114.905839,24.632538,0 114.909593999999998,24.661543000000002,0 114.919634000000002,24.667092,0 114.936801000000003,24.665417000000001,0 114.937414000000004,24.651910999999998,0 114.955194000000006,24.655418000000001,0 114.962321000000003,24.665154999999999,0 114.978875000000002,24.673216,0 114.991213000000002,24.673321000000001,0 115.003857999999994,24.679182999999998,0 115.007844000000006,24.672431,0 115.024856999999997,24.669132999999999,0 115.030911000000003,24.678135999999999,0 115.046699000000004,24.688761,0 115.045548999999994,24.69792,0 115.054899000000006,24.709904000000002,0 115.059421,24.702735000000001,0 115.073829000000003,24.704252,0 115.074212000000003,24.697972,0 115.083254999999994,24.700483999999999,0 115.087239999999994,24.687086999999998,0 115.104943000000006,24.667825000000001,0 115.111610999999996,24.671437000000001,0 115.120731000000006,24.664370000000002,0 115.125636,24.681486,0 115.138510999999994,24.681277000000001,0 115.148319999999998,24.689859999999999,0 115.155448000000007,24.688761,0 115.168858999999998,24.695094000000001,0 115.195145999999994,24.691901999999999,0 115.188095000000004,24.697134999999999,0 115.184340000000006,24.711421000000001,0 115.200203999999999,24.713671000000001,0 115.224575000000002,24.726386000000002,0 115.233771000000004,24.723507999999999,0 115.247566000000006,24.731670999999999,0 115.258908000000005,24.728793,0 115.269943999999995,24.749406,0 115.278527999999994,24.754113,0 115.306653999999995,24.758664,0 115.321980999999994,24.748725,0 115.338994999999997,24.749092000000001,0 115.358536999999998,24.735175999999999,0 115.363748999999999,24.739360999999999,0 115.362829000000005,24.757460999999999,0 115.372562000000002,24.774408000000001,0 115.389499000000001,24.774408000000001,0 115.401301000000004,24.790358999999999,0 115.412949999999995,24.792869,0 115.450962000000004,24.766300999999999,0 115.465676999999999,24.767243000000001,0 115.478705000000005,24.761123000000001,0 115.482919999999993,24.749666999999999,0 115.500086999999994,24.741140000000001,0 115.496485000000007,24.734076999999999,0 115.506601000000003,24.724920999999998,0 115.507903999999996,24.716497,0 115.523690999999999,24.717544,0 115.527829999999994,24.712572999999999,0 115.523077999999998,24.703049,0 115.534191000000007,24.691953999999999,0 115.556185999999997,24.682690000000001,0 115.555188999999999,24.671803000000001,0 115.559634000000003,24.660914999999999,0 115.559481000000005,24.64301,0 115.567680999999993,24.631962999999999,0 115.570746999999997,24.619289999999999,0 115.578181000000001,24.615206000000001,0 115.594198000000006,24.615206000000001,0 115.608682000000002,24.626149999999999,0 115.629068000000004,24.619762000000001,0 115.635581999999999,24.612168,0 115.649607000000003,24.614735,0 115.660566000000003,24.606774000000001,0 115.671678999999997,24.604731999999998,0 115.685167000000007,24.585352,0 115.687083000000001,24.570633000000001,0 115.678269,24.564869999999999,0 115.686086000000003,24.547004000000001,0 115.708540999999997,24.544855999999999,0 115.717967999999999,24.539721,0 115.743948000000003,24.543651000000001,0 115.759428999999997,24.5502,0 115.785101999999995,24.56728,0 115.806100999999998,24.562932,0 115.844112999999993,24.562722000000001,0 115.848940999999996,24.569952000000001,0 115.840970999999996,24.576238,0 115.840970999999996,24.584043000000001,0 115.818055999999999,24.603213,0 115.796828000000005,24.629605999999999,0 115.786711999999994,24.634162,0 115.789471000000006,24.644895000000002,0 115.780197000000001,24.663166,0 115.761803999999998,24.668139,0 115.779584,24.677299000000001,0 115.798283999999995,24.674944,0 115.797747000000001,24.682113999999999,0 115.805640999999994,24.685883,0 115.808017000000007,24.697606,0 115.801196000000004,24.705665,0 115.794988000000004,24.701740000000001,0 115.780887000000007,24.702054,0 115.769161999999994,24.709904000000002,0 115.771614,24.726282000000001,0 115.757358999999994,24.736170000000001,0 115.757129000000006,24.749929000000002,0 115.765405999999999,24.76332,0 115.776672000000005,24.774460000000001,0 115.765405999999999,24.793810000000001,0 115.774142999999995,24.80453,0 115.772840000000002,24.814046000000001,0 115.779278000000005,24.819797000000001,0 115.780810000000002,24.835114999999998,0 115.791846000000007,24.83867,0 115.785561999999999,24.846145,0 115.791079999999994,24.855083,0 115.782572999999999,24.862922000000001,0 115.796673999999996,24.858584,0 115.807249999999996,24.862766000000001,0 115.805104999999998,24.873218000000001,0 115.809242999999995,24.892866000000001,0 115.819665999999998,24.906815999999999,0 115.831620999999998,24.908175,0 115.850474000000006,24.900338000000001,0 115.856144999999998,24.891769,0 115.865572,24.890409999999999,0 115.864728999999997,24.876144,0 115.859899999999996,24.864803999999999,0 115.871779000000004,24.868670999999999,0 115.893544000000006,24.871075000000001,0 115.907032999999998,24.880168000000001,0 115.904043999999999,24.888007000000002,0 115.885420999999994,24.898823,0 115.882048999999995,24.923846999999999,0 115.878446999999994,24.932570999999999,0 115.897300000000001,24.937114999999999,0 115.908411999999998,24.923272000000001,0 115.954624999999993,24.918519,0 115.962748000000005,24.91319,0 115.976696000000004,24.915959000000001,0 115.985585999999998,24.899657999999999,0 116.003060000000005,24.896470999999998,0 116.015244999999993,24.905719000000001,0 116.023368000000005,24.902166000000001,0 116.038313000000002,24.886908999999999,0 116.043907000000004,24.871649999999999,0 116.051648,24.862034000000001,0 116.062759999999997,24.859891000000001,0 116.068890999999994,24.849959999999999,0 116.083222000000006,24.853515000000002,0 116.090580000000003,24.838198999999999,0 116.094870999999998,24.849229000000001,0 116.116022999999998,24.851424000000002,0 116.139550999999997,24.844681000000001,0 116.153268999999995,24.846667,0 116.181011999999996,24.875098999999999,0 116.191740999999993,24.877137000000001,0 116.200937999999994,24.85801,0 116.210901000000007,24.854455000000002,0 116.220479999999995,24.842642000000001,0 116.221170000000001,24.830828,0 116.229293999999996,24.826018999999999,0 116.238950000000003,24.830410000000001,0 116.250062999999997,24.827901000000001,0 116.250906000000001,24.822776999999999,0 116.238950000000003,24.813262000000002,0 116.233048999999994,24.800660000000001,0 116.251289,24.793392000000001,0 116.264930000000007,24.799876000000001,0 116.291370000000001,24.800242000000001,0 116.299954,24.802909,0 116.318192999999994,24.818176000000001,0 116.332295000000002,24.826646,0 116.345782999999997,24.829103,0 116.351071000000005,24.848548999999998,0 116.349767999999997,24.856703,0 116.361800000000002,24.869872999999998,0 116.374599000000003,24.868410000000001,0 116.379273999999995,24.877503000000001,0 116.394754000000006,24.877869,0 116.393911000000003,24.856912000000001,0 116.407323000000005,24.853252999999999,0 116.417822000000001,24.840655999999999,0 116.377893999999998,24.821836000000001,0 116.374904999999998,24.807196999999999,0 116.389390000000006,24.790358999999999,0 116.399659,24.794018999999999,0 116.407169999999994,24.777808,0 116.419124999999994,24.767295000000001,0 116.415369999999996,24.756467000000001,0 116.417209,24.743075999999999,0 116.437365,24.733606000000002,0 116.446101999999996,24.714455999999998,0 116.455911,24.713723999999999,0 116.469706000000002,24.719322999999999,0 116.486948999999996,24.718589999999999,0 116.501510999999994,24.698339000000001,0 116.504958999999999,24.66704,0 116.517680999999996,24.651544000000001,0 116.513465999999994,24.645052,0 116.510476999999995,24.615572,0 116.530096,24.604941,0 116.553318000000004,24.613059,0 116.570483999999993,24.621752000000001,0 116.57217,24.628978,0 116.586425000000006,24.636727,0 116.596464999999995,24.654057000000002,0 116.624131000000006,24.641387000000002,0 116.632101000000006,24.640077999999999,0 116.635166999999996,24.647722000000002,0 116.650953999999999,24.651387,0 116.667047999999994,24.658611000000001,0 116.690116000000003,24.659500999999999,0 116.700462000000002,24.655732,0 116.707282000000006,24.665102999999998,0 116.741923,24.666568000000002,0 116.753801999999993,24.654527999999999,0 116.777558999999997,24.679549999999999,0 116.801240000000007,24.678293,0 116.815342000000001,24.654579999999999,0 116.811969000000005,24.644895000000002,0 116.798558,24.637146000000001,0 116.798863999999995,24.624002999999998,0 116.787521999999996,24.614735,0 116.781621000000001,24.603055999999999,0 116.761159000000006,24.582943,0 116.767825999999999,24.564188999999999,0 116.757327000000004,24.557483000000001,0 116.758323000000004,24.546637,0 116.772347999999994,24.534742999999999,0 116.781085000000004,24.533747000000002,0 116.783306999999994,24.518339999999998,0 116.796795000000003,24.502040000000001,0 116.816798000000006,24.490403000000001,0 116.814268999999996,24.483798,0 116.832278000000002,24.496117000000002,0 116.849368999999996,24.47908,0 116.860787999999999,24.462250000000001,0 116.853430000000003,24.453126999999999,0 116.841475000000003,24.453389000000001,0 116.838946000000007,24.442585999999999,0 116.848219,24.426905999999999,0 116.855500000000006,24.423812000000002,0 116.863546999999997,24.409807000000001,0 116.869448000000006,24.407236999999999,0 116.873279999999994,24.391131999999999,0 116.885234999999994,24.396221000000001,0 116.903935000000004,24.369883000000002,0 116.896961000000005,24.360071000000001,0 116.896118000000001,24.350729999999999,0 116.908225999999999,24.341756,0 116.909299000000004,24.329211999999998,0 116.919568999999996,24.320972000000001,0 116.912977999999995,24.31147,0 116.914281000000003,24.287741,0 116.918188999999998,24.283383000000001,0 116.935891999999996,24.284748,0 116.939418000000003,24.274560999999999,0 116.935203000000001,24.249879,0 116.939188000000001,24.239585000000002,0 116.933363,24.222251,0 116.943250000000006,24.216262,0 116.956125,24.216998,0 116.971299000000002,24.198084000000001,0 116.976356999999993,24.199818,0 116.991147999999995,24.189886999999999,0 116.998659000000004,24.179010000000002,0 116.990381999999997,24.168341999999999,0 116.978809999999996,24.162088000000001,0 116.972908000000004,24.153521000000001,0 116.964785000000006,24.153364,0 116.947081999999995,24.134913999999998,0 116.934895999999995,24.126923000000001,0 116.926619000000002,24.098585,0 116.929455000000004,24.091380999999998,0 116.929760999999999,24.065453000000002,0 116.936965000000001,24.054566000000001,0 116.952445999999995,24.054722999999999,0 116.950069999999997,24.040835999999999,0 116.939801000000003,24.033049999999999,0 116.955128999999999,24.020265999999999,0 116.954438999999994,24.005953999999999,0 116.96011,24.002112,0 116.969920000000002,24.007427,0 116.981339000000006,23.996691999999999,0 116.975361000000007,23.990639999999999,0 116.973138000000006,23.974219999999999,0 116.982641000000001,23.959323999999999,0 116.980188999999996,23.941056,0 116.973292000000001,23.927052,0 116.954745000000003,23.920417,0 116.959266999999997,23.91452,0 116.958806999999993,23.900670000000002,0 116.972984999999994,23.894824,0 116.979269000000002,23.884449,0 116.975514000000004,23.872281000000001,0 116.960032999999996,23.868172999999999,0 116.962025999999994,23.861377000000001,0 116.981567999999996,23.855581999999998,0 116.989922000000007,23.8628,0 117.012069999999994,23.855266,0 117.022416000000007,23.838775999999999,0 117.026785000000004,23.819911999999999,0 117.018431000000007,23.812218000000001,0 117.020041000000006,23.800729,0 117.031766000000005,23.791347999999999,0 117.039353000000006,23.778434000000001,0 117.042572000000007,23.763779,0 117.047782999999995,23.758665000000001,0 117.051079000000001,23.736730999999999,0 117.049929000000006,23.721648999999999,0 117.053224999999998,23.698391000000001,0 117.066636000000003,23.688790999999998,0 117.074070000000006,23.690954000000001,0 117.087941000000001,23.669325000000001,0 117.115454,23.665262999999999,0 117.124881000000002,23.646056999999999,0 117.132928000000007,23.651439,0 117.147488999999993,23.653813,0 117.159368000000001,23.640094000000001,0 117.173698999999999,23.634658999999999,0 117.185961000000006,23.636241999999999,0 117.192552000000006,23.629593,0 117.192935000000006,23.561655999999999,0 117.113001999999994,23.542383000000001,0 117.099590000000006,23.537576999999999,0 117.085566,23.536943000000001,0 117.069547999999998,23.542276999999999,0 117.044794999999993,23.539688999999999,0 117.031766000000005,23.531293000000002,0 117.018124999999998,23.505358999999999,0 117.010231000000005,23.502665,0 116.963404999999995,23.506996999999998,0 116.940950999999998,23.514655999999999,0 116.930527999999995,23.528071000000001,0 116.91704,23.531662000000001,0 116.899182999999994,23.518881,0 116.888530000000003,23.501608999999998,0 116.885158000000004,23.478733999999999,0 116.896193999999994,23.476196999999999,0 116.885234999999994,23.454481000000001,0 116.873433000000006,23.445074000000002,0 116.871899999999997,23.414631,0 116.858487999999994,23.408023,0 116.833044999999998,23.365780000000001,0 116.806451999999993,23.347957999999998,0 116.782770999999997,23.313842000000001,0 116.786985999999999,23.288554000000001,0 116.791814000000002,23.278236,0 116.791276999999994,23.265801,0 116.799861000000007,23.244209000000001,0 116.816643999999997,23.243044000000001,0 116.823542000000003,23.230447000000002,0 116.814728000000002,23.207630999999999,0 116.806758000000002,23.200959999999998,0 116.788517999999996,23.199266000000001,0 116.744681999999997,23.215042,0 116.724755999999999,23.214407000000001,0 116.714870000000005,23.209959999999999,0 116.701458000000002,23.198207,0 116.676013999999995,23.168078000000001,0 116.665284999999997,23.158173999999999,0 116.651874000000007,23.152930999999999,0 116.597690999999998,23.146522000000001,0 116.577764999999999,23.141755,0 116.566423,23.134339000000001,0 116.552244999999999,23.114526999999999,0 116.552550999999994,23.105891,0 116.563739999999996,23.092963000000001,0 116.565809000000002,23.083159999999999,0 116.557378999999997,23.056238,0 116.563203999999999,23.025811999999998,0 116.576002000000003,23.017116999999999,0 116.561977999999996,23.006990999999999,0 116.563051000000002,23.000734000000001,0 116.550404999999998,22.993894000000001,0 116.540978999999993,22.994582999999999,0 116.533162000000004,22.984560999999999,0 116.529560000000004,22.965309999999999,0 116.515995000000004,22.939001000000001,0 116.505572000000001,22.930883999999999,0 116.486948999999996,22.931149999999999,0 116.473691000000002,22.937728,0 116.450239999999994,22.936772999999999,0 116.382645999999994,22.919212999999999,0 116.334976999999995,22.938735999999999,0 116.317350000000005,22.952845,0 116.302789000000004,22.951519000000001,0 116.269452000000001,22.938364,0 116.246843999999996,22.921918000000002,0 116.226917999999998,22.914491000000002,0 116.213890000000006,22.899262,0 116.204080000000005,22.892894999999999,0 116.192661000000001,22.876018999999999,0 116.176720000000003,22.860574,0 116.155261999999993,22.844384000000002,0 116.147675000000007,22.843004000000001,0 116.138018000000002,22.833607000000001,0 116.122538000000006,22.829360000000001,0 116.106903000000003,22.817892000000001,0 116.097093999999998,22.816776999999998,0 116.088204000000005,22.821608999999999,0 116.081076999999993,22.834882,0 116.070500999999993,22.843588,0 116.056093000000004,22.844702999999999,0 116.038926000000004,22.840774,0 116.010647000000006,22.828085999999999,0 115.997311999999994,22.826865000000002,0 115.976083000000003,22.812636000000001,0 115.959529000000003,22.796175000000002,0 115.950563000000002,22.795643999999999,0 115.942285999999996,22.802758999999998,0 115.929486999999995,22.801644,0 115.909485000000004,22.787147000000001,0 115.883352000000002,22.785340999999999,0 115.862430000000003,22.770789000000001,0 115.844880000000003,22.749116999999998,0 115.829322000000005,22.734719999999999,0 115.818746000000004,22.731373000000001,0 115.805104999999998,22.733711,0 115.794222000000005,22.744761,0 115.793301999999997,22.762397,0 115.795985000000002,22.783588999999999,0 115.794758999999999,22.798883,0 115.788398000000001,22.809981000000001,0 115.755903000000004,22.837323999999999,0 115.740116,22.840827000000001,0 115.696279000000004,22.842790999999998,0 115.690301000000005,22.857071000000001,0 115.682561000000007,22.863918000000002,0 115.654205000000005,22.865456999999999,0 115.632440000000003,22.860043000000001,0 115.598949000000005,22.842525999999999,0 115.583698999999996,22.828564,0 115.580173000000002,22.804829999999999,0 115.570363999999998,22.78651,0 115.546375999999995,22.766752,0 115.541701000000003,22.755492,0 115.549594999999997,22.749116999999998,0 115.573429000000004,22.753101000000001,0 115.588066999999995,22.744973999999999,0 115.602551000000005,22.753898,0 115.609142000000006,22.752782,0 115.607608999999997,22.731532999999999,0 115.589062999999996,22.724307,0 115.567757999999998,22.696251,0 115.565382,22.685462999999999,0 115.581935999999999,22.673185,0 115.574195000000003,22.650487999999999,0 115.559174999999996,22.658515000000001,0 115.556721999999993,22.665212,0 115.537792999999994,22.662927,0 115.507827000000006,22.682593000000001,0 115.493803,22.682804999999998,0 115.471731000000005,22.697845000000001,0 115.441535999999999,22.694285000000001,0 115.429119999999998,22.683814999999999,0 115.396933000000004,22.68525,0 115.381375000000006,22.683973999999999,0 115.378923,22.6937,0 115.365741,22.698058,0 115.351179999999999,22.710545,0 115.341830000000002,22.725210000000001,0 115.346504999999993,22.743008,0 115.343440000000001,22.768505000000001,0 115.337997999999999,22.776683999999999,0 115.326886000000002,22.781676999999998,0 115.310255999999995,22.784120000000001,0 115.284429000000003,22.783058,0 115.235764000000003,22.775569000000001,0 115.229020000000006,22.782208000000001,0 115.233311,22.801749999999998,0 115.259521000000007,22.817413999999999,0 115.244347000000005,22.823944999999998,0 115.227947,22.825271999999998,0 115.198594999999997,22.821874000000001,0 115.190241,22.818636000000001,0 115.184110000000004,22.800635,0 115.193307000000004,22.791395000000001,0 115.194303000000005,22.775462999999998,0 115.188401999999996,22.772701000000001,0 115.173917000000003,22.775357,0 115.161195000000006,22.786933999999999,0 115.154527999999999,22.801644,0 115.133375999999998,22.799945000000001,0 115.106245999999999,22.790174,0 115.081799000000004,22.789006000000001,0 115.066930999999997,22.785606999999999,0 115.055128999999994,22.778383999999999,0 115.050990999999996,22.764627999999998,0 115.053520000000006,22.747523000000001,0 115.034053999999998,22.744441999999999,0 115.023784000000006,22.736526999999999,0 115.023707999999999,22.726167,0 115.034513000000004,22.721916,0 115.039112000000003,22.710811,0 115.026160000000004,22.702148999999999,0 115.008533,22.698058,0 114.997881000000007,22.683071000000002,0 114.974352999999994,22.668455000000002,0 114.945307,22.645491,0 114.937719999999999,22.637357000000002,0 114.924232000000003,22.610878,0 114.923236000000003,22.588329999999999,0 114.927374,22.558489999999999,0 114.925304999999994,22.551628000000001,0 114.914422000000002,22.545776,0 114.883613999999994,22.540243,0 114.885452999999998,22.569182000000001,0 114.875184000000004,22.590350999999998,0 114.842765999999997,22.590350999999998,0 114.806516999999999,22.584873000000002,0 114.747352000000006,22.581627999999998,0 114.738999000000007,22.606358,0 114.743596999999994,22.620183000000001,0 114.740915000000001,22.638473000000001,0 114.728576000000004,22.651285000000001,0 114.730491999999998,22.671590999999999,0 114.738461999999998,22.686046999999999,0 114.733941000000002,22.719259000000001,0 114.739305000000002,22.734241999999998,0 114.752409999999998,22.759741000000002,0 114.749881000000002,22.76399,0 114.731335000000001,22.771214000000001,0 114.709647000000004,22.787678,0 114.695544999999996,22.784172999999999,0 114.693706000000006,22.774507,0 114.685965999999993,22.765211999999998,0 114.601741000000004,22.730736,0 114.594229999999996,22.721171999999999,0 114.604500000000002,22.713201999999999,0 114.608177999999995,22.695613000000002,0 114.599365000000006,22.691573999999999,0 114.558441000000002,22.682752000000001,0 114.532230999999996,22.665690999999999,0 114.514450999999994,22.660747000000001,0 114.515217000000007,22.655484999999999,0 114.553229000000002,22.656229,0 114.580281999999997,22.661491000000002,0 114.602890000000002,22.655272,0 114.603120000000004,22.638739000000001,0 114.58672,22.612845,0 114.572311999999997,22.602689000000002,0 114.559054000000003,22.583276999999999,0 114.559742999999997,22.573172,0 114.568096999999995,22.560777999999999,0 114.589631999999995,22.549766000000002,0 114.614538999999994,22.545190999999999,0 114.627031000000002,22.519918000000001,0 114.627797999999999,22.502996,0 114.611396999999997,22.482026999999999,0 114.585417000000007,22.473405,0 114.549244000000002,22.46574,0 114.539281000000003,22.449237,0 114.525409999999994,22.440559,0 114.50694,22.438589,0 114.489850000000004,22.443646999999999,0 114.480270000000004,22.452909999999999,0 114.474446,22.464514999999999,0 114.468162000000007,22.491395000000001,0 114.471917000000005,22.522206000000001,0 114.467624999999998,22.533380000000001,0 114.434747999999999,22.566576000000001,0 114.430685999999994,22.583383999999999,0 114.422561999999999,22.592744,0 114.398345000000006,22.602848000000002,0 114.381867999999997,22.601519,0 114.359488999999996,22.591574000000001,0 114.346997000000002,22.588702000000001,0 114.325309000000004,22.588649,0 114.311820999999995,22.578596999999998,0 114.304846999999995,22.568704,0 114.292432000000005,22.562958999999999,0 114.258864000000003,22.558810000000001,0 114.232578000000004,22.540030000000002,0 114.223303999999999,22.552745000000002,0 114.201463000000004,22.554341000000001,0 114.182686000000004,22.552797999999999,0 114.182303000000005,22.556788000000001,0 114.165595999999994,22.558916,0 114.157166000000004,22.551946999999998,0 114.153487999999996,22.539285,0 114.135093999999995,22.53886,0 114.117238,22.526941999999998,0 114.114862000000002,22.532795,0 114.094093000000001,22.533593,0 114.084283999999997,22.525079999999999,0 114.090338000000003,22.520982,0 114.081601000000006,22.512415000000001,0 114.077003000000005,22.515502000000001,0 114.064588000000001,22.510553000000002,0 114.054702000000006,22.499590000000001,0 114.030867000000001,22.504273999999999,0 114.024046999999996,22.509808,0 113.976530999999994,22.510605999999999,0 113.959135000000003,22.504912000000001,0 113.946872999999997,22.477343000000001,0 113.915757999999997,22.455945,0 113.891769999999994,22.442634999999999,0 113.881731000000002,22.446788000000002,0 113.870005000000006,22.459565000000001,0 113.862801000000005,22.475853000000001,0 113.859352000000001,22.495652,0 113.864026999999993,22.515981,0 113.856593000000004,22.539605000000002,0 113.851151999999999,22.542584000000002,0 113.834675000000004,22.539552,0 113.838353999999995,22.559342000000001,0 113.832222999999999,22.570246000000001,0 113.803407000000007,22.593169,0 113.782255000000006,22.625713000000001,0 113.773287999999994,22.643204999999998,0 113.765471000000005,22.665744,0 113.757807999999997,22.678766,0 113.751446999999999,22.715381000000001,0 113.746004999999997,22.72606,0 113.733743000000004,22.736367000000001,0 113.723934,22.73828,0 113.697723999999994,22.73743,0 113.678180999999995,22.726113000000002,0 113.685308000000006,22.717718999999999,0 113.716882999999996,22.645171999999999,0 113.740487000000002,22.534284,0 113.728149000000002,22.521992999999998,0 113.692052000000004,22.515129000000002,0 113.668447999999998,22.480430999999999,0 113.631508999999994,22.475960000000001,0 113.610127000000006,22.445723000000001,0 113.573723999999999,22.411698999999999,0 113.568742999999998,22.411912000000001,0 113.585986000000005,22.400410000000001,0 113.603765999999993,22.403392,0 113.608901000000003,22.408823999999999,0 113.617790999999997,22.436885,0 113.624841000000004,22.442955000000001,0 113.659098,22.441358000000001,0 113.669904000000002,22.435607000000001,0 113.669368000000006,22.416278999999999,0 113.649288999999996,22.386243,0 113.628060000000005,22.349274000000001,0 113.604761999999994,22.339897000000001,0 113.605299000000002,22.329135000000001,0 113.616947999999994,22.318850000000001,0 113.612808999999999,22.308831999999999,0 113.595949000000005,22.304248999999999,0 113.590124000000003,22.29391,0 113.595411999999996,22.282450000000001,0 113.592194000000006,22.268058,0 113.599780999999993,22.261127999999999,0 113.597174999999993,22.234950999999999,0 113.589894999999999,22.226793000000001,0 113.568819000000005,22.22466,0 113.558856000000006,22.212395000000001,0 113.549430000000001,22.213995000000001,0 113.538240999999999,22.209409000000001,0 113.540769999999995,22.199382,0 113.534332000000006,22.185621999999999,0 113.534561999999994,22.174099999999999,0 113.544601999999998,22.154095000000002,0 113.554641000000004,22.142410999999999,0 113.554028000000002,22.103884000000001,0 113.565830000000005,22.091715000000001,0 113.565753999999998,22.072659999999999,0 113.554488000000006,22.069883999999998,0 113.530653999999998,22.073619999999998,0 113.520308,22.069136,0 113.503831000000005,22.054722000000002,0 113.482679000000005,22.054669000000001,0 113.459764000000007,22.043724000000001,0 113.450567000000007,22.032243999999999,0 113.448804999999993,22.017078999999999,0 113.442214000000007,22.009495999999999,0 113.410256000000004,21.99091,0 113.352164999999999,21.974511,0 113.337680000000006,21.969009,0 113.330169999999995,21.961637,0 113.328023999999999,21.934442000000001,0 113.319900000000004,21.909700999999998,0 113.300050999999996,21.898958,0 113.289399000000003,21.883405,0 113.26679,21.871645000000001,0 113.235215999999994,21.887788,0 113.218125999999998,21.904997999999999,0 113.182106000000005,21.952981999999999,0 113.159574000000006,21.969009,0 113.151450999999994,21.979852999999999,0 113.147542000000001,22.004688999999999,0 113.143096999999997,22.011845999999998,0 113.101560000000006,22.048262000000001,0 113.092056999999997,22.065346000000002,0 113.087152000000003,22.126137,0 113.078568000000004,22.116212000000001,0 113.045844000000002,22.088512999999999,0 113.035498000000004,22.077356999999999,0 113.030670000000001,22.066521000000002,0 113.032279000000003,22.045753000000001,0 113.050672000000006,22.018253999999999,0 113.054198,22.003834999999999,0 113.051822000000001,21.977556,0 113.047529999999995,21.956454999999998,0 113.037796999999998,21.935296999999998,0 112.989669000000006,21.86956,0 112.972042000000002,21.857157000000001,0 112.944529000000003,21.842079999999999,0 112.911344999999997,21.838978999999998,0 112.893564999999995,21.844325999999999,0 112.885135000000005,21.852184999999999,0 112.862909999999999,21.883084,0 112.840914999999995,21.920496,0 112.832331999999994,21.924557,0 112.800374000000005,21.924824000000001,0 112.792327,21.921296999999999,0 112.767112999999995,21.890460000000001,0 112.737454,21.864214,0 112.686031,21.810531000000001,0 112.651696999999999,21.762124,0 112.639358000000001,21.756025000000001,0 112.598816999999997,21.750139999999998,0 112.558812000000003,21.750996000000001,0 112.535590999999997,21.754099,0 112.523405999999994,21.760999999999999,0 112.497501999999997,21.785392999999999,0 112.477729999999994,21.795663000000001,0 112.439411000000007,21.803685000000002,0 112.427379000000002,21.790206999999999,0 112.415806000000003,21.734784000000001,0 112.409521999999996,21.728417,0 112.353269999999995,21.707118000000001,0 112.323994999999996,21.705994,0 112.315105000000003,21.700748999999998,0 112.307823999999997,21.704173999999998,0 112.292573000000004,21.699465,0 112.274102999999997,21.699732000000001,0 112.263068000000004,21.693470000000001,0 112.260232000000002,21.698073000000001,0 112.240076000000002,21.701606000000002,0 112.241073,21.715520000000001,0 112.231645999999998,21.729593999999999,0 112.220381000000003,21.726918000000001,0 112.208808000000005,21.737085,0 112.197006000000002,21.736657000000001,0 112.192100999999994,21.757684000000001,0 112.196162999999999,21.779402999999999,0 112.192330999999996,21.789351,0 112.183901000000006,21.796358000000001,0 112.171791999999996,21.798444,0 112.136538999999999,21.793844,0 112.063197000000002,21.771325000000001,0 112.036450000000002,21.761427999999999,0 112.001197000000005,21.742809999999999,0 111.955980999999994,21.710543000000001,0 111.949697,21.690847999999999,0 111.950310000000002,21.675592000000002,0 111.954525000000004,21.667722999999999,0 111.972228000000001,21.653644,0 112.001273999999995,21.655946,0 112.022195999999994,21.645987999999999,0 112.024955000000006,21.629764000000002,0 112.006178000000006,21.614663,0 111.999204000000006,21.617930000000001,0 111.972458000000003,21.603255999999998,0 111.947243999999998,21.600417,0 111.941726000000003,21.606843999999999,0 111.921493999999996,21.599506999999999,0 111.887619999999998,21.578671,0 111.868690999999998,21.559172,0 111.862789000000006,21.556975999999999,0 111.854972000000004,21.567260999999998,0 111.846772000000001,21.567368999999999,0 111.829374999999999,21.557994000000001,0 111.812821999999997,21.555046999999998,0 111.807379999999995,21.559065,0 111.813665,21.571439999999999,0 111.830984999999998,21.582849,0 111.810293000000001,21.604541000000001,0 111.794428999999994,21.611288999999999,0 111.758716000000007,21.613913,0 111.736643999999998,21.610004,0 111.693726999999996,21.590347999999999,0 111.684529999999995,21.581403000000002,0 111.676406999999998,21.565815000000001,0 111.677402999999998,21.529758000000001,0 111.662381999999994,21.525739000000002,0 111.650426999999993,21.512288000000002,0 111.645139,21.519307999999999,0 111.615863000000004,21.529596999999999,0 111.605976999999996,21.529382999999999,0 111.579384000000005,21.518236999999999,0 111.560683999999995,21.505428999999999,0 111.547886000000005,21.502642000000002,0 111.541754999999995,21.506392999999999,0 111.539839000000001,21.518986999999999,0 111.515850999999998,21.514752999999999,0 111.495006000000004,21.501570000000001,0 111.475769999999997,21.500229999999998,0 111.452394999999996,21.515181999999999,0 111.395837,21.501730999999999,0 111.382502000000002,21.495514,0 111.353149000000002,21.464317000000001,0 111.329852000000002,21.446787,0 111.307626999999997,21.433810999999999,0 111.301188999999994,21.433703999999999,0 111.285861999999995,21.419011999999999,0 111.263482999999994,21.412683999999999,0 111.257351999999997,21.415151000000002,0 111.257735999999994,21.436546,0 111.250532000000007,21.449573999999998,0 111.253596999999999,21.452577000000002,0 111.273829000000006,21.443891000000001,0 111.281800000000004,21.446518000000001,0 111.281492999999998,21.458151999999998,0 111.295595000000006,21.476271000000001,0 111.290536000000003,21.484203999999998,0 111.276894999999996,21.484954999999999,0 111.251604999999998,21.480560000000001,0 111.239113000000003,21.471768999999998,0 111.211983000000004,21.469035000000002,0 111.171441999999999,21.458473999999999,0 111.146610999999993,21.459225,0 111.116646000000003,21.453167000000001,0 111.108598999999998,21.455472,0 111.076564000000005,21.452470000000002,0 111.061312999999998,21.449199,0 111.034796999999998,21.438744,0 111.000770000000003,21.417992999999999,0 110.977012000000002,21.406784999999999,0 110.950879,21.388282,0 110.929113000000001,21.376052000000001,0 110.907272000000006,21.369668999999998,0 110.888571999999996,21.367577000000001,0 110.848414000000005,21.369401,0 110.796377000000007,21.374765,0 110.768557999999999,21.364947999999998,0 110.741350999999995,21.344132999999999,0 110.713149000000001,21.312581999999999,0 110.688855000000004,21.278126,0 110.659578999999994,21.239636000000001,0 110.645401000000007,21.227394,0 110.626395000000002,21.215688,0 110.562786000000003,21.211016000000001,0 110.534735999999995,21.204411,0 110.524389999999997,21.206344000000001,0 110.501092,21.217514000000001,0 110.491895999999997,21.216118000000002,0 110.481397000000001,21.207578999999999,0 110.463310000000007,21.203015000000001,0 110.460475000000002,21.193079000000001,0 110.451125000000005,21.186419000000001,0 110.439706000000001,21.186312000000001,0 110.427673999999996,21.193563000000001,0 110.422386000000003,21.190715999999998,0</coordinates></LinearRing></outerBoundaryIs></Polygon><Polygon><outerBoundaryIs><LinearRing><coordinates>110.426524000000001,21.094601999999998,0 110.396099000000007,21.098524999999999,0 110.395409000000001,21.104382000000001,0 110.416100999999998,21.112389,0 110.428593000000006,21.105188999999999,0 110.426524000000001,21.094601999999998,0</coordinates></LinearRing></outerBoundaryIs></Polygon><Polygon><outerBoundaryIs><LinearRing><coordinates>110.457408999999998,21.184915,0 110.465532999999994,21.191683000000001,0 110.465073000000004,21.198933,0 110.482853000000006,21.201028000000001,0 110.496033999999995,21.212143999999999,0 110.506534000000002,21.209781,0 110.525463000000002,21.190501000000001,0 110.557114999999996,21.201618,0 110.583017999999996,21.201726000000001,0 110.589532000000005,21.194528999999999,0 110.603939999999994,21.198073999999998,0 110.613443000000004,21.207633000000001,0 110.632373000000001,21.211069999999999,0 110.635131999999999,21.205807,0 110.631606000000005,21.190877,0 110.615819000000002,21.177717999999999,0 110.604247000000001,21.155856,0 110.582328000000004,21.094763,0 110.574971000000005,21.087990999999999,0 110.545006000000001,21.083853000000001,0 110.534660000000002,21.088529000000001,0 110.528758999999994,21.099921999999999,0 110.533356999999995,21.108359,0 110.530520999999993,21.115666999999998,0 110.520404999999997,21.114539000000001,0 110.510824999999997,21.137858000000001,0 110.502011999999993,21.142907999999998,0 110.489214000000004,21.139094,0 110.463310000000007,21.149570000000001,0 110.451200999999998,21.165203000000002,0 110.436717000000002,21.16676,0 110.432041999999996,21.174173,0 110.433805000000007,21.183626,0 110.457408999999998,21.184915,0</coordinates></LinearRing></outerBoundaryIs></Polygon><Polygon><outerBoundaryIs><LinearRing><coordinates>110.419472999999996,21.151181999999999,0 110.420776000000004,21.159991999999999,0 110.427750000000003,21.163322999999998,0 110.447753000000006,21.160153000000001,0 110.442234999999997,21.148281000000001,0 110.419472999999996,21.151181999999999,0</coordinates></LinearRing></outerBoundaryIs></Polygon><Polygon><outerBoundaryIs><LinearRing><coordinates>111.194816000000003,21.380075000000001,0 111.184700000000007,21.371009999999998,0 111.184700000000007,21.381952999999999,0 111.195659000000006,21.391017000000002,0 111.194816000000003,21.380075000000001,0</coordinates></LinearRing></outerBoundaryIs></Polygon><Polygon><outerBoundaryIs><LinearRing><coordinates>112.180835999999999,21.554779,0 112.189879000000005,21.558315,0 112.190951999999996,21.550599999999999,0 112.204823000000005,21.548189000000001,0 112.186813000000001,21.543313999999999,0 112.181065000000004,21.545884999999998,0 112.180835999999999,21.554779,0</coordinates></LinearRing></outerBoundaryIs></Polygon><Polygon><outerBoundaryIs><LinearRing><coordinates>112.807194999999993,21.577438999999998,0 112.818077000000002,21.579635,0 112.814245,21.569458000000001,0 112.801676999999998,21.564260999999998,0 112.794013000000007,21.568922000000001,0 112.807194999999993,21.577438999999998,0</coordinates></LinearRing></outerBoundaryIs></Polygon><Polygon><outerBoundaryIs><LinearRing><coordinates>112.599890000000002,21.599184999999999,0 112.600350000000006,21.591740999999999,0 112.587934000000004,21.586169999999999,0 112.579273999999998,21.591633999999999,0 112.581727000000001,21.600577999999999,0 112.599890000000002,21.599184999999999,0</coordinates></LinearRing></outerBoundaryIs></Polygon><Polygon><outerBoundaryIs><LinearRing><coordinates>112.667024999999995,21.607862000000001,0 112.656372000000005,21.595704000000001,0 112.653689999999997,21.605879999999999,0 112.667024999999995,21.607862000000001,0</coordinates></LinearRing></outerBoundaryIs></Polygon><Polygon><outerBoundaryIs><LinearRing><coordinates>112.144816000000006,21.613913,0 112.150103999999999,21.601863000000002,0 112.140601000000004,21.601917,0 112.144816000000006,21.613913,0</coordinates></LinearRing></outerBoundaryIs></Polygon><Polygon><outerBoundaryIs><LinearRing><coordinates>112.672312000000005,21.617608000000001,0 112.674227999999999,21.610645999999999,0 112.664801999999995,21.612466999999999,0 112.672312000000005,21.617608000000001,0</coordinates></LinearRing></outerBoundaryIs></Polygon><Polygon><outerBoundaryIs><LinearRing><coordinates>112.129257999999993,21.640526000000001,0 112.118145999999996,21.633458000000001,0 112.118145999999996,21.642828999999999,0 112.129257999999993,21.640526000000001,0</coordinates></LinearRing></outerBoundaryIs></Polygon><Polygon><outerBoundaryIs><LinearRing><coordinates>112.570155,21.652787,0 112.561648000000005,21.657177000000001,0 112.559808000000004,21.665475000000001,0 112.572377000000003,21.672381000000001,0 112.589236999999997,21.676127999999999,0 112.592303000000001,21.693041999999998,0 112.610005999999998,21.702676,0 112.631465000000006,21.706904000000002,0 112.648630999999995,21.715091999999999,0 112.657214999999994,21.708241999999998,0 112.664035999999996,21.713754000000002,0 112.669707000000002,21.693951999999999,0 112.665952000000004,21.683942999999999,0 112.640431000000007,21.673718999999998,0 112.639894999999996,21.654499999999999,0 112.650240999999994,21.646362,0 112.665644999999998,21.642506999999998,0 112.659820999999994,21.630942000000001,0 112.637671999999995,21.632655,0 112.634682999999995,21.623766,0 112.624949999999998,21.616161999999999,0 112.621502000000007,21.606736999999999,0 112.610543000000007,21.611395999999999,0 112.598816999999997,21.606415999999999,0 112.595138000000006,21.613323999999999,0 112.583566000000005,21.613323999999999,0 112.568622000000005,21.619429,0 112.54701,21.60754,0 112.544787999999997,21.600631,0 112.560880999999995,21.594740000000002,0 112.562414000000004,21.59008,0 112.546702999999994,21.586812999999999,0 112.537660000000002,21.591259000000001,0 112.530992999999995,21.583921,0 112.524938000000006,21.586276999999999,0 112.524248999999998,21.596292999999999,0 112.535055,21.628478999999999,0 112.544327999999993,21.638866,0 112.550381999999999,21.633725999999999,0 112.570460999999995,21.645720000000001,0 112.570155,21.652787,0</coordinates></LinearRing></outerBoundaryIs></Polygon><Polygon><outerBoundaryIs><LinearRing><coordinates>112.435426000000007,21.663547999999999,0 112.449986999999993,21.673076999999999,0 112.458416999999997,21.690097999999999,0 112.466081000000003,21.686672999999999,0 112.468073000000004,21.666920000000001,0 112.460869000000002,21.660764,0 112.456348000000006,21.648772000000001,0 112.445772000000005,21.649145999999998,0 112.435426000000007,21.663547999999999,0</coordinates></LinearRing></outerBoundaryIs></Polygon><Polygon><outerBoundaryIs><LinearRing><coordinates>112.730940000000004,21.613752000000002,0 112.738681,21.630352999999999,0 112.752398999999997,21.649895999999998,0 112.776079999999993,21.655625000000001,0 112.780294999999995,21.671524000000002,0 112.763357999999997,21.681802000000001,0 112.754621,21.682658,0 112.749257,21.671417000000002,0 112.734542000000005,21.666599000000001,0 112.727568000000005,21.672381000000001,0 112.713466999999994,21.673344,0 112.705420000000004,21.682604999999999,0 112.712164000000001,21.688117999999999,0 112.707871999999995,21.698501,0 112.724196000000006,21.719694,0 112.740442999999999,21.727506999999999,0 112.765350999999995,21.733874,0 112.774929999999998,21.732268999999999,0 112.782286999999997,21.737994,0 112.776386000000002,21.751103000000001,0 112.781368000000001,21.768329000000001,0 112.789107999999999,21.759556,0 112.800066999999999,21.759502000000001,0 112.806888000000001,21.769345999999999,0 112.817311000000004,21.767367,0 112.840839000000003,21.776674,0 112.859232000000006,21.770575999999998,0 112.876014999999995,21.772715999999999,0 112.875784999999993,21.750354000000002,0 112.866435999999993,21.742542,0 112.832944999999995,21.736388999999999,0 112.826123999999993,21.729005000000001,0 112.818690000000004,21.712202000000001,0 112.811256,21.703745999999999,0 112.805431999999996,21.681319999999999,0 112.813096000000002,21.674842999999999,0 112.821066000000002,21.653697000000001,0 112.805431999999996,21.639509,0 112.798610999999994,21.618572,0 112.798918,21.610861,0 112.811639999999997,21.599934999999999,0 112.817311000000004,21.59008,0 112.806735000000003,21.578778,0 112.775390000000002,21.564101000000001,0 112.761289000000005,21.573743,0 112.770255000000006,21.583224000000001,0 112.766959999999997,21.588099,0 112.753547999999995,21.583545999999998,0 112.756000999999998,21.611931999999999,0 112.744888000000003,21.604005999999998,0 112.735384999999994,21.602506000000002,0 112.730940000000004,21.613752000000002,0</coordinates></LinearRing></outerBoundaryIs></Polygon><Polygon><outerBoundaryIs><LinearRing><coordinates>112.690092000000007,21.699892999999999,0 112.680513000000005,21.698180000000001,0 112.679900000000004,21.707492999999999,0 112.686183999999997,21.713701,0 112.690092000000007,21.699892999999999,0</coordinates></LinearRing></outerBoundaryIs></Polygon><Polygon><outerBoundaryIs><LinearRing><coordinates>112.883448999999999,21.593775999999998,0 112.867048999999994,21.595597000000001,0 112.861991000000003,21.606629999999999,0 112.883065999999999,21.615466000000001,0 112.903222,21.610861,0 112.902531999999994,21.602291999999998,0 112.893105000000006,21.594794,0 112.883448999999999,21.593775999999998,0</coordinates></LinearRing></outerBoundaryIs></Polygon><Polygon><outerBoundaryIs><LinearRing><coordinates>113.205787000000001,21.871324000000001,0 113.203871000000007,21.861219999999999,0 113.187624,21.848389000000001,0 113.179653000000002,21.847373000000001,0 113.177430999999999,21.854752000000001,0 113.159880999999999,21.851863999999999,0 113.145855999999995,21.838871999999999,0 113.143251000000006,21.831707000000002,0 113.138268999999994,21.839193000000002,0 113.137043000000006,21.868651,0 113.144706999999997,21.873515999999999,0 113.151221000000007,21.864962999999999,0 113.167698000000001,21.876563000000001,0 113.180880000000002,21.862183000000002,0 113.191531999999995,21.872340000000001,0 113.205787000000001,21.871324000000001,0</coordinates></LinearRing></outerBoundaryIs></Polygon><Polygon><outerBoundaryIs><LinearRing><coordinates>113.025458999999998,21.847801,0 113.020246999999998,21.849619000000001,0 113.007372000000004,21.869185999999999,0 113.023465999999999,21.879822999999998,0 113.045844000000002,21.882763000000001,0 113.051974999999999,21.868811999999998,0 113.046840000000003,21.854752000000001,0 113.032662999999999,21.854697999999999,0 113.025458999999998,21.847801,0</coordinates></LinearRing></outerBoundaryIs></Polygon><Polygon><outerBoundaryIs><LinearRing><coordinates>113.125163999999998,21.896125999999999,0 113.127617000000001,21.910395000000001,0 113.138039000000006,21.919212999999999,0 113.13597,21.925464999999999,0 113.144706999999997,21.937007000000001,0 113.150454999999994,21.937915,0 113.158731000000003,21.927015000000001,0 113.156201999999993,21.919587,0 113.141257999999993,21.912853999999999,0 113.125163999999998,21.896125999999999,0</coordinates></LinearRing></outerBoundaryIs></Polygon><Polygon><outerBoundaryIs><LinearRing><coordinates>113.722937000000002,21.922152000000001,0 113.725082999999998,21.932572,0 113.717190000000002,21.935244000000001,0 113.717956000000001,21.951273,0 113.727841999999995,21.955119,0 113.743093000000002,21.950738000000001,0 113.751677000000001,21.940747000000002,0 113.743476000000001,21.928243999999999,0 113.722937000000002,21.922152000000001,0</coordinates></LinearRing></outerBoundaryIs></Polygon><Polygon><outerBoundaryIs><LinearRing><coordinates>113.172372999999993,21.941068000000001,0 113.165398999999994,21.953462999999999,0 113.172066000000001,21.954744999999999,0 113.172372999999993,21.941068000000001,0</coordinates></LinearRing></outerBoundaryIs></Polygon><Polygon><outerBoundaryIs><LinearRing><coordinates>113.692819,21.962973000000002,0 113.706689999999995,21.957203,0 113.709449000000006,21.944967999999999,0 113.683162999999993,21.938824,0 113.681399999999996,21.949296,0 113.692819,21.962973000000002,0</coordinates></LinearRing></outerBoundaryIs></Polygon><Polygon><outerBoundaryIs><LinearRing><coordinates>113.778653000000006,21.978356999999999,0 113.768153999999996,21.972000999999999,0 113.765164999999996,21.961957999999999,0 113.758190999999997,21.965163,0 113.755737999999994,21.974672000000002,0 113.742402999999996,21.987812000000002,0 113.750067000000001,21.995128999999999,0 113.765855000000002,21.992671999999999,0 113.772904999999994,21.998760999999998,0 113.780108999999996,21.989253999999999,0 113.778653000000006,21.978356999999999,0</coordinates></LinearRing></outerBoundaryIs></Polygon><Polygon><outerBoundaryIs><LinearRing><coordinates>113.831762999999995,21.988880000000002,0 113.825401999999997,21.990535999999999,0 113.824405999999996,22.001270999999999,0 113.830766999999994,21.996625000000002,0 113.842338999999996,21.998868000000002,0 113.831762999999995,21.988880000000002,0</coordinates></LinearRing></outerBoundaryIs></Polygon><Polygon><outerBoundaryIs><LinearRing><coordinates>113.714584000000002,22.007413,0 113.705923999999996,22.007840000000002,0 113.705693999999994,22.016224999999999,0 113.695730999999995,22.021564999999999,0 113.702628000000004,22.029308,0 113.723014000000006,22.02872,0 113.729988000000006,22.016385,0 113.714584000000002,22.007413,0</coordinates></LinearRing></outerBoundaryIs></Polygon><Polygon><outerBoundaryIs><LinearRing><coordinates>113.666532000000004,22.02338,0 113.670210999999995,22.033418999999999,0 113.665306000000001,22.039238999999998,0 113.671360000000007,22.045432999999999,0 113.675804999999997,22.029361000000002,0 113.666532000000004,22.02338,0</coordinates></LinearRing></outerBoundaryIs></Polygon><Polygon><outerBoundaryIs><LinearRing><coordinates>114.001054999999994,22.035928999999999,0 113.999292999999994,22.045273000000002,0 114.005424000000005,22.045112,0 114.001054999999994,22.035928999999999,0</coordinates></LinearRing></outerBoundaryIs></Polygon><Polygon><outerBoundaryIs><LinearRing><coordinates>113.934686999999997,22.043990999999998,0 113.937753000000001,22.036249000000002,0 113.924110999999996,22.032778,0 113.919436000000005,22.036997,0 113.922961999999998,22.048583000000001,0 113.934686999999997,22.043990999999998,0</coordinates></LinearRing></outerBoundaryIs></Polygon><Polygon><outerBoundaryIs><LinearRing><coordinates>113.700866000000005,22.094864000000001,0 113.702704999999995,22.101696,0 113.711059000000006,22.091768999999999,0 113.700866000000005,22.094864000000001,0</coordinates></LinearRing></outerBoundaryIs></Polygon><Polygon><outerBoundaryIs><LinearRing><coordinates>113.876979000000006,22.117653000000001,0 113.884259999999998,22.112583000000001,0 113.880581000000006,22.10746,0 113.869622000000007,22.113009999999999,0 113.876979000000006,22.117653000000001,0</coordinates></LinearRing></outerBoundaryIs></Polygon><Polygon><outerBoundaryIs><LinearRing><coordinates>113.900047000000001,22.123683,0 113.901732999999993,22.114184000000002,0 113.886404999999996,22.111249000000001,0 113.890161000000006,22.122775000000001,0 113.900047000000001,22.123683,0</coordinates></LinearRing></outerBoundaryIs></Polygon><Polygon><outerBoundaryIs><LinearRing><coordinates>113.828237999999999,22.117919000000001,0 113.820727000000005,22.120588000000001,0 113.816434999999998,22.132327,0 113.822412999999997,22.136541999999999,0 113.818044999999998,22.153295,0 113.828543999999994,22.156282999999998,0 113.839579999999998,22.130993,0 113.828237999999999,22.117919000000001,0</coordinates></LinearRing></outerBoundaryIs></Polygon><Polygon><outerBoundaryIs><LinearRing><coordinates>113.722093999999998,22.141877999999998,0 113.707993000000002,22.134727999999999,0 113.707687000000007,22.143532,0 113.722093999999998,22.141877999999998,0</coordinates></LinearRing></outerBoundaryIs></Polygon><Polygon><outerBoundaryIs><LinearRing><coordinates>113.808542000000003,22.174206999999999,0 113.815055999999998,22.157136000000001,0 113.799575000000004,22.166471999999999,0 113.808542000000003,22.174206999999999,0</coordinates></LinearRing></outerBoundaryIs></Polygon><Polygon><outerBoundaryIs><LinearRing><coordinates>113.576176000000004,22.201035999999998,0 113.576865999999995,22.212074999999999,0 113.590738000000002,22.208981999999999,0 113.586523,22.201035999999998,0 113.576176000000004,22.201035999999998,0</coordinates></LinearRing></outerBoundaryIs></Polygon><Polygon><outerBoundaryIs><LinearRing><coordinates>113.807315000000003,22.40025,0 113.801338000000001,22.407385999999999,0 113.786699999999996,22.413563,0 113.798884999999999,22.422509000000002,0 113.811223999999996,22.420432000000002,0 113.824175999999994,22.404350000000001,0 113.819961000000006,22.396362,0 113.807315000000003,22.40025,0</coordinates></LinearRing></outerBoundaryIs></Polygon><Polygon><outerBoundaryIs><LinearRing><coordinates>113.847244000000003,22.491927,0 113.839657000000003,22.498525999999998,0 113.844485000000006,22.503368999999999,0 113.851995000000002,22.49661,0 113.847244000000003,22.491927,0</coordinates></LinearRing></outerBoundaryIs></Polygon><Polygon><outerBoundaryIs><LinearRing><coordinates>113.844485000000006,22.510234000000001,0 113.842568999999997,22.515820999999999,0 113.856899999999996,22.509595000000001,0 113.856823000000006,22.503582000000002,0 113.844485000000006,22.510234000000001,0</coordinates></LinearRing></outerBoundaryIs></Polygon><Polygon><outerBoundaryIs><LinearRing><coordinates>116.933746999999997,20.67633,0 116.931831000000003,20.666198000000001,0 116.917728999999994,20.637036999999999,0 116.904931000000005,20.619301,0 116.887151000000003,20.604043000000001,0 116.862932999999998,20.588891,0 116.825610999999995,20.583714000000001,0 116.796029000000004,20.582636000000001,0 116.770354999999995,20.58792,0 116.749585999999994,20.600915000000001,0 116.748666999999998,20.612292,0 116.758476000000002,20.618438000000001,0 116.791736999999998,20.613154999999999,0 116.827910000000003,20.619731999999999,0 116.848832000000002,20.628304,0 116.874505999999997,20.650621000000001,0 116.88991,20.683066,0 116.888300999999998,20.713996000000002,0 116.880943000000002,20.733498999999998,0 116.872512999999998,20.738294,0 116.831129000000004,20.741526,0 116.809747000000002,20.738401,0 116.797638000000006,20.745457999999999,0 116.768975999999995,20.743895999999999,0 116.761004999999997,20.750305999999998,0 116.769741999999994,20.75817,0 116.769588999999996,20.771743000000001,0 116.820093,20.780414,0 116.845307000000005,20.778528999999999,0 116.860327999999996,20.779876000000002,0 116.886000999999993,20.775514000000001,0 116.906769999999995,20.762049000000001,0 116.911981999999995,20.755908000000002,0 116.925700000000006,20.726765,0 116.933746999999997,20.67633,0</coordinates></LinearRing></outerBoundaryIs></Polygon><Polygon><outerBoundaryIs><LinearRing><coordinates>116.736788000000004,20.701118000000001,0 116.735562000000002,20.694544,0 116.714410000000001,20.700256,0 116.722380000000001,20.707476,0 116.736788000000004,20.701118000000001,0</coordinates></LinearRing></outerBoundaryIs></Polygon><Polygon><outerBoundaryIs><LinearRing><coordinates>115.939374000000001,20.945820999999999,0 115.931173000000001,20.964057,0 115.926727999999997,20.981538,0 115.931556999999998,20.992992999999998,0 115.954087999999999,20.999822999999999,0 115.987195999999997,20.966692999999999,0 116.000913999999995,20.948404,0 115.998844000000005,20.922955999999999,0 115.969875000000002,20.919512999999998,0 115.953168000000005,20.928336999999999,0 115.939374000000001,20.945820999999999,0</coordinates></LinearRing></outerBoundaryIs></Polygon><Polygon><outerBoundaryIs><LinearRing><coordinates>116.067357999999999,21.040419,0 116.055096000000006,21.027408000000001,0 116.040075000000002,21.020472000000002,0 116.016931,21.023213999999999,0 115.989187999999999,21.035473,0 115.953322,21.064288000000001,0 115.944125,21.08267,0 115.943359000000001,21.097449999999998,0 115.950025999999994,21.110616,0 115.965046999999998,21.123619999999999,0 116.000300999999993,21.126950999999998,0 116.024440999999996,21.124210999999999,0 116.043830999999997,21.110185999999999,0 116.057548999999995,21.087506999999999,0 116.065748999999997,21.064879000000001,0 116.067357999999999,21.040419,0</coordinates></LinearRing></outerBoundaryIs></Polygon><Polygon><outerBoundaryIs><LinearRing><coordinates>114.016536000000002,21.863144999999999,0 114.009945000000002,21.853148000000001,0 114.010251999999994,21.863679999999999,0 114.031557000000006,21.873622999999998,0 114.016536000000002,21.863144999999999,0</coordinates></LinearRing></outerBoundaryIs></Polygon><Polygon><outerBoundaryIs><LinearRing><coordinates>114.058687000000006,21.902325999999999,0 114.063592,21.892384,0 114.052862000000005,21.893346000000001,0 114.049260000000004,21.882709999999999,0 114.034469000000001,21.886077,0 114.042975999999996,21.895430999999999,0 114.058687000000006,21.902325999999999,0</coordinates></LinearRing></outerBoundaryIs></Polygon><Polygon><outerBoundaryIs><LinearRing><coordinates>114.142835000000005,21.965484,0 114.126664000000005,21.961743999999999,0 114.139003000000002,21.970344999999998,0 114.142835000000005,21.965484,0</coordinates></LinearRing></outerBoundaryIs></Polygon><Polygon><outerBoundaryIs><LinearRing><coordinates>114.172340000000005,21.999776000000001,0 114.173950000000005,21.992939,0 114.167972000000006,21.983111000000001,0 114.153947000000002,21.975099,0 114.144598000000002,21.980440999999999,0 114.123675000000006,21.979959999999998,0 114.124212,21.985247999999999,0 114.148275999999996,21.99091,0 114.152568000000002,22.000523999999999,0 114.160308000000001,21.995342999999998,0 114.172340000000005,21.999776000000001,0</coordinates></LinearRing></outerBoundaryIs></Polygon><Polygon><outerBoundaryIs><LinearRing><coordinates>114.202689000000007,21.991496999999999,0 114.189890000000005,21.986422999999998,0 114.180847,21.988506000000001,0 114.178701000000004,22.003034,0 114.181920000000005,22.010937999999999,0 114.217862999999994,22.011098,0 114.223840999999993,22.007787,0 114.220239000000007,21.989841999999999,0 114.202689000000007,21.991496999999999,0</coordinates></LinearRing></outerBoundaryIs></Polygon><Polygon><outerBoundaryIs><LinearRing><coordinates>114.013470999999996,22.038225000000001,0 114.017992000000007,22.028345999999999,0 114.007492999999997,22.026958,0 114.013470999999996,22.038225000000001,0</coordinates></LinearRing></outerBoundaryIs></Polygon><Polygon><outerBoundaryIs><LinearRing><coordinates>114.323009999999996,22.064171999999999,0 114.323622999999998,22.056377000000001,0 114.308985000000007,22.048635999999998,0 114.311361000000005,22.041428,0 114.299864999999997,22.036142000000002,0 114.284231000000005,22.036196,0 114.266451000000004,22.027598999999999,0 114.241237999999996,22.023700999999999,0 114.231044999999995,22.016331999999998,0 114.222615000000005,22.018948000000002,0 114.227825999999993,22.028827,0 114.239780999999994,22.035502000000001,0 114.267218,22.041267999999999,0 114.282852000000005,22.049703999999998,0 114.302778000000004,22.050505000000001,0 114.305537000000001,22.060542000000002,0 114.323009999999996,22.064171999999999,0</coordinates></LinearRing></outerBoundaryIs></Polygon><Polygon><outerBoundaryIs><LinearRing><coordinates>114.047651000000002,22.108954000000001,0 114.056081000000006,22.094277000000002,0 114.051788999999999,22.086324000000001,0 114.034546000000006,22.091342000000001,0 114.026959000000005,22.103190000000001,0 114.047651000000002,22.108954000000001,0</coordinates></LinearRing></outerBoundaryIs></Polygon><Polygon><outerBoundaryIs><LinearRing><coordinates>114.650481999999997,22.428739,0 114.641285999999994,22.429378,0 114.654238000000007,22.445138,0 114.659602000000007,22.444072999999999,0 114.650481999999997,22.428739,0</coordinates></LinearRing></outerBoundaryIs></Polygon><Polygon><outerBoundaryIs><LinearRing><coordinates>114.631782999999999,22.468081999999999,0 114.657227000000006,22.462439,0 114.652091999999996,22.454507,0 114.638526999999996,22.454241,0 114.628946999999997,22.448492000000002,0 114.620287000000005,22.466325000000001,0 114.631782999999999,22.468081999999999,0</coordinates></LinearRing></outerBoundaryIs></Polygon><Polygon><outerBoundaryIs><LinearRing><coordinates>114.840007,22.511990000000001,0 114.845907999999994,22.516779,0 114.855641000000006,22.513798999999999,0 114.840620000000001,22.502037999999999,0 114.840007,22.511990000000001,0</coordinates></LinearRing></outerBoundaryIs></Polygon><Polygon><outerBoundaryIs><LinearRing><coordinates>114.638143999999997,22.585723999999999,0 114.657763000000003,22.575565000000001,0 114.658912999999998,22.560511999999999,0 114.650481999999997,22.573916000000001,0 114.641592000000003,22.572799,0 114.638143999999997,22.585723999999999,0</coordinates></LinearRing></outerBoundaryIs></Polygon><Polygon><outerBoundaryIs><LinearRing><coordinates>114.720836000000006,22.588543000000001,0 114.726889999999997,22.577693,0 114.719226000000006,22.580245999999999,0 114.720836000000006,22.588543000000001,0</coordinates></LinearRing></outerBoundaryIs></Polygon><Polygon><outerBoundaryIs><LinearRing><coordinates>114.617987999999997,22.669518,0 114.612930000000006,22.661704,0 114.609941000000006,22.670262000000001,0 114.617987999999997,22.669518,0</coordinates></LinearRing></outerBoundaryIs></Polygon><Polygon><outerBoundaryIs><LinearRing><coordinates>114.648106999999996,22.664733999999999,0 114.649409000000006,22.675152000000001,0 114.653548000000001,22.664042999999999,0 114.648106999999996,22.664733999999999,0</coordinates></LinearRing></outerBoundaryIs></Polygon><Polygon><outerBoundaryIs><LinearRing><coordinates>115.196524999999994,22.735889,0 115.185795999999996,22.737694999999999,0 115.195145999999994,22.741945000000001,0 115.196524999999994,22.735889,0</coordinates></LinearRing></outerBoundaryIs></Polygon><Polygon><outerBoundaryIs><LinearRing><coordinates>115.108621999999997,22.783217,0 115.117129000000006,22.779712,0 115.107702000000003,22.771319999999999,0 115.108621999999997,22.783217,0</coordinates></LinearRing></outerBoundaryIs></Polygon><Polygon><outerBoundaryIs><LinearRing><coordinates>117.124268000000001,23.389731999999999,0 117.114075,23.399459,0 117.102196000000006,23.393643999999998,0 117.098747000000003,23.405062999999998,0 117.079127999999997,23.409026999999998,0 117.051154999999994,23.400780999999998,0 117.029927000000001,23.406331999999999,0 117.028853999999995,23.414788999999999,0 116.999502000000007,23.416215999999999,0 116.981722000000005,23.414525000000001,0 116.964708000000002,23.416374999999999,0 116.945088999999996,23.422823999999999,0 116.944705999999996,23.440000999999999,0 116.951066999999995,23.446290000000001,0 116.961412999999993,23.447241000000002,0 116.974440999999999,23.457122999999999,0 116.98563,23.460822,0 117.001340999999996,23.457333999999999,0 117.016668999999993,23.438784999999999,0 117.022800000000004,23.43683,0 117.051231999999999,23.467849000000001,0 117.064490000000006,23.475669,0 117.079435000000004,23.472922000000001,0 117.084569000000002,23.461877999999999,0 117.093383000000003,23.459395000000001,0 117.103881999999999,23.464573000000001,0 117.109246999999996,23.476831000000001,0 117.129479000000003,23.483329999999999,0 117.132928000000007,23.472709999999999,0 117.12764,23.458814,0 117.141281000000006,23.460028999999999,0 117.145420000000001,23.456119000000001,0 117.145112999999995,23.450095000000001,0 117.154769000000002,23.445074000000002,0 117.148561999999998,23.437992000000001,0 117.136836000000002,23.439895,0 117.135992999999999,23.422664999999999,0 117.145495999999994,23.411829000000001,0 117.142966999999999,23.400410999999998,0 117.124268000000001,23.389731999999999,0</coordinates></LinearRing></outerBoundaryIs></Polygon></MultiGeometry></Placemark>
</Document>
</kml>