<?xml version="1.0" encoding="UTF-8"?>
<kml xmlns="http://www.opengis.net/kml/2.2">
<Document>
<name>浙江省_全省轮廓</name>
<Placemark><name>浙江省_全省轮廓</name><MultiGeometry><Polygon><outerBoundaryIs><LinearRing><coordinates>121.090396999999996,27.424537999999998,0 121.079029000000006,27.428743000000001,0 121.076961999999995,27.434125000000002,0 121.088083999999995,27.431602000000002,0 121.090396999999996,27.424537999999998,0</coordinates></LinearRing></outerBoundaryIs></Polygon><Polygon><outerBoundaryIs><LinearRing><coordinates>121.047976000000006,27.458046,0 121.050043000000002,27.464687999999999,0 121.058852000000002,27.463847000000001,0 121.055013000000002,27.473893,0 121.070515,27.471160999999999,0 121.066233999999994,27.478221999999999,0 121.084147000000002,27.472379,0 121.089364000000003,27.462627999999999,0 121.105407,27.454892999999998,0 121.107276999999996,27.444005000000001,0 121.093990000000005,27.453001,0 121.086066000000002,27.452413,0 121.066381000000007,27.461324999999999,0 121.063378999999998,27.458297999999999,0 121.071942000000007,27.444972,0 121.066282999999999,27.444972,0 121.047976000000006,27.458046,0</coordinates></LinearRing></outerBoundaryIs></Polygon><Polygon><outerBoundaryIs><LinearRing><coordinates>121.106538999999998,27.473178000000001,0 121.112986000000006,27.473136,0 121.123369999999994,27.466327,0 121.112346000000002,27.463511,0 121.106538999999998,27.473178000000001,0</coordinates></LinearRing></outerBoundaryIs></Polygon><Polygon><outerBoundaryIs><LinearRing><coordinates>121.085673,27.4923,0 121.094579999999993,27.494022999999999,0 121.094579999999993,27.486332999999998,0 121.085673,27.4923,0</coordinates></LinearRing></outerBoundaryIs></Polygon><Polygon><outerBoundaryIs><LinearRing><coordinates>121.224945000000005,27.607047999999999,0 121.217415000000003,27.613681,0 121.228684999999999,27.616409000000001,0 121.224945000000005,27.607047999999999,0</coordinates></LinearRing></outerBoundaryIs></Polygon><Polygon><outerBoundaryIs><LinearRing><coordinates>121.210032999999996,27.608476,0 121.204324999999997,27.609735000000001,0 121.208950999999999,27.618172000000001,0 121.216922999999994,27.618928,0 121.210032999999996,27.608476,0</coordinates></LinearRing></outerBoundaryIs></Polygon><Polygon><outerBoundaryIs><LinearRing><coordinates>121.213577000000001,27.633324000000002,0 121.220810999999998,27.630303000000001,0 121.209000000000003,27.618549999999999,0 121.198321000000007,27.614646,0 121.191676999999999,27.621949999999998,0 121.199945,27.624929999999999,0 121.213577000000001,27.633324000000002,0</coordinates></LinearRing></outerBoundaryIs></Polygon><Polygon><outerBoundaryIs><LinearRing><coordinates>120.8339,27.649985000000001,0 120.821990999999997,27.634834999999999,0 120.824943000000005,27.646208000000001,0 120.8339,27.649985000000001,0</coordinates></LinearRing></outerBoundaryIs></Polygon><Polygon><outerBoundaryIs><LinearRing><coordinates>120.979569999999995,27.670418999999999,0 120.988281000000001,27.662783000000001,0 120.986508999999998,27.655104000000001,0 120.974746999999994,27.645033000000002,0 120.971744999999999,27.649858999999999,0 120.967759000000001,27.658041999999998,0 120.979569999999995,27.670418999999999,0</coordinates></LinearRing></outerBoundaryIs></Polygon><Polygon><outerBoundaryIs><LinearRing><coordinates>120.826222999999999,27.686192999999999,0 120.833112999999997,27.687367999999999,0 120.842758000000003,27.675536999999998,0 120.832472999999993,27.676880000000001,0 120.826222999999999,27.686192999999999,0</coordinates></LinearRing></outerBoundaryIs></Polygon><Polygon><outerBoundaryIs><LinearRing><coordinates>120.912098999999998,27.699238000000001,0 120.911951000000002,27.689171000000002,0 120.903388000000007,27.69387,0 120.912098999999998,27.699238000000001,0</coordinates></LinearRing></outerBoundaryIs></Polygon><Polygon><outerBoundaryIs><LinearRing><coordinates>120.899450999999999,27.706033000000001,0 120.887394,27.704522999999998,0 120.896547999999996,27.711444,0 120.899450999999999,27.706033000000001,0</coordinates></LinearRing></outerBoundaryIs></Polygon><Polygon><outerBoundaryIs><LinearRing><coordinates>121.155012999999997,27.756644999999999,0 121.146696000000006,27.754170999999999,0 121.145760999999993,27.760669,0 121.155012999999997,27.756644999999999,0</coordinates></LinearRing></outerBoundaryIs></Polygon><Polygon><outerBoundaryIs><LinearRing><coordinates>121.131046999999995,27.762471999999999,0 121.139117999999996,27.765155,0 121.144383000000005,27.758531000000001,0 121.133114000000006,27.753122999999999,0 121.131046999999995,27.762471999999999,0</coordinates></LinearRing></outerBoundaryIs></Polygon><Polygon><outerBoundaryIs><LinearRing><coordinates>121.131046999999995,27.770143000000001,0 121.138281000000006,27.776682000000001,0 121.149845999999997,27.772029,0 121.136951999999994,27.766998999999998,0 121.131046999999995,27.770143000000001,0</coordinates></LinearRing></outerBoundaryIs></Polygon><Polygon><outerBoundaryIs><LinearRing><coordinates>121.096892999999994,27.783052999999999,0 121.090545000000006,27.776221,0 121.073566,27.778023000000001,0 121.083654999999993,27.791896000000001,0 121.091037,27.793237000000001,0 121.096892999999994,27.783052999999999,0</coordinates></LinearRing></outerBoundaryIs></Polygon><Polygon><outerBoundaryIs><LinearRing><coordinates>121.213280999999995,27.820095999999999,0 121.225042999999999,27.824496,0 121.224108000000001,27.817875999999998,0 121.213280999999995,27.820095999999999,0</coordinates></LinearRing></outerBoundaryIs></Polygon><Polygon><outerBoundaryIs><LinearRing><coordinates>121.015248999999997,27.981617,0 120.991823999999994,27.949733999999999,0 121.055898999999997,27.900133,0 121.075584000000006,27.894438999999998,0 121.099451999999999,27.895067000000001,0 121.116726,27.899798000000001,0 121.137394999999998,27.908840999999999,0 121.157916999999998,27.910305999999999,0 121.162739999999999,27.902519000000002,0 121.160377999999994,27.884640999999998,0 121.166775000000001,27.876895000000001,0 121.185181,27.874801000000001,0 121.195859999999996,27.869817000000001,0 121.200535000000002,27.855159,0 121.196646999999999,27.833964000000002,0 121.184343999999996,27.814105000000001,0 121.167169000000001,27.811675000000001,0 121.157719999999998,27.813894999999999,0 121.143842000000006,27.791727999999999,0 121.131489999999999,27.788836,0 121.131439999999998,27.797595000000001,0 121.152503999999993,27.815362,0 121.133015,27.813182999999999,0 121.107670999999996,27.813686000000001,0 121.089855999999997,27.817540999999999,0 121.069874999999996,27.834215,0 121.027798000000004,27.832623000000002,0 121.020071999999999,27.835891,0 121.012148999999994,27.846236999999999,0 120.974254999999999,27.887195999999999,0 120.951469000000003,27.895904999999999,0 120.941773999999995,27.896784,0 120.910869000000005,27.864708,0 120.883702999999997,27.820934000000001,0 120.840642000000003,27.758741000000001,0 120.809638000000007,27.775549999999999,0 120.798713000000006,27.762136999999999,0 120.777698999999998,27.774712000000001,0 120.771646000000004,27.734466000000001,0 120.761114000000006,27.717692,0 120.739658000000006,27.702175,0 120.708949000000004,27.682585,0 120.700681000000003,27.669412000000001,0 120.685376000000005,27.622999,0 120.674992000000003,27.609105,0 120.652058999999994,27.586853999999999,0 120.634884,27.577280999999999,0 120.637049000000005,27.561449,0 120.642807000000005,27.556577000000001,0 120.662295,27.519611999999999,0 120.678190999999998,27.516418999999999,0 120.686311000000003,27.4923,0 120.702797000000004,27.478726000000002,0 120.699647999999996,27.465654000000001,0 120.676812999999996,27.431055000000001,0 120.673614000000001,27.419954000000001,0 120.675040999999993,27.382311999999999,0 120.670070999999993,27.362833999999999,0 120.657078999999996,27.352315999999998,0 120.612245999999999,27.336915000000001,0 120.580307000000005,27.321384999999999,0 120.571645000000004,27.309978000000001,0 120.575729999999993,27.293645000000001,0 120.574056999999996,27.286698999999999,0 120.563427000000004,27.277940999999998,0 120.552943999999997,27.257771000000002,0 120.554765000000003,27.252044000000001,0 120.576172999999997,27.241135,0 120.571496999999994,27.228204000000002,0 120.564115999999999,27.220243,0 120.556143000000006,27.204065,0 120.553240000000002,27.17343,0 120.545956000000004,27.156824,0 120.522284999999997,27.142154000000001,0 120.492462000000003,27.136168000000001,0 120.467757000000006,27.143166000000001,0 120.461654999999993,27.142575999999998,0 120.445267000000001,27.160869999999999,0 120.43759,27.161038999999999,0 120.426171999999994,27.173472,0 120.42568,27.183333000000001,0 120.404370999999998,27.203980000000001,0 120.400925999999998,27.211563999999999,0 120.413917999999995,27.230941999999999,0 120.398515000000003,27.242483,0 120.401763000000003,27.250864,0 120.415395000000004,27.256381000000001,0 120.422382999999996,27.250821999999999,0 120.430059999999997,27.258866000000001,0 120.408799999999999,27.276636,0 120.401369000000003,27.298570999999999,0 120.383405999999994,27.312714,0 120.374793999999994,27.329255,0 120.358356999999998,27.337546,0 120.351467,27.346761000000001,0 120.355256999999995,27.353873,0 120.343249,27.366242,0 120.351566000000005,27.383573999999999,0 120.340738999999999,27.399642,0 120.331733,27.396025000000002,0 120.319823,27.399684000000001,0 120.315984999999998,27.406707999999998,0 120.315147999999994,27.393165,0 120.302696999999995,27.392196999999999,0 120.289507999999998,27.395941000000001,0 120.273365999999996,27.389420999999999,0 120.258208999999994,27.412679000000001,0 120.263769999999994,27.418019999999999,0 120.262440999999995,27.432905000000002,0 120.249005999999994,27.439885,0 120.246889999999993,27.434587000000001,0 120.221594999999994,27.420290999999999,0 120.213228000000001,27.420290999999999,0 120.202402000000006,27.428363999999998,0 120.176908999999995,27.419954000000001,0 120.163376,27.424873999999999,0 120.141820999999993,27.422183,0 120.131437000000005,27.416716000000001,0 120.137195000000006,27.402334,0 120.128878,27.391608000000002,0 120.121594000000002,27.397413,0 120.107174999999998,27.395562000000002,0 120.096249999999998,27.390346999999998,0 120.09684,27.379619999999999,0 120.077006999999995,27.369187,0 120.052302999999995,27.338681999999999,0 120.027548999999993,27.342258999999999,0 120.026613999999995,27.350801000000001,0 120.015984000000003,27.36477,0 120.009585999999999,27.363928000000001,0 120.005206000000001,27.376674999999999,0 119.994231999999997,27.379199,0 119.988326000000001,27.371375,0 119.960274999999996,27.366116000000002,0 119.964015000000003,27.360478000000001,0 119.960176000000004,27.351852999999998,0 119.937932000000004,27.334599999999998,0 119.944035,27.314146000000001,0 119.933503000000002,27.316545000000001,0 119.903285999999994,27.317596999999999,0 119.899054000000007,27.311494,0 119.887636999999998,27.313303999999999,0 119.865589,27.306232000000001,0 119.871297999999996,27.315408000000001,0 119.856730999999996,27.314819,0 119.846199999999996,27.324037000000001,0 119.835076999999998,27.312967,0 119.844821999999994,27.306653000000001,0 119.840146000000004,27.298908000000001,0 119.822331000000005,27.301432999999999,0 119.819525999999996,27.296044999999999,0 119.795755999999997,27.310441000000001,0 119.790491000000003,27.302612,0 119.770560000000003,27.305685,0 119.769772000000003,27.324373000000001,0 119.777991,27.320163999999998,0 119.784979000000007,27.323574000000001,0 119.781485000000004,27.330476000000001,0 119.768394000000001,27.335736000000001,0 119.769131999999999,27.345414999999999,0 119.751022000000006,27.350086000000001,0 119.747429999999994,27.359973,0 119.740491000000006,27.362203000000001,0 119.750480999999994,27.373225999999999,0 119.740294000000006,27.375707999999999,0 119.739554999999996,27.386813,0 119.733846999999997,27.388705999999999,0 119.724349000000004,27.401703000000001,0 119.713030000000003,27.402837999999999,0 119.704318999999998,27.416927000000001,0 119.704712999999998,27.424706,0 119.689505999999994,27.430845000000001,0 119.685471000000007,27.438413000000001,0 119.693886000000006,27.438665,0 119.703433000000004,27.447284,0 119.704024000000004,27.458507999999998,0 119.709929000000002,27.46246,0 119.706681000000003,27.470656000000002,0 119.710717000000002,27.482507999999999,0 119.709633999999994,27.496797000000001,0 119.702892000000006,27.500285000000002,0 119.708551,27.514275999999999,0 119.689505999999994,27.534064000000001,0 119.690589000000003,27.537255999999999,0 119.670558999999997,27.536584000000001,0 119.659339000000003,27.539693,0 119.668836999999996,27.556493,0 119.672036000000006,27.556408999999999,0 119.675038000000001,27.574383000000001,0 119.645460999999997,27.578205000000001,0 119.630893999999998,27.582698000000001,0 119.626464999999996,27.620481000000002,0 119.641130000000004,27.625392000000002,0 119.647527999999994,27.640543000000001,0 119.639653999999993,27.652671000000002,0 119.644032999999993,27.663495999999999,0 119.635569000000004,27.668405,0 119.606238000000005,27.67474,0 119.595017999999996,27.666895,0 119.583945,27.665175000000001,0 119.578924999999998,27.669832,0 119.566523000000004,27.663747999999998,0 119.550134999999997,27.663831999999999,0 119.549299000000005,27.670166999999999,0 119.539160999999993,27.675370000000001,0 119.541916999999998,27.663916,0 119.537093999999996,27.658923000000001,0 119.525923000000006,27.660307,0 119.52046,27.650068999999998,0 119.511503000000005,27.653468,0 119.501169000000004,27.649901,0 119.497969999999995,27.625896000000001,0 119.500923,27.608224,0 119.488718000000006,27.59882,0 119.481876999999997,27.585678999999999,0 119.484830000000002,27.570394,0 119.477497,27.553847000000001,0 119.474643,27.539314000000001,0 119.466522999999995,27.52646,0 119.451710000000006,27.51352,0 119.438472000000004,27.508772,0 119.432861000000003,27.513016,0 119.422674000000001,27.536584000000001,0 119.416669999999996,27.539650999999999,0 119.394968000000006,27.539272,0 119.376807999999997,27.534987999999998,0 119.360027000000002,27.524401999999998,0 119.341866999999993,27.506796999999999,0 119.347673999999998,27.492763,0 119.334682000000001,27.480028999999998,0 119.285026000000002,27.457626000000001,0 119.276463000000007,27.435511999999999,0 119.267850999999993,27.421468000000001,0 119.251069000000001,27.420753000000001,0 119.247280000000003,27.429500000000001,0 119.243441000000004,27.419827999999999,0 119.222673999999998,27.417052999999999,0 119.209485000000001,27.422098999999999,0 119.194770000000005,27.418735000000002,0 119.180251999999996,27.428238,0 119.168490000000006,27.424873999999999,0 119.153972999999993,27.428532000000001,0 119.147525999999999,27.424831999999999,0 119.138766000000004,27.434418999999998,0 119.128529999999998,27.43177,0 119.121393999999995,27.438329,0 119.125921000000005,27.452203000000001,0 119.118883999999994,27.461451,0 119.131286000000003,27.463090000000001,0 119.130744000000007,27.472799999999999,0 119.115094999999997,27.482845000000001,0 119.088126000000003,27.464099000000001,0 119.072524999999999,27.472252999999998,0 119.066423,27.466957000000001,0 119.055301,27.477591,0 119.037191000000007,27.480616999999999,0 119.020803000000001,27.497931000000001,0 118.998902999999999,27.496334999999998,0 118.990734000000003,27.503352,0 118.982760999999996,27.496040000000001,0 118.990438999999995,27.48856,0 118.988321999999997,27.477255,0 118.966029000000006,27.473345999999999,0 118.955448000000004,27.449849,0 118.949197999999996,27.456364000000001,0 118.933351999999999,27.463595000000002,0 118.910763000000003,27.460861999999999,0 118.901461999999995,27.464687999999999,0 118.897722000000002,27.478978000000001,0 118.889454000000001,27.481331999999998,0 118.890339999999995,27.494107,0 118.886500999999996,27.501251,0 118.879907000000003,27.499569999999999,0 118.873607000000007,27.517764,0 118.857859000000005,27.516670999999999,0 118.859630999999993,27.527594000000001,0 118.869178000000005,27.539902999999999,0 118.889010999999996,27.547505000000001,0 118.896047999999993,27.563129,0 118.910222000000005,27.570352,0 118.904070000000004,27.575979,0 118.902741000000006,27.592313000000001,0 118.913912999999994,27.619138,0 118.902642999999998,27.623671000000002,0 118.903726000000006,27.638864000000002,0 118.895309999999995,27.655566,0 118.879907000000003,27.667943999999999,0 118.874640999999997,27.682794999999999,0 118.880545999999995,27.689297,0 118.875034999999997,27.700958,0 118.878478999999999,27.70532,0 118.900084000000007,27.704985000000001,0 118.897968000000006,27.718909,0 118.890438000000003,27.718741000000001,0 118.880645000000001,27.731152999999999,0 118.87218,27.734424000000001,0 118.853971999999999,27.774251,0 118.839995000000002,27.779322000000001,0 118.839404999999999,27.788585000000001,0 118.851461999999998,27.796002999999999,0 118.847131000000005,27.812512999999999,0 118.838813999999999,27.820640999999998,0 118.835418000000004,27.838194999999999,0 118.826313999999996,27.846613999999999,0 118.835763,27.866509000000001,0 118.826560000000001,27.874842999999998,0 118.831530999999998,27.886316000000001,0 118.820408,27.89536,0 118.818439999999995,27.916710999999999,0 118.803725,27.918302000000001,0 118.804562000000004,27.927091999999998,0 118.767111,27.941824,0 118.754168000000007,27.942744999999999,0 118.753478999999999,27.948018000000001,0 118.729906,27.972580000000001,0 118.732513999999995,27.990904,0 118.726560000000006,28.000399000000002,0 118.726608999999996,28.014201,0 118.733498999999995,28.026454999999999,0 118.732662000000005,28.035947,0 118.720359000000002,28.045438000000001,0 118.718783999999999,28.063624000000001,0 118.735320000000002,28.074994,0 118.743144000000001,28.088536000000001,0 118.763518000000005,28.094721,0 118.765141999999997,28.102912,0 118.773606999999998,28.107968,0 118.785369000000003,28.106715000000001,0 118.802297999999993,28.117286,0 118.800427999999997,28.133120000000002,0 118.805891000000003,28.153088,0 118.798114999999996,28.168917,0 118.782908000000006,28.172633000000001,0 118.775182000000001,28.167998000000001,0 118.760959,28.167413,0 118.769276000000005,28.185746000000002,0 118.782121000000004,28.193178,0 118.794769000000002,28.205953000000001,0 118.804168000000004,28.207874,0 118.812387000000001,28.225573000000001,0 118.802052000000003,28.240431000000001,0 118.781186000000005,28.243102,0 118.754513000000003,28.253451999999999,0 118.740881000000002,28.267513999999998,0 118.739355000000003,28.277360000000002,0 118.727298000000005,28.281115,0 118.730152000000004,28.296800000000001,0 118.722327000000007,28.310479999999998,0 118.713517999999993,28.312899000000002,0 118.700181999999998,28.310396999999998,0 118.689896000000005,28.291001000000001,0 118.674788000000007,28.271435,0 118.666668000000001,28.269725000000001,0 118.651363000000003,28.27711,0 118.640240000000006,28.273479999999999,0 118.632464999999996,28.261296999999999,0 118.623016000000007,28.256623000000001,0 118.595703,28.256999,0 118.598016000000001,28.270643,0 118.584481999999994,28.284327000000001,0 118.568832999999998,28.285245,0 118.558595999999994,28.282323999999999,0 118.547473999999994,28.286580000000001,0 118.546244000000002,28.275023999999998,0 118.530201000000005,28.270434000000002,0 118.514156999999997,28.269641,0 118.505643000000006,28.279904999999999,0 118.495604,28.273104,0 118.492947000000001,28.262715,0 118.502690999999999,28.246817,0 118.490683000000004,28.238427999999999,0 118.481037000000001,28.245982000000001,0 118.463862000000006,28.243061000000001,0 118.445160999999999,28.254745,0 118.448852000000002,28.261505,0 118.438615999999996,28.261254999999998,0 118.430446000000003,28.280781000000001,0 118.433201999999994,28.28829,0 118.459678999999994,28.301680000000001,0 118.470849999999999,28.316693999999998,0 118.481922999999995,28.320989999999998,0 118.487089999999995,28.328996,0 118.469423000000006,28.328203999999999,0 118.473900999999998,28.339046,0 118.469274999999996,28.355848000000002,0 118.455151000000001,28.383984000000002,0 118.431134999999998,28.398361999999999,0 118.440240000000003,28.411946,0 118.456529000000003,28.415987999999999,0 118.450130999999999,28.418154000000001,0 118.459333999999998,28.429819999999999,0 118.465929000000003,28.448232000000001,0 118.463320999999993,28.455853999999999,0 118.482168999999999,28.47118,0 118.472178999999997,28.479384,0 118.461646999999999,28.482631000000001,0 118.454314999999994,28.476385000000001,0 118.438124000000002,28.492999000000001,0 118.421785,28.492125000000001,0 118.415042999999997,28.497412000000001,0 118.421932999999996,28.502991000000002,0 118.430790999999999,28.500785,0 118.445554999999999,28.513273000000002,0 118.437286999999998,28.521681999999998,0 118.433250999999998,28.516479,0 118.425327999999993,28.525261,0 118.428133000000003,28.534668,0 118.420702000000006,28.544739,0 118.428083999999998,28.547360000000001,0 118.41337,28.555142,0 118.409433000000007,28.569247000000001,0 118.417306999999994,28.572825000000002,0 118.415683000000001,28.583475,0 118.421588,28.596287,0 118.414058999999995,28.595372000000001,0 118.417749000000001,28.607558000000001,0 118.425279000000003,28.611426000000002,0 118.433398999999994,28.627061999999999,0 118.427789000000004,28.63147,0 118.422128999999998,28.646812000000001,0 118.432612000000006,28.651551000000001,0 118.432857999999996,28.676532999999999,0 118.414993999999993,28.686591,0 118.418831999999995,28.692242,0 118.402247000000003,28.703005000000001,0 118.391469999999998,28.700512,0 118.392503000000005,28.710442,0 118.401903000000004,28.714473000000002,0 118.399737999999999,28.727558999999999,0 118.392356000000007,28.738858,0 118.396293,28.754932,0 118.386942000000005,28.754807,0 118.383694000000006,28.774201000000001,0 118.378724000000005,28.784621999999999,0 118.383349999999993,28.787362999999999,0 118.371932000000001,28.801769,0 118.368191999999993,28.811274999999998,0 118.331873000000002,28.814803000000001,0 118.320554000000001,28.821235999999999,0 118.310563999999999,28.821982999999999,0 118.295308000000006,28.835222000000002,0 118.304314000000005,28.840077999999998,0 118.297424000000007,28.847836999999998,0 118.293880999999999,28.860866000000001,0 118.287925999999999,28.864516999999999,0 118.28143,28.891355999999998,0 118.276115000000004,28.895959999999999,0 118.269864999999996,28.918644,0 118.256823999999995,28.92362,0 118.237630999999993,28.918520000000001,0 118.224982999999995,28.911843000000001,0 118.199392000000003,28.902968999999999,0 118.193487000000005,28.908276999999998,0 118.196686,28.915949000000001,0 118.206035999999997,28.919598000000001,0 118.227836999999994,28.942443000000001,0 118.223802000000006,28.947831999999998,0 118.199392000000003,28.954671999999999,0 118.195997000000006,28.965033999999999,0 118.186597000000006,28.976970000000001,0 118.165139999999994,28.986709000000001,0 118.147177999999997,28.984802999999999,0 118.147867000000005,28.977799000000001,0 118.133742999999996,28.983891,0 118.125917999999999,28.994499000000001,0 118.132463000000001,29.008379000000001,0 118.127296000000001,29.016085,0 118.113713000000004,29.009208000000001,0 118.110022000000001,28.991723,0 118.099932999999993,28.990397000000002,0 118.110662000000005,29.003738999999999,0 118.107020000000006,29.011984000000002,0 118.097078999999994,28.998726000000001,0 118.090681000000004,29.010451,0 118.088072999999994,29.029423999999999,0 118.072176999999996,29.038990999999999,0 118.066961000000006,29.053941999999999,0 118.076902000000004,29.062844999999999,0 118.075770000000006,29.074563000000001,0 118.045897999999994,29.088846,0 118.037974000000006,29.101886,0 118.053083000000001,29.116247999999999,0 118.038910000000001,29.126346000000002,0 118.045012,29.149104000000001,0 118.041370000000001,29.160852999999999,0 118.028378000000004,29.169250999999999,0 118.033446999999995,29.177150999999999,0 118.042452999999995,29.210318999999998,0 118.051410000000004,29.217596,0 118.057906000000003,29.214784000000002,0 118.073260000000005,29.217016999999998,0 118.081970999999996,29.234587000000001,0 118.075573000000006,29.24736,0 118.080444999999997,29.266331000000001,0 118.077886000000007,29.278769,0 118.071931000000006,29.287033000000001,0 118.078131999999997,29.290586999999999,0 118.105101000000005,29.284925999999999,0 118.115877999999995,29.293685,0 118.136105000000001,29.283892999999999,0 118.152885999999995,29.286290000000001,0 118.169372999999993,29.297609999999999,0 118.176607000000004,29.297404,0 118.176066000000006,29.305914000000001,0 118.166567000000001,29.313886,0 118.179755999999998,29.321404000000001,0 118.183300000000003,29.332225000000001,0 118.207808,29.347587000000001,0 118.208693999999994,29.360346,0 118.204018000000005,29.36786,0 118.208792000000003,29.377521000000002,0 118.194322999999997,29.388252999999999,0 118.193044,29.39527,0 118.204263999999995,29.395394,0 118.218092999999996,29.420361,0 118.232955000000004,29.423909999999999,0 118.248507000000004,29.431336999999999,0 118.255691999999996,29.426179999999999,0 118.267797999999999,29.427871,0 118.277641000000003,29.423373999999999,0 118.286153999999996,29.426715999999999,0 118.291370999999998,29.419989999999999,0 118.316125,29.42259,0 118.315977000000004,29.450562000000001,0 118.306627000000006,29.479434000000001,0 118.310563999999999,29.496010999999999,0 118.324442000000005,29.496918000000001,0 118.344964000000004,29.475681000000002,0 118.358694,29.477083,0 118.379806000000002,29.502566999999999,0 118.383004999999997,29.510152999999999,0 118.393045000000001,29.507307999999998,0 118.414993999999993,29.509741000000002,0 118.430593999999999,29.503720999999999,0 118.448949999999996,29.51341,0 118.459826000000007,29.505576999999999,0 118.470406999999994,29.507473000000001,0 118.495898999999994,29.519552999999998,0 118.497867999999997,29.543994999999999,0 118.494915000000006,29.553720999999999,0 118.499689000000004,29.573623000000001,0 118.515485999999996,29.583304999999999,0 118.535219999999995,29.590637999999998,0 118.549886000000001,29.613416000000001,0 118.555053000000001,29.613416000000001,0 118.573902000000004,29.638370999999999,0 118.602051000000003,29.643682999999999,0 118.620013999999998,29.654098999999999,0 118.633498000000003,29.648788,0 118.640929,29.641912000000001,0 118.647327000000004,29.643394000000001,0 118.673901999999998,29.669083000000001,0 118.682366999999999,29.681061,0 118.682907999999998,29.688345000000002,0 118.691668000000007,29.693942,0 118.700821000000005,29.706451999999999,0 118.718686000000005,29.709167000000001,0 118.724639999999994,29.722621,0 118.744719000000003,29.738788,0 118.749049999999997,29.761120999999999,0 118.744325000000003,29.779626,0 118.736501000000004,29.788464999999999,0 118.739946000000003,29.813295,0 118.745998999999998,29.818186000000001,0 118.757810000000006,29.816746999999999,0 118.765929999999997,29.823077000000001,0 118.750968999999998,29.831624999999999,0 118.755595,29.845431999999999,0 118.766963000000004,29.848925000000001,0 118.778724999999994,29.841899000000002,0 118.802593000000002,29.860676000000002,0 118.807711999999995,29.867660000000001,0 118.841324,29.891318999999999,0 118.845506999999998,29.899082,0 118.844915999999998,29.915261000000001,0 118.838716000000005,29.934476,0 118.848263000000003,29.941248999999999,0 118.863912999999997,29.936979999999998,0 118.871983,29.946873,0 118.884680000000003,29.93891,0 118.894867000000005,29.939197,0 118.891520999999997,29.959885,0 118.899493000000007,29.98143,0 118.892061999999996,29.994806000000001,0 118.895015000000001,30.000385999999999,0 118.890339999999995,30.012036999999999,0 118.898016999999996,30.017246,0 118.902593999999993,30.029059,0 118.890585999999999,30.04128,0 118.897328000000002,30.049645999999999,0 118.888125000000002,30.062356999999999,0 118.878823999999994,30.064653,0 118.875478000000001,30.072033000000001,0 118.872917999999999,30.094619000000002,0 118.868882999999997,30.101464,0 118.871639000000002,30.113021,0 118.887238999999994,30.117446000000001,0 118.888125000000002,30.127238999999999,0 118.895949999999999,30.138793,0 118.896787000000003,30.148092999999999,0 118.877347999999998,30.147396000000001,0 118.865733000000006,30.151492999999999,0 118.856382999999994,30.148216000000001,0 118.845703999999998,30.156122,0 118.85284,30.166566,0 118.864405000000005,30.168983000000001,0 118.910812000000007,30.187493,0 118.920654999999996,30.198999000000001,0 118.929857999999996,30.203379999999999,0 118.924986000000004,30.213861000000001,0 118.903183999999996,30.217912999999999,0 118.892554000000004,30.243248999999999,0 118.882417000000004,30.247464999999998,0 118.889700000000005,30.254258,0 118.878085999999996,30.282734000000001,0 118.881826000000004,30.298524,0 118.879857000000001,30.314883999999999,0 118.899788999999998,30.322572000000001,0 118.908400999999998,30.330871999999999,0 118.917899000000006,30.332467000000001,0 118.936353999999994,30.34506,0 118.936452000000003,30.350823999999999,0 118.955399,30.359203999999998,0 118.959384999999997,30.347266999999999,0 118.969031000000001,30.351355999999999,0 118.975724,30.347145000000001,0 118.988125999999994,30.348697999999999,0 118.988027000000002,30.333489,0 119.004463999999999,30.328951,0 119.028774999999996,30.312593,0 119.048312999999993,30.312674999999999,0 119.050822999999994,30.306744999999999,0 119.062978000000001,30.304945,0 119.073410999999993,30.315864999999999,0 119.090242000000003,30.324003000000001,0 119.111009999999993,30.311285000000002,0 119.128529999999998,30.3047,0 119.151266000000007,30.304576999999998,0 119.156728999999999,30.299547,0 119.188225000000003,30.291651999999999,0 119.201069000000004,30.291039000000001,0 119.205695000000006,30.301551,0 119.222623999999996,30.299627999999998,0 119.225479000000007,30.288789000000001,0 119.233746999999994,30.293410999999999,0 119.245902000000001,30.321631,0 119.239997000000002,30.327029,0 119.247131999999993,30.340807999999999,0 119.265045999999998,30.338069000000001,0 119.278136000000003,30.341584999999998,0 119.289455000000004,30.349639,0 119.300675999999996,30.363700999999999,0 119.326561999999996,30.371752999999998,0 119.342653999999996,30.363168999999999,0 119.349446,30.349148,0 119.375626999999994,30.354789,0 119.386159000000006,30.363904999999999,0 119.399986999999996,30.367788000000001,0 119.403037999999995,30.373346999999999,0 119.393835999999993,30.383033000000001,0 119.371443999999997,30.383932000000001,0 119.366572000000005,30.388386000000001,0 119.368933999999996,30.399746,0 119.360911999999999,30.410737000000001,0 119.349543999999995,30.408612000000002,0 119.352988999999994,30.424831000000001,0 119.349692000000005,30.438841,0 119.336157999999998,30.44558,0 119.334485000000001,30.478083999999999,0 119.330350999999993,30.488249,0 119.336354999999998,30.507148999999998,0 119.328677999999996,30.521636999999998,0 119.326561999999996,30.532980999999999,0 119.313619000000003,30.531186000000002,0 119.287930000000003,30.512618,0 119.272132999999997,30.510494999999999,0 119.261650000000003,30.517759999999999,0 119.261895999999993,30.525554,0 119.242555999999993,30.530042999999999,0 119.236945000000006,30.546731000000001,0 119.245508000000001,30.561416999999999,0 119.264751000000004,30.573450000000001,0 119.264751000000004,30.582056000000001,0 119.254120999999998,30.588663,0 119.253677999999994,30.596451999999999,0 119.240094999999997,30.604932999999999,0 119.245852999999997,30.618877000000001,0 119.255005999999995,30.615126,0 119.278383000000005,30.617612999999999,0 119.291227000000006,30.616022999999998,0 119.311946000000006,30.621241000000001,0 119.323116999999996,30.630291,0 119.333647999999997,30.652218999999999,0 119.343147000000002,30.664200000000001,0 119.354563999999996,30.666930000000001,0 119.372378999999995,30.680375999999999,0 119.379367000000002,30.679358000000001,0 119.391523000000007,30.685224000000002,0 119.395657,30.678705999999998,0 119.400036999999998,30.658861999999999,0 119.412683999999999,30.642968,0 119.433649000000003,30.644476000000001,0 119.448313999999996,30.655846,0 119.452939999999998,30.671616,0 119.465981999999997,30.683921000000002,0 119.482763000000006,30.704452,0 119.480303000000006,30.738091000000001,0 119.484583999999998,30.744605,0 119.478776999999994,30.753074000000002,0 119.479563999999996,30.771229000000002,0 119.491523000000001,30.777253000000002,0 119.507124000000005,30.769642000000001,0 119.524495999999999,30.776032000000001,0 119.554514999999995,30.825634999999998,0 119.561207999999993,30.829459,0 119.575726000000003,30.829743000000001,0 119.573757999999998,30.853334,0 119.558944999999994,30.871186000000002,0 119.559092000000007,30.891718000000001,0 119.556336000000002,30.896718,0 119.563817,30.919236000000001,0 119.580352000000005,30.929151999999998,0 119.582172999999997,30.947437000000001,0 119.579565000000002,30.962671,0 119.585864000000001,30.976400999999999,0 119.607467999999997,30.991875,0 119.616276999999997,31.002392,0 119.624003999999999,31.005316000000001,0 119.634043000000005,31.019485,0 119.631337000000002,31.046316999999998,0 119.634978000000004,31.064174000000001,0 119.629515999999995,31.082311000000001,0 119.634682999999995,31.093751000000001,0 119.649152000000001,31.105108999999999,0 119.624151999999995,31.116019999999999,0 119.623806999999999,31.130254000000001,0 119.638127999999995,31.135525999999999,0 119.641572999999994,31.148136000000001,0 119.662537,31.159852000000001,0 119.663719,31.165973000000001,0 119.678038999999998,31.168202999999998,0 119.682764000000006,31.160501,0 119.703875999999994,31.151906,0 119.713127999999998,31.167635000000001,0 119.740491000000006,31.173431999999998,0 119.755352999999999,31.170756000000001,0 119.779319000000001,31.178782000000002,0 119.793394000000006,31.168040999999999,0 119.791278000000005,31.156609,0 119.800972999999999,31.156324999999999,0 119.809881000000004,31.148501,0 119.823316000000005,31.154136000000001,0 119.829762000000002,31.161393,0 119.823463000000004,31.165811000000001,0 119.826464999999999,31.173188,0 119.837586999999999,31.173674999999999,0 119.842163999999997,31.168769999999999,0 119.866623000000004,31.168323999999998,0 119.878729000000007,31.160785000000001,0 119.900234999999995,31.169176,0 119.920953999999995,31.170392,0 119.921052000000003,31.161190000000001,0 119.936751000000001,31.146554999999999,0 119.946248999999995,31.106245000000001,0 119.969773000000004,31.074276999999999,0 119.988523000000001,31.059222999999999,0 120.001711999999998,31.027118000000002,0 120.017016999999996,31.017821000000001,0 120.052449999999993,31.005721999999999,0 120.094380000000001,30.973233,0 120.111013999999997,30.955928,0 120.135127999999995,30.941911000000001,0 120.149646000000004,30.937481999999999,0 120.221790999999996,30.926876,0 120.250777999999997,30.926226,0 120.308060999999995,30.932281,0 120.343346999999994,30.939961,0 120.371103000000005,30.948777,0 120.359440000000006,30.931915,0 120.362688000000006,30.921673999999999,0 120.356930000000006,30.908871999999999,0 120.360129000000001,30.892775,0 120.358012000000002,30.887084000000002,0 120.364655999999997,30.880457,0 120.372432000000003,30.882164,0 120.379419999999996,30.890782999999999,0 120.394676000000004,30.890782999999999,0 120.423514999999995,30.90306,0 120.418002999999999,30.925576,0 120.423416000000003,30.927444999999999,0 120.434980999999993,30.920821,0 120.442265000000006,30.900580000000001,0 120.434488999999999,30.887978,0 120.439558000000005,30.885213,0 120.452353000000002,30.867892999999999,0 120.441280000000006,30.856303,0 120.454469000000003,30.849633000000001,0 120.460374999999999,30.839872,0 120.461015000000003,30.828278999999998,0 120.455257000000003,30.816846999999999,0 120.477255,30.800001999999999,0 120.477008999999995,30.785596000000002,0 120.489065999999994,30.763860999999999,0 120.504419999999996,30.757959,0 120.517461999999995,30.772286999999999,0 120.563820000000007,30.835519999999999,0 120.580896999999993,30.845687999999999,0 120.588967999999994,30.854431999999999,0 120.602993999999995,30.848901000000001,0 120.616872000000001,30.849999,0 120.625681,30.855896000000001,0 120.644726000000006,30.854838999999998,0 120.655405000000002,30.847518000000001,0 120.658703000000003,30.865290000000002,0 120.663082000000003,30.861346000000001,0 120.673073000000002,30.874927,0 120.682817,30.882529999999999,0 120.699943000000005,30.867811,0 120.704273999999998,30.872934999999998,0 120.702551,30.884034,0 120.713279,30.885051000000001,0 120.709834999999998,30.907530999999999,0 120.712688999999997,30.919682999999999,0 120.709440999999998,30.933174999999999,0 120.697581,30.950320999999999,0 120.684441000000007,30.955155999999999,0 120.698220000000006,30.970796,0 120.705504000000005,30.966449000000001,0 120.710081000000002,30.971892,0 120.725583,30.971526999999998,0 120.736114000000001,30.963728,0 120.745957000000004,30.962509000000001,0 120.758457000000007,30.974532,0 120.769677000000001,30.977294000000001,0 120.769923000000006,30.996625999999999,0 120.802896000000004,31.005396999999999,0 120.820908000000003,31.006371000000001,0 120.840052,30.997803000000001,0 120.847335000000001,30.989599999999999,0 120.853240999999997,30.992971000000001,0 120.865641999999994,30.989802999999998,0 120.868054000000001,30.995367000000002,0 120.891330999999994,31.003731999999999,0 120.895121000000003,31.017374,0 120.910081000000005,31.016928,0 120.918103000000002,31.012785999999998,0 120.940100999999999,31.010026,0 120.936312000000001,31.017130999999999,0 120.949993000000006,31.017617999999999,0 120.949106999999998,31.029959000000002,0 120.958309999999997,31.028579000000001,0 120.963182000000003,31.016603,0 120.989510999999993,31.014410000000002,0 121.000534000000002,30.973922999999999,0 120.991429999999994,30.968357999999998,0 121.000041999999993,30.934719000000001,0 120.998959999999997,30.909521999999999,0 121.002551999999994,30.904848000000001,0 120.992660000000001,30.90184,0 120.993842000000001,30.889645000000002,0 121.008506999999994,30.888141000000001,0 121.021893000000006,30.875171000000002,0 121.014805999999993,30.871023999999998,0 121.016283000000001,30.862850000000002,0 121.003979000000001,30.846094999999998,0 120.997778999999994,30.844061,0 120.989116999999993,30.832305999999999,0 120.994629000000003,30.821484999999999,0 121.010918000000004,30.834624999999999,0 121.030062000000001,30.828564,0 121.037936000000002,30.813877000000002,0 121.039953999999994,30.827221000000002,0 121.062049999999999,30.837796999999998,0 121.060524999999998,30.845199999999998,0 121.080455999999998,30.848738999999998,0 121.097729999999999,30.857116000000001,0 121.104816,30.849349,0 121.114756999999997,30.851462999999999,0 121.123565999999997,30.847273999999999,0 121.120614000000003,30.836333,0 121.134639000000007,30.833037999999998,0 121.137641000000002,30.826245,0 121.128142999999994,30.809971000000001,0 121.126272999999998,30.788567,0 121.117266999999998,30.785474000000001,0 121.122975999999994,30.779002999999999,0 121.140642999999997,30.776927000000001,0 121.152699999999996,30.778962,0 121.174649000000002,30.772002000000001,0 121.191824999999994,30.778839999999999,0 121.200338000000002,30.773631000000002,0 121.200091999999998,30.783276999999998,0 121.218006000000003,30.784945,0 121.226224000000002,30.775096000000001,0 121.232276999999996,30.755801000000002,0 121.256392000000005,30.743953999999999,0 121.269778000000002,30.730720000000002,0 121.272041000000002,30.723268000000001,0 121.265840999999995,30.709502000000001,0 121.270662999999999,30.701560000000001,0 121.274649999999994,30.677402000000001,0 121.257030999999998,30.673653000000002,0 121.244973999999999,30.654786999999999,0 121.231686999999994,30.644109,0 121.221007999999998,30.639869999999998,0 121.188872000000003,30.633063,0 121.172631999999993,30.625806999999998,0 121.150880000000001,30.611782999999999,0 121.149206000000007,30.60004,0 121.116479999999996,30.585481999999999,0 121.085376999999994,30.575203999999999,0 121.058358999999996,30.564028,0 121.071597999999994,30.542691999999999,0 121.093153000000001,30.515841999999999,0 121.119236000000001,30.48976,0 121.183211999999997,30.434348,0 121.225486000000004,30.404648999999999,0 121.278784000000002,30.405056999999999,0 121.328046000000001,30.397131000000002,0 121.371893999999998,30.370894,0 121.395072999999996,30.338436999999999,0 121.452701000000005,30.298565,0 121.476274000000004,30.279420999999999,0 121.497780000000006,30.258595,0 121.527553999999995,30.224913000000001,0 121.561462000000006,30.184176000000001,0 121.591678000000002,30.143546000000001,0 121.614710000000002,30.108308000000001,0 121.619927000000004,30.088512000000001,0 121.626029000000003,30.07769,0 121.635329999999996,30.069818999999999,0 121.653096000000005,30.071131000000001,0 121.667466000000005,30.048867000000001,0 121.699749999999995,30.008016000000001,0 121.724996000000004,29.992221000000001,0 121.771452999999994,29.994969999999999,0 121.784051000000005,29.993493000000001,0 121.814366000000007,29.974330999999999,0 121.835183000000001,29.957955999999999,0 121.859986000000006,29.943999999999999,0 121.901816999999994,29.923677999999999,0 121.919533999999999,29.920804,0 121.927113000000006,29.931151,0 121.9529,29.950731999999999,0 121.968007999999998,29.956519,0 121.981739000000005,29.947037000000002,0 121.984396000000004,29.937636999999999,0 121.994534000000002,29.934598999999999,0 122.002899999999997,29.923186000000001,0 122.003442000000007,29.898999,0 122.009789999999995,29.891114000000002,0 122.080115000000006,29.892634000000001,0 122.096256999999994,29.905035999999999,0 122.116730000000004,29.909963999999999,0 122.140154999999993,29.901751000000001,0 122.143057999999996,29.877724000000001,0 122.135921999999994,29.872261000000002,0 122.102211999999994,29.859649000000001,0 122.084789999999998,29.844528,0 122.048569999999998,29.826035999999998,0 122.037594999999996,29.813746999999999,0 122.015991,29.771936,0 122.003146000000001,29.762273,0 121.959198999999998,29.750017,0 121.937595000000002,29.748536000000001,0 121.925538000000003,29.741256,0 121.906442999999996,29.719246999999999,0 121.863234000000006,29.67925,0 121.833558999999994,29.653110999999999,0 121.858953,29.636600999999999,0 121.872485999999995,29.632483000000001,0 121.893844999999999,29.636558999999998,0 121.909593000000001,29.650105,0 121.923422000000002,29.651669999999999,0 121.937595000000002,29.642571,0 121.966088999999997,29.635859,0 121.985381000000004,29.606290999999999,0 121.999751000000003,29.593686000000002,0 122.000292000000002,29.582439999999998,0 121.987200999999999,29.570616000000001,0 121.985774000000006,29.563776000000001,0 121.995075999999997,29.545107999999999,0 121.986413999999996,29.541193,0 121.968992999999998,29.515595000000001,0 121.966679999999997,29.506565999999999,0 121.973127000000005,29.477990999999999,0 121.992074000000002,29.461410999999998,0 121.991729000000007,29.445941999999999,0 121.981493,29.429933999999999,0 121.975538,29.411159000000001,0 121.959642000000002,29.407156000000001,0 121.945813999999999,29.395311,0 121.937692999999996,29.384125000000001,0 121.938579000000004,29.369512,0 121.932231000000002,29.353451,0 121.935970999999995,29.348123999999999,0 121.952063999999993,29.344118999999999,0 121.958363000000006,29.334372999999999,0 121.946551999999997,29.316694999999999,0 121.940892000000005,29.298271,0 121.944828999999999,29.284182000000001,0 121.967566000000005,29.281414000000002,0 121.981099,29.284099999999999,0 122.000242999999998,29.278811000000001,0 121.998519999999999,29.266124000000001,0 122.001964999999998,29.260090000000002,0 121.990990999999994,29.260793,0 121.968304000000003,29.250005999999999,0 121.968007999999998,29.243887999999998,0 121.977457000000001,29.224087000000001,0 121.971896000000001,29.193363999999999,0 121.948618999999994,29.193239999999999,0 121.937299999999993,29.182859000000001,0 121.949111000000002,29.183313999999999,0 121.960430000000002,29.170574999999999,0 121.969674750508261,29.165034493786131,0 121.971404000000007,29.163294,0 121.972314208171952,29.163452630481771,0 121.986660000000001,29.154855000000001,0 121.988283999999993,29.149269,0 121.979277999999994,29.144842000000001,0 121.985381000000004,29.137601,0 121.988529999999997,29.110992,0 121.983362999999997,29.101223999999998,0 121.968746999999993,29.093028,0 121.983313999999993,29.091453999999999,0 121.984396000000004,29.086942000000001,0 121.969829000000004,29.075887999999999,0 121.966138000000001,29.052866000000002,0 121.951621000000003,29.047440000000002,0 121.935085000000001,29.051829999999999,0 121.931590999999997,29.070713000000001,0 121.903835000000001,29.069056,0 121.899405999999999,29.076426000000001,0 121.909642000000005,29.085865999999999,0 121.898077000000001,29.103956,0 121.884494000000004,29.105446000000001,0 121.860035999999994,29.086404000000002,0 121.842367999999993,29.088349999999998,0 121.827014000000005,29.101845000000001,0 121.811166999999998,29.109915999999998,0 121.794238000000007,29.105197,0 121.780557000000002,29.109625999999999,0 121.769385999999997,29.148277,0 121.768007999999995,29.166685999999999,0 121.749947000000006,29.136690999999999,0 121.715596000000005,29.124980000000001,0 121.648814000000002,29.150924,0 121.608459999999994,29.169127,0 121.616530999999995,29.143518,0 121.659936000000002,29.118359000000002,0 121.661511000000004,29.106107999999999,0 121.655360000000002,29.092738000000001,0 121.651915000000002,29.075887999999999,0 121.658951999999999,29.058496999999999,0 121.699454000000003,29.039985000000001,0 121.712643,29.028925999999998,0 121.715350000000001,29.012274000000001,0 121.711264999999997,28.986004999999999,0 121.718351999999996,28.970421999999999,0 121.743352000000002,28.954256999999998,0 121.772042999999996,28.898364999999998,0 121.776422999999994,28.879783,0 121.774602000000002,28.863894999999999,0 121.759050999999999,28.855969999999999,0 121.738676999999996,28.856591999999999,0 121.704228000000001,28.863645999999999,0 121.668351999999999,28.872938999999999,0 121.660083999999998,28.869661000000001,0 121.687348,28.863354999999999,0 121.692220000000006,28.855264999999999,0 121.702899000000002,28.825261999999999,0 121.704719999999995,28.804632999999999,0 121.694581999999997,28.772872,0 121.689414999999997,28.719166999999999,0 121.679129000000003,28.698891,0 121.646304999999998,28.682808999999999,0 121.587396999999996,28.67221,0 121.540841999999998,28.655583,0 121.557081999999994,28.644981999999999,0 121.568843999999999,28.626563000000001,0 121.586215999999993,28.586552999999999,0 121.596157000000005,28.575237999999999,0 121.615054000000001,28.571743000000001,0 121.634247000000002,28.562715000000001,0 121.639070000000004,28.549108,0 121.642219999999995,28.520807999999999,0 121.652653000000001,28.502616,0 121.667811,28.485713000000001,0 121.671108000000004,28.472595999999999,0 121.664512999999999,28.444858,0 121.681934999999996,28.440318000000001,0 121.691826000000006,28.418445999999999,0 121.692761000000004,28.407321,0 121.687151,28.400904000000001,0 121.658902999999995,28.392403000000002,0 121.658854000000005,28.378440999999999,0 121.646403000000007,28.365102,0 121.636560000000003,28.359558,0 121.635870999999995,28.347467999999999,0 121.660330000000002,28.355639,0 121.666432999999998,28.344090999999999,0 121.672633000000005,28.347801,0 121.669336000000001,28.333375,0 121.656935000000004,28.318612999999999,0 121.645664999999994,28.296673999999999,0 121.649011000000002,28.278319,0 121.637052999999995,28.269767000000002,0 121.634297000000004,28.259461000000002,0 121.624207999999996,28.250489000000002,0 121.579522999999995,28.241849999999999,0 121.571944000000002,28.258709,0 121.571451999999994,28.279404,0 121.564364999999995,28.288039999999999,0 121.525979000000007,28.303598000000001,0 121.499306000000004,28.305934000000001,0 121.488774000000006,28.301428999999999,0 121.477652000000006,28.284327000000001,0 121.459738999999999,28.271853,0 121.456047999999996,28.250322000000001,0 121.446402000000006,28.238595,0 121.419580999999994,28.218018000000001,0 121.402356999999995,28.197310999999999,0 121.391333000000003,28.159102000000001,0 121.377799999999993,28.150289000000001,0 121.372140000000002,28.131281999999999,0 121.361215000000001,28.126144,0 121.343153999999998,28.127396999999998,0 121.337739999999997,28.135961000000002,0 121.328143999999995,28.134164999999999,0 121.310083000000006,28.110726,0 121.307424999999995,28.088494000000001,0 121.297828999999993,28.06446,0 121.282278000000005,28.054635999999999,0 121.261165000000005,28.034441999999999,0 121.238675000000001,28.028838,0 121.176175000000001,28.022314999999999,0 121.149797000000007,28.025283999999999,0 121.140987999999993,28.031389000000001,0 121.135869999999997,28.050581000000001,0 121.135278999999997,28.070522,0 121.121105999999997,28.125266,0 121.108408999999995,28.139011,0 121.090199999999996,28.127146,0 121.070859999999996,28.110517000000002,0 121.059098000000006,28.096350999999999,0 121.039412999999996,28.055848999999998,0 121.030947999999995,28.033646999999998,0 121.024550000000005,28.003744999999999,0 121.015248999999997,27.981617,0</coordinates></LinearRing></outerBoundaryIs></Polygon><Polygon><outerBoundaryIs><LinearRing><coordinates>121.113378999999995,27.904402999999999,0 121.108163000000005,27.910934000000001,0 121.113133000000005,27.918344000000001,0 121.123812000000001,27.921274,0 121.123911000000007,27.911352999999998,0 121.113378999999995,27.904402999999999,0</coordinates></LinearRing></outerBoundaryIs></Polygon><Polygon><outerBoundaryIs><LinearRing><coordinates>121.120662999999993,27.986637000000002,0 121.134049000000005,27.980529000000001,0 121.152946,27.961576000000001,0 121.147385,27.953374,0 121.125978000000003,27.944126000000001,0 121.098173000000003,27.937514,0 121.080258999999998,27.947181,0 121.063526999999993,27.947808999999999,0 121.049993000000001,27.941279999999999,0 121.038330000000002,27.948938999999999,0 121.040543999999997,27.964296000000001,0 121.076026999999996,27.986343999999999,0 121.094334000000003,27.984127000000001,0 121.120662999999993,27.986637000000002,0</coordinates></LinearRing></outerBoundaryIs></Polygon><Polygon><outerBoundaryIs><LinearRing><coordinates>121.206194999999994,27.976889,0 121.185869999999994,27.962956999999999,0 121.171351999999999,27.978605000000002,0 121.177356000000003,27.990527,0 121.194974000000002,28.000147999999999,0 121.220122000000003,27.991489000000001,0 121.240250000000003,27.993748,0 121.237543000000002,27.988143000000001,0 121.206194999999994,27.976889,0</coordinates></LinearRing></outerBoundaryIs></Polygon><Polygon><outerBoundaryIs><LinearRing><coordinates>121.043250999999998,27.993372000000001,0 121.074107999999995,28.007425999999999,0 121.089067999999997,28.004916000000001,0 121.089609999999993,27.998684000000001,0 121.075435999999996,27.990024999999999,0 121.043940000000006,27.979316000000001,0 121.043250999999998,27.993372000000001,0</coordinates></LinearRing></outerBoundaryIs></Polygon><Polygon><outerBoundaryIs><LinearRing><coordinates>121.149648999999997,28.019805000000002,0 121.166184999999999,28.021771000000001,0 121.145122000000001,28.013238999999999,0 121.149648999999997,28.019805000000002,0</coordinates></LinearRing></outerBoundaryIs></Polygon><Polygon><outerBoundaryIs><LinearRing><coordinates>121.359442999999999,28.098064999999998,0 121.373960999999994,28.10989,0 121.372090999999998,28.099903000000001,0 121.356786,28.089120999999999,0 121.346352999999993,28.087783999999999,0 121.345564999999993,28.096059,0 121.359442999999999,28.098064999999998,0</coordinates></LinearRing></outerBoundaryIs></Polygon><Polygon><outerBoundaryIs><LinearRing><coordinates>121.401568999999995,28.122968,0 121.387347000000005,28.119292000000002,0 121.401323000000005,28.129861999999999,0 121.401568999999995,28.122968,0</coordinates></LinearRing></outerBoundaryIs></Polygon><Polygon><outerBoundaryIs><LinearRing><coordinates>121.504867000000004,28.085736000000001,0 121.528834000000003,28.101742000000002,0 121.532279000000003,28.093426000000001,0 121.527111000000005,28.086362999999999,0 121.516137000000001,28.087198999999998,0 121.511067999999995,28.077083999999999,0 121.502061999999995,28.072234999999999,0 121.504867000000004,28.085736000000001,0</coordinates></LinearRing></outerBoundaryIs></Polygon><Polygon><outerBoundaryIs><LinearRing><coordinates>121.400830999999997,28.092506,0 121.410526000000004,28.101617000000001,0 121.410674,28.079425000000001,0 121.404227000000006,28.077627,0 121.407179999999997,28.089873000000001,0 121.400830999999997,28.092506,0</coordinates></LinearRing></outerBoundaryIs></Polygon><Polygon><outerBoundaryIs><LinearRing><coordinates>121.644926999999996,28.232835999999999,0 121.644828000000004,28.222985000000001,0 121.634591999999998,28.225448,0 121.644926999999996,28.232835999999999,0</coordinates></LinearRing></outerBoundaryIs></Polygon><Polygon><outerBoundaryIs><LinearRing><coordinates>121.678588000000005,28.278319,0 121.677604000000002,28.285954,0 121.686413000000002,28.2895,0 121.688775000000007,28.273938999999999,0 121.678588000000005,28.278319,0</coordinates></LinearRing></outerBoundaryIs></Polygon><Polygon><outerBoundaryIs><LinearRing><coordinates>121.687348,28.366268999999999,0 121.679079999999999,28.371062999999999,0 121.688430999999994,28.373063999999999,0 121.687348,28.366268999999999,0</coordinates></LinearRing></outerBoundaryIs></Polygon><Polygon><outerBoundaryIs><LinearRing><coordinates>121.695319999999995,28.381316999999999,0 121.686117999999993,28.374648000000001,0 121.687397000000004,28.384526000000001,0 121.695319999999995,28.381316999999999,0</coordinates></LinearRing></outerBoundaryIs></Polygon><Polygon><outerBoundaryIs><LinearRing><coordinates>121.860872000000001,28.426736999999999,0 121.851226999999994,28.423487000000002,0 121.855607000000006,28.431819000000001,0 121.860872000000001,28.426736999999999,0</coordinates></LinearRing></outerBoundaryIs></Polygon><Polygon><outerBoundaryIs><LinearRing><coordinates>121.871256000000002,28.433111,0 121.889711000000005,28.451188999999999,0 121.920616999999993,28.452729999999999,0 121.910822999999993,28.440068,0 121.893450999999999,28.430278000000001,0 121.886020000000002,28.433986000000001,0 121.869534000000002,28.423946000000001,0 121.871256000000002,28.433111,0</coordinates></LinearRing></outerBoundaryIs></Polygon><Polygon><outerBoundaryIs><LinearRing><coordinates>121.943550000000002,28.450731000000001,0 121.945173999999994,28.436651999999999,0 121.940105000000003,28.441526,0 121.943550000000002,28.450731000000001,0</coordinates></LinearRing></outerBoundaryIs></Polygon><Polygon><outerBoundaryIs><LinearRing><coordinates>121.880065000000002,28.501909000000001,0 121.887299999999996,28.511358999999999,0 121.896994000000007,28.514230999999999,0 121.899455000000003,28.500700999999999,0 121.918942999999999,28.497371000000001,0 121.908313000000007,28.479092000000001,0 121.889562999999995,28.471513000000002,0 121.876127999999994,28.472553999999999,0 121.874110999999999,28.47701,0 121.883116000000001,28.484089000000001,0 121.883657999999997,28.495456000000001,0 121.871305000000007,28.494289999999999,0 121.870369999999994,28.500035,0 121.880065000000002,28.501909000000001,0</coordinates></LinearRing></outerBoundaryIs></Polygon><Polygon><outerBoundaryIs><LinearRing><coordinates>121.823273999999998,28.607267,0 121.803933000000001,28.599115000000001,0 121.817269999999994,28.610427999999999,0 121.823273999999998,28.607267,0</coordinates></LinearRing></outerBoundaryIs></Polygon><Polygon><outerBoundaryIs><LinearRing><coordinates>121.800044999999997,28.695316999999999,0 121.794041000000007,28.679608000000002,0 121.781689,28.680066,0 121.778687000000005,28.687629000000001,0 121.768253999999999,28.690746000000001,0 121.752260000000007,28.683349,0 121.749651,28.690580000000001,0 121.761855999999995,28.689333000000001,0 121.765252000000004,28.705124000000001,0 121.780507999999998,28.699182,0 121.772732000000005,28.694195000000001,0 121.790006000000005,28.690912999999998,0 121.801570999999996,28.702423,0 121.808559000000002,28.699431000000001,0 121.800044999999997,28.695316999999999,0</coordinates></LinearRing></outerBoundaryIs></Polygon><Polygon><outerBoundaryIs><LinearRing><coordinates>121.919927999999999,28.707284999999999,0 121.916580999999994,28.717214999999999,0 121.942663999999994,28.720662999999998,0 121.920616999999993,28.704916000000001,0 121.919927999999999,28.707284999999999,0</coordinates></LinearRing></outerBoundaryIs></Polygon><Polygon><outerBoundaryIs><LinearRing><coordinates>121.896108999999996,28.757341,0 121.893007999999995,28.752108,0 121.880508000000006,28.748702000000002,0 121.866089000000002,28.738026999999999,0 121.873076999999995,28.727518,0 121.865547000000007,28.721992,0 121.859641999999994,28.727891,0 121.846796999999995,28.729054999999999,0 121.849109999999996,28.733665999999999,0 121.855557000000005,28.736075,0 121.846993999999995,28.741433000000001,0 121.851177000000007,28.748868000000002,0 121.875833,28.749034000000002,0 121.893007999999995,28.762532,0 121.909543999999997,28.761866999999999,0 121.896108999999996,28.757341,0</coordinates></LinearRing></outerBoundaryIs></Polygon><Polygon><outerBoundaryIs><LinearRing><coordinates>121.872388000000001,28.807870999999999,0 121.865498000000002,28.799361000000001,0 121.862692999999993,28.78209,0 121.843254000000002,28.770629,0 121.837349000000003,28.770505,0 121.850538,28.784746999999999,0 121.844386,28.788816000000001,0 121.852948999999995,28.793092000000001,0 121.857033999999999,28.803636999999998,0 121.850734000000003,28.808285999999999,0 121.861560999999995,28.813765,0 121.872388000000001,28.807870999999999,0</coordinates></LinearRing></outerBoundaryIs></Polygon><Polygon><outerBoundaryIs><LinearRing><coordinates>121.954524000000006,29.043960999999999,0 121.940990999999997,29.03369,0 121.930458999999999,29.036051,0 121.930999999999997,29.041394,0 121.948766000000006,29.047232999999999,0 121.954524000000006,29.043960999999999,0</coordinates></LinearRing></outerBoundaryIs></Polygon><Polygon><outerBoundaryIs><LinearRing><coordinates>121.665841999999998,29.059615000000001,0 121.672633000000005,29.062224000000001,0 121.680507000000006,29.054687999999999,0 121.665841999999998,29.059615000000001,0</coordinates></LinearRing></outerBoundaryIs></Polygon><Polygon><outerBoundaryIs><LinearRing><coordinates>121.793795000000003,29.099443999999998,0 121.820272000000003,29.099402000000001,0 121.831591000000003,29.095015,0 121.840941000000001,29.081519,0 121.838628,29.057752000000001,0 121.832329000000001,29.050381000000002,0 121.823520000000002,29.051043,0 121.817318999999998,29.063051999999999,0 121.808559000000002,29.059242999999999,0 121.791088999999999,29.074231999999999,0 121.790891999999999,29.082263999999999,0 121.788677000000007,29.094601000000001,0 121.793795000000003,29.099443999999998,0</coordinates></LinearRing></outerBoundaryIs></Polygon><Polygon><outerBoundaryIs><LinearRing><coordinates>121.710083999999995,29.082719000000001,0 121.694384999999997,29.084707000000002,0 121.695271000000005,29.088474000000001,0 121.710083999999995,29.082719000000001,0</coordinates></LinearRing></outerBoundaryIs></Polygon><Polygon><outerBoundaryIs><LinearRing><coordinates>121.697091999999998,29.094062000000001,0 121.687397000000004,29.09667,0 121.681884999999994,29.109335999999999,0 121.691777000000002,29.111239999999999,0 121.697091999999998,29.094062000000001,0</coordinates></LinearRing></outerBoundaryIs></Polygon><Polygon><outerBoundaryIs><LinearRing><coordinates>121.690152999999995,29.120882999999999,0 121.694384999999997,29.113060999999998,0 121.685575999999998,29.115917,0 121.690152999999995,29.120882999999999,0</coordinates></LinearRing></outerBoundaryIs></Polygon><Polygon><outerBoundaryIs><LinearRing><coordinates>121.971601000000007,29.185092999999998,0 121.981787999999995,29.175910999999999,0 121.983510999999993,29.165403999999999,0 121.972314208171952,29.163452630481771,0 121.969674750508261,29.165034493786131,0 121.951718999999997,29.183107,0 121.952063999999993,29.187615999999998,0 121.975635999999994,29.192122999999999,0 121.971601000000007,29.185092999999998,0</coordinates></LinearRing></outerBoundaryIs></Polygon><Polygon><outerBoundaryIs><LinearRing><coordinates>121.985135,29.348454,0 121.978688000000005,29.340485000000001,0 121.981443999999996,29.332637999999999,0 121.970223000000004,29.340855999999999,0 121.985135,29.348454,0</coordinates></LinearRing></outerBoundaryIs></Polygon><Polygon><outerBoundaryIs><LinearRing><coordinates>121.915645999999995,29.984096999999998,0 121.890940999999998,29.974495000000001,0 121.874257999999998,29.96481,0 121.850881999999999,29.969652,0 121.850390000000004,29.977284999999998,0 121.837003999999993,29.987174,0 121.835232000000005,29.993001,0 121.844041000000004,30.007892999999999,0 121.843155999999993,30.028690000000001,0 121.839809000000002,30.047267999999999,0 121.852106188646403,30.065285552675522,0 121.852506000000005,30.065595999999999,0 121.852414260360007,30.065736932132015,0 121.854080999999994,30.068179000000001,0 121.848667000000006,30.101217999999999,0 121.859790000000004,30.101710000000001,0 121.885773999999998,30.094742,0 121.888086999999999,30.092078000000001,0 121.880114000000006,30.085273999999998,0 121.893401999999995,30.082691000000001,0 121.89537,30.073302999999999,0 121.906935000000004,30.055796999999998,0 121.915597000000005,30.057272999999999,0 121.924750000000003,30.052598,0 121.924848999999995,30.037877000000002,0 121.934199000000007,30.011748999999998,0 121.932821000000004,29.994806000000001,0 121.915645999999995,29.984096999999998,0</coordinates></LinearRing></outerBoundaryIs></Polygon><Polygon><outerBoundaryIs><LinearRing><coordinates>121.969091000000006,30.064038,0 121.974406000000002,30.062111000000002,0 121.974997000000002,30.049523000000001,0 121.964071000000004,30.053787,0 121.969091000000006,30.064038,0</coordinates></LinearRing></outerBoundaryIs></Polygon><Polygon><outerBoundaryIs><LinearRing><coordinates>121.830803000000003,30.066375000000001,0 121.821994000000004,30.082076000000001,0 121.833264,30.082854999999999,0 121.844926999999998,30.077238999999999,0 121.852414260360007,30.065736932132015,0 121.852106188646403,30.065285552675522,0 121.847436999999999,30.06166,0 121.830803000000003,30.066375000000001,0</coordinates></LinearRing></outerBoundaryIs></Polygon><Polygon><outerBoundaryIs><LinearRing><coordinates>121.981739000000005,30.083224000000001,0 121.988579000000001,30.083634,0 121.990241727404864,30.07248635031176,0 121.987996863918056,30.070025563770141,0 121.981001000000006,30.066990000000001,0 121.975538,30.075147999999999,0 121.981739000000005,30.083224000000001,0</coordinates></LinearRing></outerBoundaryIs></Polygon><Polygon><outerBoundaryIs><LinearRing><coordinates>121.928638000000007,30.066579999999998,0 121.929623000000007,30.078468999999998,0 121.916482999999999,30.083265000000001,0 121.911265999999998,30.095685,0 121.923322999999996,30.106628000000001,0 121.940351000000007,30.114536999999999,0 121.950340999999995,30.113593999999999,0 121.963481000000002,30.103390000000001,0 121.957673999999997,30.084658999999998,0 121.945960999999997,30.064447999999999,0 121.928638000000007,30.066579999999998,0</coordinates></LinearRing></outerBoundaryIs></Polygon><Polygon><outerBoundaryIs><LinearRing><coordinates>121.977998999999997,30.100275,0 121.982821999999999,30.095234000000001,0 121.973865000000004,30.084904999999999,0 121.966482999999997,30.097446999999999,0 121.977998999999997,30.100275,0</coordinates></LinearRing></outerBoundaryIs></Polygon><Polygon><outerBoundaryIs><LinearRing><coordinates>121.870566999999994,30.106628000000001,0 121.861168000000006,30.104292000000001,0 121.863825000000006,30.116955000000001,0 121.870566999999994,30.106628000000001,0</coordinates></LinearRing></outerBoundaryIs></Polygon><Polygon><outerBoundaryIs><LinearRing><coordinates>121.976078999999999,30.337619,0 121.981001000000006,30.343384,0 121.989120999999997,30.340031,0 121.986168000000006,30.331036000000001,0 121.992762999999997,30.328092000000002,0 122.000883000000002,30.308503999999999,0 121.989022000000006,30.289525000000001,0 121.979868999999994,30.288502000000001,0 121.968304000000003,30.294556,0 121.957427999999993,30.287683999999999,0 121.931541999999993,30.304414000000001,0 121.921502000000004,30.307562999999998,0 121.940252000000001,30.331731000000001,0 121.976078999999999,30.337619,0</coordinates></LinearRing></outerBoundaryIs></Polygon><Polygon><outerBoundaryIs><LinearRing><coordinates>121.637397000000007,30.608847000000001,0 121.618105999999997,30.604811000000002,0 121.617711999999997,30.60848,0 121.637397000000007,30.608847000000001,0</coordinates></LinearRing></outerBoundaryIs></Polygon><Polygon><outerBoundaryIs><LinearRing><coordinates>122.067909999999998,29.165610999999998,0 122.056738999999993,29.158453999999999,0 122.039859000000007,29.163253000000001,0 122.037644999999998,29.151959000000002,0 122.027604999999994,29.155805999999998,0 122.013383000000005,29.151503999999999,0 122.026375000000002,29.178350999999999,0 122.040842999999995,29.179549999999999,0 122.029770999999997,29.187366999999998,0 122.037004999999994,29.190552,0 122.031246999999993,29.196342000000001,0 122.036216999999994,29.207383,0 122.056197999999995,29.200517999999999,0 122.050094999999999,29.193487999999999,0 122.057575999999997,29.188939000000001,0 122.044533999999999,29.184100000000001,0 122.049013000000002,29.175083000000001,0 122.063235000000006,29.174008000000001,0 122.074505000000002,29.178144,0 122.067909999999998,29.165610999999998,0</coordinates></LinearRing></outerBoundaryIs></Polygon><Polygon><outerBoundaryIs><LinearRing><coordinates>122.001818,29.221440999999999,0 121.991089000000002,29.221440999999999,0 121.983461000000005,29.227808,0 121.993450999999993,29.227808,0 122.001818,29.221440999999999,0</coordinates></LinearRing></outerBoundaryIs></Polygon><Polygon><outerBoundaryIs><LinearRing><coordinates>122.013825999999995,29.232810000000001,0 122.008609000000007,29.222971000000001,0 122.00103,29.227394,0 122.006641000000002,29.234877000000001,0 122.013825999999995,29.232810000000001,0</coordinates></LinearRing></outerBoundaryIs></Polygon><Polygon><outerBoundaryIs><LinearRing><coordinates>122.178295000000006,29.406001,0 122.184348,29.399604,0 122.173866000000004,29.399768999999999,0 122.178295000000006,29.406001,0</coordinates></LinearRing></outerBoundaryIs></Polygon><Polygon><outerBoundaryIs><LinearRing><coordinates>122.003834999999995,29.405051,0 122.001621,29.410416000000001,0 122.018944000000005,29.409673999999999,0 122.016285999999994,29.404184999999998,0 122.003834999999995,29.405051,0</coordinates></LinearRing></outerBoundaryIs></Polygon><Polygon><outerBoundaryIs><LinearRing><coordinates>121.987791999999999,29.474898,0 121.990842999999998,29.467845000000001,0 121.980705,29.472670999999998,0 121.987791999999999,29.474898,0</coordinates></LinearRing></outerBoundaryIs></Polygon><Polygon><outerBoundaryIs><LinearRing><coordinates>122.004966999999994,29.503762999999999,0 122.004574000000005,29.500298999999998,0 121.984741,29.503886000000001,0 121.983806000000001,29.497042,0 121.976178000000004,29.501124000000001,0 121.989908,29.510071,0 122.004966999999994,29.503762999999999,0</coordinates></LinearRing></outerBoundaryIs></Polygon><Polygon><outerBoundaryIs><LinearRing><coordinates>122.144189999999995,29.608474000000001,0 122.155460000000005,29.619429,0 122.160824000000005,29.619346,0 122.152704,29.606950000000001,0 122.144189999999995,29.608474000000001,0</coordinates></LinearRing></outerBoundaryIs></Polygon><Polygon><outerBoundaryIs><LinearRing><coordinates>122.022389000000004,29.620211000000001,0 122.026472999999996,29.621859000000001,0 122.033855000000003,29.624741,0 122.037644999999998,29.613457,0 122.025685999999993,29.604313999999999,0 122.022389000000004,29.620211000000001,0</coordinates></LinearRing></outerBoundaryIs></Polygon><Polygon><outerBoundaryIs><LinearRing><coordinates>122.108559999999997,29.783655,0 122.120863,29.790973000000001,0 122.131394999999998,29.788630000000001,0 122.137842000000006,29.774526999999999,0 122.141385,29.75779,0 122.146651000000006,29.749647,0 122.182132999999993,29.728833000000002,0 122.200784999999996,29.711182999999998,0 122.211365999999998,29.692254999999999,0 122.192516999999995,29.655334,0 122.182329999999993,29.650763999999999,0 122.174357999999998,29.659945,0 122.158117000000004,29.655293,0 122.141484000000005,29.660520999999999,0 122.132822000000004,29.668548000000001,0 122.133116999999999,29.683036000000001,0 122.125686000000002,29.693118999999999,0 122.111168000000006,29.700320000000001,0 122.109052000000005,29.713899000000001,0 122.095962,29.716491000000001,0 122.079967999999994,29.70139,0 122.073815999999994,29.701802000000001,0 122.047881000000004,29.717972,0 122.065155000000004,29.749893,0 122.071404999999999,29.7728,0 122.083658999999997,29.783203,0 122.108559999999997,29.783655,0</coordinates></LinearRing></outerBoundaryIs></Polygon><Polygon><outerBoundaryIs><LinearRing><coordinates>122.038235,29.759229000000001,0 122.043943999999996,29.753800999999999,0 122.043599,29.742654000000002,0 122.031836999999996,29.736813999999999,0 122.029720999999995,29.716944000000002,0 122.016334999999998,29.714475,0 122.011364999999998,29.746110000000002,0 122.024356999999995,29.756844000000001,0 122.038235,29.759229000000001,0</coordinates></LinearRing></outerBoundaryIs></Polygon><Polygon><outerBoundaryIs><LinearRing><coordinates>122.198324,29.785216999999999,0 122.182428999999999,29.788012999999999,0 122.175685999999999,29.797180999999998,0 122.192468000000005,29.796194,0 122.202015000000003,29.790890999999998,0 122.198324,29.785216999999999,0</coordinates></LinearRing></outerBoundaryIs></Polygon><Polygon><outerBoundaryIs><LinearRing><coordinates>122.174259000000006,29.807663999999999,0 122.180017000000007,29.802361000000001,0 122.174948000000001,29.797222000000001,0 122.16422,29.799278000000001,0 122.161218000000005,29.803799999999999,0 122.174259000000006,29.807663999999999,0</coordinates></LinearRing></outerBoundaryIs></Polygon><Polygon><outerBoundaryIs><LinearRing><coordinates>122.014366999999993,29.892634000000001,0 122.006247000000002,29.899574000000001,0 122.017221000000006,29.900805999999999,0 122.014366999999993,29.892634000000001,0</coordinates></LinearRing></outerBoundaryIs></Polygon><Polygon><outerBoundaryIs><LinearRing><coordinates>122.009986999999995,29.902653999999998,0 122.005312000000004,29.913043999999999,0 122.011512999999994,29.917027000000001,0 122.024159999999995,29.909593999999998,0 122.021649999999994,29.901546,0 122.009986999999995,29.902653999999998,0</coordinates></LinearRing></outerBoundaryIs></Polygon><Polygon><outerBoundaryIs><LinearRing><coordinates>122.090941999999998,29.956313999999999,0 122.096208000000004,29.944862000000001,0 122.097733000000005,29.938745000000001,0 122.083511000000001,29.935625000000002,0 122.079672000000002,29.939565999999999,0 122.081541999999999,29.953686999999999,0 122.090941999999998,29.956313999999999,0</coordinates></LinearRing></outerBoundaryIs></Polygon><Polygon><outerBoundaryIs><LinearRing><coordinates>122.042271,29.964521999999999,0 122.051079999999999,29.964974000000002,0 122.058462000000006,29.952907,0 122.047781999999998,29.934229999999999,0 122.037004999999994,29.929507999999998,0 122.031198000000003,29.935214999999999,0 122.028982999999997,29.955041999999999,0 122.042271,29.964521999999999,0</coordinates></LinearRing></outerBoundaryIs></Polygon><Polygon><outerBoundaryIs><LinearRing><coordinates>122.166336000000001,29.946339999999999,0 122.140696000000005,29.943712000000001,0 122.132232000000002,29.956519,0 122.146257000000006,29.96247,0 122.163088000000002,29.965713000000001,0 122.170272999999995,29.957833000000001,0 122.166336000000001,29.946339999999999,0</coordinates></LinearRing></outerBoundaryIs></Polygon><Polygon><outerBoundaryIs><LinearRing><coordinates>122.145321999999993,29.966328000000001,0 122.146454000000006,29.963495999999999,0 122.129033000000007,29.960540999999999,0 122.128393000000003,29.96641,0 122.145321999999993,29.966328000000001,0</coordinates></LinearRing></outerBoundaryIs></Polygon><Polygon><outerBoundaryIs><LinearRing><coordinates>122.128245000000007,29.973797000000001,0 122.125883000000002,29.96087,0 122.110922000000002,29.958735000000001,0 122.108313999999993,29.963086000000001,0 122.112842000000001,29.978434,0 122.128245000000007,29.973797000000001,0</coordinates></LinearRing></outerBoundaryIs></Polygon><Polygon><outerBoundaryIs><LinearRing><coordinates>122.169240000000002,29.988240999999999,0 122.178492000000006,29.978393000000001,0 122.199309,29.960622999999998,0 122.196110000000004,29.954713000000002,0 122.182920999999993,29.955287999999999,0 122.170765000000003,29.966163999999999,0 122.154426000000001,29.971253000000001,0 122.143550000000005,29.968461999999999,0 122.141876999999994,29.974823000000001,0 122.169240000000002,29.988240999999999,0</coordinates></LinearRing></outerBoundaryIs></Polygon><Polygon><outerBoundaryIs><LinearRing><coordinates>122.132379,29.983768999999999,0 122.143206000000006,29.987051000000001,0 122.143107999999998,29.978311000000001,0 122.132379,29.983768999999999,0</coordinates></LinearRing></outerBoundaryIs></Polygon><Polygon><outerBoundaryIs><LinearRing><coordinates>122.042417999999998,29.981635000000001,0 122.046749000000005,29.988693000000001,0 122.054671999999997,29.988693000000001,0 122.051423999999997,29.976834,0 122.042417999999998,29.981635000000001,0</coordinates></LinearRing></outerBoundaryIs></Polygon><Polygon><outerBoundaryIs><LinearRing><coordinates>122.076866999999993,30.000713999999999,0 122.093795999999998,29.985492000000001,0 122.078147000000001,29.972729999999999,0 122.072241000000005,29.972853000000001,0 122.069435999999996,29.992384999999999,0 122.076866999999993,30.000713999999999,0</coordinates></LinearRing></outerBoundaryIs></Polygon><Polygon><outerBoundaryIs><LinearRing><coordinates>121.996306000000004,30.161404999999998,0 122.036807999999994,30.148911999999999,0 122.048766999999998,30.147233,0 122.072683999999995,30.154114,0 122.095715999999996,30.158087999999999,0 122.110922000000002,30.154810999999999,0 122.119978000000003,30.149239999999999,0 122.121454,30.141088,0 122.133019000000004,30.136621999999999,0 122.144879000000003,30.118798000000002,0 122.156640999999993,30.112611000000001,0 122.169486000000006,30.117118000000001,0 122.182428999999999,30.117035999999999,0 122.191631000000001,30.108677,0 122.240746000000001,30.108103,0 122.258314999999996,30.098595,0 122.279525000000007,30.102857,0 122.293896000000004,30.100315999999999,0 122.301670999999999,30.086503,0 122.300195000000002,30.074984000000001,0 122.283412999999996,30.073467000000001,0 122.281642000000005,30.077403,0 122.265942999999993,30.076214,0 122.256542999999994,30.071828,0 122.256887000000006,30.065104000000002,0 122.269929000000005,30.062439000000001,0 122.291632000000007,30.065145000000001,0 122.311760000000007,30.038656,0 122.326769999999996,30.031848,0 122.334102000000001,30.021266000000001,0 122.343896000000001,30.020446,0 122.346897999999996,30.011544000000001,0 122.340303000000006,30.006539,0 122.344289000000003,29.995256999999999,0 122.341286999999994,29.976834,0 122.331986000000001,29.962183,0 122.324112,29.941291,0 122.308954999999997,29.943466000000001,0 122.279032999999998,29.937514,0 122.239958000000001,29.962592999999998,0 122.192616000000001,29.978885999999999,0 122.168943999999996,29.989103,0 122.139957999999993,29.987092000000001,0 122.120863,29.983809999999998,0 122.108806000000001,30.004940000000001,0 122.092467999999997,30.006786000000002,0 122.073421999999994,30.005144999999999,0 122.038875000000004,29.989595000000001,0 122.026424000000006,29.992425999999998,0 122.012005000000002,30.021184000000002,0 121.998570000000001,30.037548000000001,0 121.981246999999996,30.048825999999998,0 121.978195999999997,30.059282,0 121.987996863918056,30.070025563770141,0 121.990449999999996,30.071090000000002,0 121.990241727404864,30.07248635031176,0 121.992221000000001,30.074656000000001,0 121.983461000000005,30.100315999999999,0 121.948470999999998,30.147887999999998,0 121.935085000000001,30.16161,0 121.936413999999999,30.167795000000002,0 121.949996999999996,30.176068000000001,0 121.955163999999996,30.184011999999999,0 121.977210999999997,30.174471,0 121.996306000000004,30.161404999999998,0</coordinates></LinearRing></outerBoundaryIs></Polygon><Polygon><outerBoundaryIs><LinearRing><coordinates>122.150931999999997,30.190073000000002,0 122.166483999999997,30.198384999999998,0 122.176620999999997,30.199981999999999,0 122.178196,30.191752000000001,0 122.196355999999994,30.193635,0 122.218205999999995,30.188884999999999,0 122.204181000000005,30.181760000000001,0 122.208117999999999,30.175166999999998,0 122.197586000000001,30.175903999999999,0 122.184494999999998,30.163453000000001,0 122.190696000000003,30.161078,0 122.176473999999999,30.155138000000001,0 122.170124999999999,30.139120999999999,0 122.162891000000002,30.137933,0 122.150685999999993,30.146659,0 122.143600000000006,30.166934999999999,0 122.150931999999997,30.190073000000002,0</coordinates></LinearRing></outerBoundaryIs></Polygon><Polygon><outerBoundaryIs><LinearRing><coordinates>122.030114999999995,30.198056999999999,0 122.040056000000007,30.196051000000001,0 122.042910000000006,30.201497,0 122.055755000000005,30.200309000000001,0 122.065696000000003,30.192202000000002,0 122.065203999999994,30.179631000000001,0 122.059003000000004,30.178319999999999,0 122.033068,30.161200999999998,0 122.024012999999997,30.162593000000001,0 122.017663999999996,30.186468999999999,0 122.030114999999995,30.198056999999999,0</coordinates></LinearRing></outerBoundaryIs></Polygon><Polygon><outerBoundaryIs><LinearRing><coordinates>122.146946,30.222007000000001,0 122.151916999999997,30.21603,0 122.140647000000001,30.214393000000001,0 122.129475999999997,30.207433000000002,0 122.127802000000003,30.218364000000001,0 122.146946,30.222007000000001,0</coordinates></LinearRing></outerBoundaryIs></Polygon><Polygon><outerBoundaryIs><LinearRing><coordinates>122.237201999999996,30.277007000000001,0 122.229427000000001,30.260435999999999,0 122.230115999999995,30.232690000000002,0 122.208855999999997,30.229129,0 122.208412999999993,30.235513999999998,0 122.199603999999994,30.234327,0 122.194141000000002,30.243739999999999,0 122.146355999999997,30.246237000000001,0 122.134445999999997,30.251884,0 122.101031000000006,30.275084,0 122.057822000000002,30.291775000000001,0 122.051867000000001,30.300077999999999,0 122.058510999999996,30.304618000000001,0 122.067909999999998,30.301714,0 122.092811999999995,30.299996,0 122.124357000000003,30.319994999999999,0 122.133019000000004,30.314515,0 122.137743,30.32159,0 122.144042999999996,30.315538,0 122.163088000000002,30.329809000000001,0 122.173816000000002,30.337578000000001,0 122.178146999999996,30.350579,0 122.181740000000005,30.340971,0 122.191877000000005,30.337413999999999,0 122.191287000000003,30.329155,0 122.209002999999996,30.32985,0 122.213382999999993,30.334430000000001,0 122.228344000000007,30.329564000000001,0 122.221602000000004,30.324656999999998,0 122.231887,30.305968,0 122.248176999999998,30.304496,0 122.239465999999993,30.296479000000001,0 122.224456000000004,30.290424999999999,0 122.231395000000006,30.277989000000002,0 122.237201999999996,30.277007000000001,0</coordinates></LinearRing></outerBoundaryIs></Polygon><Polygon><outerBoundaryIs><LinearRing><coordinates>122.167862,30.583687000000001,0 122.153835999999998,30.578956999999999,0 122.156739000000002,30.584503000000002,0 122.167862,30.583687000000001,0</coordinates></LinearRing></outerBoundaryIs></Polygon><Polygon><outerBoundaryIs><LinearRing><coordinates>122.082230999999993,30.587236000000001,0 122.085233000000002,30.578834000000001,0 122.071748999999997,30.572552999999999,0 122.055606999999995,30.585481999999999,0 122.055164000000005,30.591681000000001,0 122.077900999999997,30.596411,0 122.100095999999994,30.592414999999999,0 122.082230999999993,30.587236000000001,0</coordinates></LinearRing></outerBoundaryIs></Polygon><Polygon><outerBoundaryIs><LinearRing><coordinates>122.136070000000004,30.61533,0 122.149996999999999,30.619081000000001,0 122.143600000000006,30.610927,0 122.136070000000004,30.61533,0</coordinates></LinearRing></outerBoundaryIs></Polygon><Polygon><outerBoundaryIs><LinearRing><coordinates>122.126720000000006,30.609826000000002,0 122.134298000000001,30.612393999999998,0 122.136906999999994,30.600244,0 122.133264999999994,30.595514000000001,0 122.123078000000007,30.598368000000001,0 122.090744999999998,30.600325000000002,0 122.071010999999999,30.611294000000001,0 122.052851000000004,30.625399000000002,0 122.024405999999999,30.643701,0 122.015006999999997,30.645291,0 121.997044000000002,30.658821,0 121.968204999999998,30.688361,0 121.961118999999997,30.705877000000001,0 121.958608999999996,30.740493000000001,0 121.955607000000001,30.75686,0 121.943697,30.777090000000001,0 121.969730999999996,30.789178,0 121.987988999999999,30.753318,0 121.990793999999994,30.739353000000001,0 121.988235000000003,30.711172000000001,0 121.992812000000001,30.695367999999998,0 122.010970999999998,30.669497,0 122.024356999999995,30.662489000000001,0 122.034495000000007,30.661632999999998,0 122.063283999999996,30.650221999999999,0 122.072535999999999,30.649448,0 122.081592000000001,30.639665999999998,0 122.079179999999994,30.634775000000001,0 122.102113000000003,30.622993999999998,0 122.113579999999999,30.621078000000001,0 122.113629000000003,30.613780999999999,0 122.126720000000006,30.609826000000002,0</coordinates></LinearRing></outerBoundaryIs></Polygon><Polygon><outerBoundaryIs><LinearRing><coordinates>122.243797000000001,28.861322000000001,0 122.238679000000005,28.853314999999998,0 122.231296999999998,28.859829000000001,0 122.243797000000001,28.861322000000001,0</coordinates></LinearRing></outerBoundaryIs></Polygon><Polygon><outerBoundaryIs><LinearRing><coordinates>122.267320999999995,28.880364,0 122.258807000000004,28.886586000000001,0 122.267025000000004,28.886835000000001,0 122.267320999999995,28.880364,0</coordinates></LinearRing></outerBoundaryIs></Polygon><Polygon><outerBoundaryIs><LinearRing><coordinates>122.197242000000003,29.425477999999998,0 122.199358000000004,29.436247000000002,0 122.211119999999994,29.440950000000001,0 122.224850000000004,29.438392,0 122.223866000000001,29.428366,0 122.207920999999999,29.429645000000001,0 122.205361999999994,29.418092000000001,0 122.190203999999994,29.415904999999999,0 122.181935999999993,29.407692999999998,0 122.179771000000002,29.424693999999999,0 122.187496999999993,29.421806,0 122.197242000000003,29.425477999999998,0</coordinates></LinearRing></outerBoundaryIs></Polygon><Polygon><outerBoundaryIs><LinearRing><coordinates>122.194829999999996,29.465453,0 122.194141000000002,29.45345,0 122.183216000000002,29.455594999999999,0 122.184298999999996,29.460626999999999,0 122.194829999999996,29.465453,0</coordinates></LinearRing></outerBoundaryIs></Polygon><Polygon><outerBoundaryIs><LinearRing><coordinates>122.231002000000004,29.634747999999998,0 122.219830000000002,29.629971000000001,0 122.217222000000007,29.638577000000002,0 122.231002000000004,29.634747999999998,0</coordinates></LinearRing></outerBoundaryIs></Polygon><Polygon><outerBoundaryIs><LinearRing><coordinates>122.243502000000007,29.661014999999999,0 122.245913000000002,29.654716000000001,0 122.229968,29.661055999999999,0 122.243502000000007,29.661014999999999,0</coordinates></LinearRing></outerBoundaryIs></Polygon><Polygon><outerBoundaryIs><LinearRing><coordinates>122.242959999999997,29.675298000000002,0 122.234594000000001,29.672004999999999,0 122.232625999999996,29.682666000000001,0 122.242959999999997,29.675298000000002,0</coordinates></LinearRing></outerBoundaryIs></Polygon><Polygon><outerBoundaryIs><LinearRing><coordinates>122.228836000000001,29.690732000000001,0 122.229673000000005,29.685423,0 122.215844000000004,29.684311999999998,0 122.212399000000005,29.69172,0 122.228836000000001,29.690732000000001,0</coordinates></LinearRing></outerBoundaryIs></Polygon><Polygon><outerBoundaryIs><LinearRing><coordinates>122.226179000000002,29.714105,0 122.232772999999995,29.706122000000001,0 122.229624000000001,29.701637000000002,0 122.262300999999994,29.688057000000001,0 122.281642000000005,29.688632999999999,0 122.277606000000006,29.677932999999999,0 122.270864000000003,29.685134999999999,0 122.250390999999993,29.688139,0 122.246110000000002,29.67999,0 122.229082000000005,29.693489,0 122.207773000000003,29.70316,0 122.208215999999993,29.715627000000001,0 122.217813000000007,29.711759000000001,0 122.226179000000002,29.714105,0</coordinates></LinearRing></outerBoundaryIs></Polygon><Polygon><outerBoundaryIs><LinearRing><coordinates>122.227851999999999,29.715627000000001,0 122.235382000000001,29.717725000000002,0 122.233363999999995,29.709990000000001,0 122.227851999999999,29.715627000000001,0</coordinates></LinearRing></outerBoundaryIs></Polygon><Polygon><outerBoundaryIs><LinearRing><coordinates>122.197733999999997,29.726776000000001,0 122.206789000000001,29.728833000000002,0 122.219683000000003,29.724101999999998,0 122.217123999999998,29.717355000000001,0 122.197733999999997,29.726776000000001,0</coordinates></LinearRing></outerBoundaryIs></Polygon><Polygon><outerBoundaryIs><LinearRing><coordinates>122.234298999999993,29.739775000000002,0 122.241287,29.731918,0 122.233560999999995,29.731013000000001,0 122.225047000000004,29.738294,0 122.234298999999993,29.739775000000002,0</coordinates></LinearRing></outerBoundaryIs></Polygon><Polygon><outerBoundaryIs><LinearRing><coordinates>122.287941000000004,29.723938,0 122.269977999999995,29.730725,0 122.251572999999993,29.731178,0 122.238236000000001,29.741996,0 122.213284999999999,29.771525,0 122.214219999999997,29.780366000000001,0 122.233856000000003,29.784476999999999,0 122.246159000000006,29.783366999999998,0 122.261021,29.773622,0 122.255706000000004,29.76108,0 122.258364,29.753307,0 122.280017000000001,29.746233,0 122.296601999999993,29.749606,0 122.309545,29.743518000000002,0 122.313186999999999,29.731466000000001,0 122.296847999999997,29.729984999999999,0 122.287941000000004,29.723938,0</coordinates></LinearRing></outerBoundaryIs></Polygon><Polygon><outerBoundaryIs><LinearRing><coordinates>122.189171000000002,29.755240000000001,0 122.193747000000002,29.766262000000001,0 122.200342000000006,29.765150999999999,0 122.201277000000005,29.755486999999999,0 122.189171000000002,29.755240000000001,0</coordinates></LinearRing></outerBoundaryIs></Polygon><Polygon><outerBoundaryIs><LinearRing><coordinates>122.226572000000004,29.808855999999999,0 122.239023000000003,29.801867000000001,0 122.224701999999994,29.801867000000001,0 122.226572000000004,29.808855999999999,0</coordinates></LinearRing></outerBoundaryIs></Polygon><Polygon><outerBoundaryIs><LinearRing><coordinates>122.267861999999994,29.792781999999999,0 122.248570999999998,29.804334000000001,0 122.24109,29.820322999999998,0 122.230459999999994,29.822707000000001,0 122.221256999999994,29.835816999999999,0 122.234446000000005,29.846541999999999,0 122.248373999999998,29.848761,0 122.264762000000005,29.845390999999999,0 122.282527000000002,29.845514999999999,0 122.302064999999999,29.838488000000002,0 122.302950999999993,29.833680000000001,0 122.319288999999998,29.829446999999998,0 122.323768000000001,29.821843999999999,0 122.318353999999999,29.817857,0 122.297882000000001,29.817979999999999,0 122.297044999999997,29.811485999999999,0 122.316140000000004,29.806388999999999,0 122.309447000000006,29.794098000000002,0 122.328442999999993,29.777692999999999,0 122.317222000000001,29.774197999999998,0 122.310136,29.766795999999999,0 122.296798999999993,29.778967999999999,0 122.284840000000003,29.779667,0 122.267861999999994,29.792781999999999,0</coordinates></LinearRing></outerBoundaryIs></Polygon><Polygon><outerBoundaryIs><LinearRing><coordinates>122.190597999999994,29.820651999999999,0 122.201178999999996,29.815227,0 122.195617999999996,29.804704000000001,0 122.189564000000004,29.810006999999999,0 122.183707999999996,29.815186000000001,0 122.190597999999994,29.820651999999999,0</coordinates></LinearRing></outerBoundaryIs></Polygon><Polygon><outerBoundaryIs><LinearRing><coordinates>122.332871999999995,29.826651999999999,0 122.322389999999999,29.83257,0 122.323965000000001,29.839514999999999,0 122.332871999999995,29.826651999999999,0</coordinates></LinearRing></outerBoundaryIs></Polygon><Polygon><outerBoundaryIs><LinearRing><coordinates>122.340057000000002,29.883597999999999,0 122.348422999999997,29.878833,0 122.342961000000003,29.870781999999998,0 122.343305000000001,29.860469999999999,0 122.329967999999994,29.85895,0 122.323915,29.852540999999999,0 122.309004000000002,29.849582000000002,0 122.293402999999998,29.852088999999999,0 122.283018999999996,29.860388,0 122.284544999999994,29.875588,0 122.301473999999999,29.883844,0 122.319191000000004,29.878792000000001,0 122.340057000000002,29.883597999999999,0</coordinates></LinearRing></outerBoundaryIs></Polygon><Polygon><outerBoundaryIs><LinearRing><coordinates>122.267222000000004,29.875793000000002,0 122.278245999999996,29.867701,0 122.274161000000007,29.862400999999998,0 122.256100000000004,29.864702000000001,0 122.249898999999999,29.875588,0 122.267222000000004,29.875793000000002,0</coordinates></LinearRing></outerBoundaryIs></Polygon><Polygon><outerBoundaryIs><LinearRing><coordinates>122.300686999999996,29.894646000000002,0 122.309495999999996,29.896083999999998,0 122.314712999999998,29.889430000000001,0 122.299898999999996,29.890539,0 122.300686999999996,29.894646000000002,0</coordinates></LinearRing></outerBoundaryIs></Polygon><Polygon><outerBoundaryIs><LinearRing><coordinates>122.301573000000005,29.941865,0 122.311808999999997,29.942029000000002,0 122.315352000000004,29.931027,0 122.306740000000005,29.922118000000001,0 122.291435000000007,29.924623,0 122.288826999999998,29.93074,0 122.288138000000004,29.936118,0 122.301573000000005,29.941865,0</coordinates></LinearRing></outerBoundaryIs></Polygon><Polygon><outerBoundaryIs><LinearRing><coordinates>122.239811000000003,29.960049000000001,0 122.274603999999997,29.93891,0 122.273374000000004,29.932258999999998,0 122.237398999999996,29.944738999999998,0 122.213137000000003,29.958161,0 122.192959999999999,29.975971999999999,0 122.204819999999998,29.973879,0 122.239811000000003,29.960049000000001,0</coordinates></LinearRing></outerBoundaryIs></Polygon><Polygon><outerBoundaryIs><LinearRing><coordinates>122.204573999999994,30.214106000000001,0 122.190942000000007,30.212264000000001,0 122.186414999999997,30.217790000000001,0 122.179081999999994,30.214884000000001,0 122.179377000000002,30.226427999999999,0 122.186955999999995,30.230644000000002,0 122.200243999999998,30.226755000000001,0 122.204573999999994,30.214106000000001,0</coordinates></LinearRing></outerBoundaryIs></Polygon><Polygon><outerBoundaryIs><LinearRing><coordinates>122.335628,30.227778000000001,0 122.332183000000001,30.220247000000001,0 122.325637999999998,30.226918999999999,0 122.335628,30.227778000000001,0</coordinates></LinearRing></outerBoundaryIs></Polygon><Polygon><outerBoundaryIs><LinearRing><coordinates>122.225441000000004,30.229292999999998,0 122.237350000000006,30.232322,0 122.245322000000002,30.218405000000001,0 122.228295000000003,30.220451000000001,0 122.215745999999996,30.218036000000001,0 122.209002999999996,30.222375,0 122.216680999999994,30.22082,0 122.225441000000004,30.229292999999998,0</coordinates></LinearRing></outerBoundaryIs></Polygon><Polygon><outerBoundaryIs><LinearRing><coordinates>122.274653000000001,30.230233999999999,0 122.282822999999993,30.227941999999999,0 122.269683000000001,30.222621,0 122.274653000000001,30.230233999999999,0</coordinates></LinearRing></outerBoundaryIs></Polygon><Polygon><outerBoundaryIs><LinearRing><coordinates>122.261612,30.234736000000002,0 122.254230000000007,30.237355999999998,0 122.254574000000005,30.253235,0 122.264122,30.269888000000002,0 122.301770000000005,30.270052,0 122.304821000000004,30.262523000000002,0 122.312940999999995,30.265142000000001,0 122.315843999999998,30.250164999999999,0 122.291877999999997,30.248324,0 122.276276999999993,30.244232,0 122.261612,30.234736000000002,0</coordinates></LinearRing></outerBoundaryIs></Polygon><Polygon><outerBoundaryIs><LinearRing><coordinates>122.321848000000003,30.494250000000001,0 122.314269999999993,30.491066,0 122.302950999999993,30.499108,0 122.321848000000003,30.494250000000001,0</coordinates></LinearRing></outerBoundaryIs></Polygon><Polygon><outerBoundaryIs><LinearRing><coordinates>122.319239999999994,30.512781,0 122.317518000000007,30.518045999999998,0 122.327162999999999,30.519473999999999,0 122.340007999999997,30.522371,0 122.346109999999996,30.528044000000001,0 122.343699000000001,30.504006,0 122.319239999999994,30.512781,0</coordinates></LinearRing></outerBoundaryIs></Polygon><Polygon><outerBoundaryIs><LinearRing><coordinates>122.267567,30.526900999999999,0 122.277901,30.524493,0 122.275244000000001,30.513148000000001,0 122.257379999999998,30.511842000000001,0 122.259052999999994,30.519881999999999,0 122.267567,30.526900999999999,0</coordinates></LinearRing></outerBoundaryIs></Polygon><Polygon><outerBoundaryIs><LinearRing><coordinates>122.331198999999998,30.595676999999998,0 122.343207000000007,30.599632,0 122.341336999999996,30.593596999999999,0 122.326031,30.590131,0 122.331198999999998,30.595676999999998,0</coordinates></LinearRing></outerBoundaryIs></Polygon><Polygon><outerBoundaryIs><LinearRing><coordinates>122.277212000000006,30.638933000000002,0 122.284741999999994,30.648713999999998,0 122.292615999999995,30.650548000000001,0 122.295766,30.640726000000001,0 122.284987999999998,30.635835,0 122.277212000000006,30.638933000000002,0</coordinates></LinearRing></outerBoundaryIs></Polygon><Polygon><outerBoundaryIs><LinearRing><coordinates>122.375933000000003,29.825748000000001,0 122.369288999999995,29.828091000000001,0 122.361760000000004,29.839556000000002,0 122.376868000000002,29.841733999999999,0 122.371208999999993,29.835529000000001,0 122.378788,29.834378999999998,0 122.375933000000003,29.825748000000001,0</coordinates></LinearRing></outerBoundaryIs></Polygon><Polygon><outerBoundaryIs><LinearRing><coordinates>122.434053000000006,29.883557,0 122.418600999999995,29.881461999999999,0 122.419290000000004,29.873082,0 122.401819000000003,29.870042000000002,0 122.398078999999996,29.853608999999999,0 122.413235999999998,29.84835,0 122.416189000000003,29.828994999999999,0 122.386365999999995,29.834008999999998,0 122.378344999999996,29.84309,0 122.369978000000003,29.862031000000002,0 122.376818999999998,29.871151000000001,0 122.376327000000003,29.886759999999999,0 122.372341000000006,29.893208999999999,0 122.362744000000006,29.894400000000001,0 122.341336999999996,29.908197999999999,0 122.327213,29.923103000000001,0 122.331001999999998,29.938089000000002,0 122.351867999999996,29.959105000000001,0 122.356690999999998,29.950320999999999,0 122.372733999999994,29.954139000000001,0 122.377163999999993,29.949007999999999,0 122.397881999999996,29.939647999999998,0 122.401572999999999,29.945806000000001,0 122.410235,29.944780000000002,0 122.408955000000006,29.951429000000001,0 122.424308999999994,29.945765000000002,0 122.420618000000005,29.937308999999999,0 122.430215000000004,29.916903999999999,0 122.410922999999997,29.917929999999998,0 122.413629999999998,29.912551000000001,0 122.434889999999996,29.906227000000001,0 122.432085000000001,29.893989000000001,0 122.434053000000006,29.883557,0</coordinates></LinearRing></outerBoundaryIs></Polygon><Polygon><outerBoundaryIs><LinearRing><coordinates>122.459546000000003,29.948637999999999,0 122.461366999999996,29.943877000000001,0 122.456986999999998,29.925689999999999,0 122.449162000000001,29.939238,0 122.459546000000003,29.948637999999999,0</coordinates></LinearRing></outerBoundaryIs></Polygon><Polygon><outerBoundaryIs><LinearRing><coordinates>122.452804,29.956889,0 122.458955000000003,29.951059999999998,0 122.450687000000002,29.945929,0 122.444830999999994,29.955041999999999,0 122.452804,29.956889,0</coordinates></LinearRing></outerBoundaryIs></Polygon><Polygon><outerBoundaryIs><LinearRing><coordinates>122.444682999999998,29.968216000000002,0 122.452115000000006,29.973469000000001,0 122.450243999999998,29.964728000000001,0 122.444682999999998,29.968216000000002,0</coordinates></LinearRing></outerBoundaryIs></Polygon><Polygon><outerBoundaryIs><LinearRing><coordinates>122.376818999999998,29.973305,0 122.367812999999998,29.980485999999999,0 122.372291000000004,29.988364000000001,0 122.373127999999994,30.001657999999999,0 122.380018000000007,30.024505999999999,0 122.397784000000001,30.026720999999998,0 122.408609999999996,30.031725000000002,0 122.410529999999994,30.024301000000001,0 122.403345000000002,30.0154,0 122.418009999999995,30.006292999999999,0 122.414417999999998,29.998457999999999,0 122.396749999999997,29.999113999999999,0 122.393501999999998,29.985123000000002,0 122.398571000000004,29.975151,0 122.391484000000005,29.970309,0 122.376818999999998,29.973305,0</coordinates></LinearRing></outerBoundaryIs></Polygon><Polygon><outerBoundaryIs><LinearRing><coordinates>122.426918000000001,30.032094000000001,0 122.428196999999997,30.038656,0 122.433463000000003,30.022003999999999,0 122.426918000000001,30.032094000000001,0</coordinates></LinearRing></outerBoundaryIs></Polygon><Polygon><outerBoundaryIs><LinearRing><coordinates>122.775638999999998,30.139202999999998,0 122.787942999999999,30.128222999999998,0 122.767126000000005,30.123470000000001,0 122.759940999999998,30.137073000000001,0 122.763435000000001,30.142112000000001,0 122.775638999999998,30.139202999999998,0</coordinates></LinearRing></outerBoundaryIs></Polygon><Polygon><outerBoundaryIs><LinearRing><coordinates>122.721850000000003,30.181965000000002,0 122.728050999999994,30.172709999999999,0 122.718553,30.168368000000001,0 122.716486000000003,30.175740000000001,0 122.721850000000003,30.181965000000002,0</coordinates></LinearRing></outerBoundaryIs></Polygon><Polygon><outerBoundaryIs><LinearRing><coordinates>122.694094000000007,30.187698000000001,0 122.689222000000001,30.180982,0 122.688434000000001,30.191300999999999,0 122.680856000000006,30.190522999999999,0 122.673177999999993,30.208334000000001,0 122.687006999999994,30.205345000000001,0 122.694094000000007,30.187698000000001,0</coordinates></LinearRing></outerBoundaryIs></Polygon><Polygon><outerBoundaryIs><LinearRing><coordinates>122.704723999999999,30.207065,0 122.711563999999996,30.209357000000001,0 122.708070000000006,30.188476000000001,0 122.703247000000005,30.197320000000001,0 122.704723999999999,30.207065,0</coordinates></LinearRing></outerBoundaryIs></Polygon><Polygon><outerBoundaryIs><LinearRing><coordinates>122.643848000000006,30.197852999999999,0 122.636071999999999,30.204281000000002,0 122.640895,30.210913000000001,0 122.650344000000004,30.210995,0 122.654527000000002,30.189703999999999,0 122.646308000000005,30.186920000000001,0 122.643848000000006,30.197852999999999,0</coordinates></LinearRing></outerBoundaryIs></Polygon><Polygon><outerBoundaryIs><LinearRing><coordinates>122.477361000000002,30.229783999999999,0 122.489515999999995,30.231297999999999,0 122.503493000000006,30.225650000000002,0 122.503197,30.215907000000001,0 122.481444999999994,30.221146999999998,0 122.477361000000002,30.229783999999999,0</coordinates></LinearRing></outerBoundaryIs></Polygon><Polygon><outerBoundaryIs><LinearRing><coordinates>122.516682000000003,30.231338999999998,0 122.529427999999996,30.230439000000001,0 122.525540000000007,30.221557000000001,0 122.516682000000003,30.231338999999998,0</coordinates></LinearRing></outerBoundaryIs></Polygon><Polygon><outerBoundaryIs><LinearRing><coordinates>122.391533999999993,30.239892999999999,0 122.381985999999998,30.238133999999999,0 122.380707000000001,30.253889000000001,0 122.363236000000001,30.254871000000001,0 122.362054999999998,30.239566,0 122.348619999999997,30.233222000000001,0 122.336809000000002,30.235759999999999,0 122.329229999999995,30.230193,0 122.318403000000004,30.236454999999999,0 122.309004000000002,30.235309999999998,0 122.305559000000002,30.228883,0 122.298472000000004,30.234082000000001,0 122.291730000000001,30.226509,0 122.284544999999994,30.226837,0 122.275981999999999,30.23535,0 122.278000000000006,30.243003999999999,0 122.317468000000005,30.249593000000001,0 122.318698999999995,30.265509999999999,0 122.322685000000007,30.269970000000001,0 122.349457000000001,30.267392000000001,0 122.358806999999999,30.271238,0 122.385727000000003,30.270993000000001,0 122.400343000000007,30.275656999999999,0 122.407233000000005,30.272670000000002,0 122.409594999999996,30.25704,0 122.429477000000006,30.250861,0 122.418797999999995,30.246278,0 122.417174000000003,30.238869999999999,0 122.407724999999999,30.236004999999999,0 122.408216999999993,30.227778000000001,0 122.397193000000001,30.225241,0 122.391533999999993,30.239892999999999,0</coordinates></LinearRing></outerBoundaryIs></Polygon><Polygon><outerBoundaryIs><LinearRing><coordinates>122.476376000000002,30.403587000000002,0 122.467468999999994,30.408857000000001,0 122.477852999999996,30.410491,0 122.476376000000002,30.403587000000002,0</coordinates></LinearRing></outerBoundaryIs></Polygon><Polygon><outerBoundaryIs><LinearRing><coordinates>122.464269999999999,30.436799000000001,0 122.476080999999994,30.436022999999999,0 122.474210999999997,30.429528000000001,0 122.485726999999997,30.415762000000001,0 122.469633999999999,30.414413,0 122.450737000000004,30.426096999999999,0 122.459693000000001,30.426424000000001,0 122.464269999999999,30.436799000000001,0</coordinates></LinearRing></outerBoundaryIs></Polygon><Polygon><outerBoundaryIs><LinearRing><coordinates>122.303984,30.466570000000001,0 122.314959000000002,30.470244999999998,0 122.337006000000002,30.465793999999999,0 122.35615,30.464651,0 122.372733999999994,30.478860000000001,0 122.383414000000002,30.472857999999999,0 122.373817000000003,30.461670000000002,0 122.381444999999999,30.455953000000001,0 122.402458999999993,30.458280999999999,0 122.411268000000007,30.452686,0 122.432282000000001,30.445376,0 122.428541999999993,30.430548999999999,0 122.432725000000005,30.420092,0 122.440796000000006,30.413556,0 122.430412000000004,30.408653000000001,0 122.411119999999997,30.411268,0 122.404820999999998,30.4176,0 122.387694999999994,30.417477000000002,0 122.378294999999994,30.413556,0 122.375440999999995,30.419357000000002,0 122.365155999999999,30.417151,0 122.352408999999994,30.421970999999999,0 122.348078999999998,30.410696000000002,0 122.318304999999995,30.407181999999999,0 122.285922999999997,30.417027999999998,0 122.280411000000001,30.420337,0 122.279377999999994,30.444476999999999,0 122.281837999999993,30.460118000000001,0 122.278689,30.474368999999999,0 122.287595999999994,30.47739,0 122.303984,30.466570000000001,0</coordinates></LinearRing></outerBoundaryIs></Polygon><Polygon><outerBoundaryIs><LinearRing><coordinates>122.358806999999999,30.600080999999999,0 122.374358000000001,30.587399000000001,0 122.356543000000002,30.593353,0 122.358806999999999,30.600080999999999,0</coordinates></LinearRing></outerBoundaryIs></Polygon><Polygon><outerBoundaryIs><LinearRing><coordinates>122.432725000000005,30.617450000000002,0 122.423964999999995,30.612272000000001,0 122.424948999999998,30.621200000000002,0 122.432725000000005,30.617450000000002,0</coordinates></LinearRing></outerBoundaryIs></Polygon><Polygon><outerBoundaryIs><LinearRing><coordinates>122.514221000000006,30.641786,0 122.514516,30.649000000000001,0 122.522784000000001,30.643578999999999,0 122.514221000000006,30.641786,0</coordinates></LinearRing></outerBoundaryIs></Polygon><Polygon><outerBoundaryIs><LinearRing><coordinates>122.568798000000001,30.654419999999998,0 122.570717000000002,30.644313,0 122.547045999999995,30.650752000000001,0 122.548029999999997,30.663467000000001,0 122.555757,30.667418999999999,0 122.558708999999993,30.679072000000001,0 122.575638999999995,30.66583,0 122.587892999999994,30.665341000000002,0 122.582921999999996,30.655113,0 122.568798000000001,30.654419999999998,0</coordinates></LinearRing></outerBoundaryIs></Polygon><Polygon><outerBoundaryIs><LinearRing><coordinates>122.540893999999994,30.657883999999999,0 122.526278000000005,30.666767,0 122.533365000000003,30.672267999999999,0 122.544881000000004,30.663343999999999,0 122.540893999999994,30.657883999999999,0</coordinates></LinearRing></outerBoundaryIs></Polygon><Polygon><outerBoundaryIs><LinearRing><coordinates>122.416780000000003,30.682047000000001,0 122.435430999999994,30.674672000000001,0 122.425736999999998,30.668886000000001,0 122.408806999999996,30.672471999999999,0 122.416780000000003,30.682047000000001,0</coordinates></LinearRing></outerBoundaryIs></Polygon><Polygon><outerBoundaryIs><LinearRing><coordinates>122.799508000000003,30.716467000000002,0 122.790599999999998,30.717444,0 122.787647000000007,30.711497999999999,0 122.791731999999996,30.698422999999998,0 122.78125,30.694186999999999,0 122.775195999999994,30.704167000000002,0 122.758217999999999,30.70213,0 122.757480000000001,30.713901,0 122.782086000000007,30.730028000000001,0 122.792815000000004,30.729499000000001,0 122.799508000000003,30.716467000000002,0</coordinates></LinearRing></outerBoundaryIs></Polygon><Polygon><outerBoundaryIs><LinearRing><coordinates>122.826820999999995,30.709136000000001,0 122.810777000000002,30.712475999999999,0 122.804231999999999,30.723023999999999,0 122.814616000000001,30.732879000000001,0 122.831052999999997,30.728521000000001,0 122.836810999999997,30.719155000000001,0 122.839911000000001,30.703759000000002,0 122.836269999999999,30.698708,0 122.826820999999995,30.709136000000001,0</coordinates></LinearRing></outerBoundaryIs></Polygon><Polygon><outerBoundaryIs><LinearRing><coordinates>122.499605000000003,30.703230000000001,0 122.490500999999995,30.695775000000001,0 122.487154000000004,30.701193,0 122.4499,30.691457,0 122.444241000000005,30.697078999999999,0 122.437055000000001,30.691742999999999,0 122.427606999999995,30.696020000000001,0 122.430263999999994,30.706529,0 122.442518000000007,30.716345,0 122.441681000000003,30.733082,0 122.427606999999995,30.738537999999998,0 122.432182999999995,30.742325000000001,0 122.450440999999998,30.743016999999998,0 122.460431999999997,30.730271999999999,0 122.467074999999994,30.730271999999999,0 122.473620999999994,30.715204,0 122.486514,30.711131999999999,0 122.504870999999994,30.713249000000001,0 122.506150000000005,30.720051000000002,0 122.528345000000002,30.724896999999999,0 122.536268000000007,30.717566999999999,0 122.526672000000005,30.713982999999999,0 122.539664000000002,30.703678,0 122.535185999999996,30.698301000000001,0 122.513778000000002,30.702048999999999,0 122.510136000000003,30.69492,0 122.499605000000003,30.703230000000001,0</coordinates></LinearRing></outerBoundaryIs></Polygon><Polygon><outerBoundaryIs><LinearRing><coordinates>122.466239000000002,30.743179999999999,0 122.452115000000006,30.743342999999999,0 122.452607,30.757591999999999,0 122.470077000000003,30.752585,0 122.466239000000002,30.743179999999999,0</coordinates></LinearRing></outerBoundaryIs></Polygon><Polygon><outerBoundaryIs><LinearRing><coordinates>122.395274000000001,30.760522999999999,0 122.391582999999997,30.740614999999998,0 122.386365999999995,30.759384000000001,0 122.395274000000001,30.760522999999999,0</coordinates></LinearRing></outerBoundaryIs></Polygon><Polygon><outerBoundaryIs><LinearRing><coordinates>122.775689,30.788038,0 122.782824000000005,30.789747999999999,0 122.782134999999997,30.782299999999999,0 122.775689,30.788038,0</coordinates></LinearRing></outerBoundaryIs></Polygon><Polygon><outerBoundaryIs><LinearRing><coordinates>122.660629,30.819858,0 122.648375000000001,30.812494000000001,0 122.640254999999996,30.816317999999999,0 122.643355,30.826733000000001,0 122.660629,30.819858,0</coordinates></LinearRing></outerBoundaryIs></Polygon><Polygon><outerBoundaryIs><LinearRing><coordinates>122.622242999999997,30.826001000000002,0 122.636268999999999,30.819939000000002,0 122.637744999999995,30.814447000000001,0 122.625096999999997,30.817539,0 122.615844999999993,30.824739999999998,0 122.622242999999997,30.826001000000002,0</coordinates></LinearRing></outerBoundaryIs></Polygon><Polygon><outerBoundaryIs><LinearRing><coordinates>122.698522999999994,30.848127999999999,0 122.695471999999995,30.839017999999999,0 122.687990999999997,30.838082,0 122.669191999999995,30.845566000000002,0 122.675245000000004,30.848779,0 122.679132999999993,30.861101999999999,0 122.690107999999995,30.849105000000002,0 122.698522999999994,30.848127999999999,0</coordinates></LinearRing></outerBoundaryIs></Polygon></MultiGeometry></Placemark>
</Document>
</kml>