<?xml version="1.0" encoding="UTF-8"?>
<kml xmlns="http://www.opengis.net/kml/2.2">
<Document>
<name>香港特别行政区_全省轮廓</name>
<Placemark><name>香港特别行政区_全省轮廓</name><MultiGeometry><Polygon><outerBoundaryIs><LinearRing><coordinates>113.928175999999993,22.151702,0 113.927484000000007,22.151076,0 113.927003999999997,22.151211,0 113.926961000000006,22.151938999999999,0 113.927490000000006,22.152653999999998,0 113.928297999999998,22.153026000000001,0 113.928837999999999,22.152311000000001,0 113.928479999999993,22.152331,0 113.928175999999993,22.151702,0</coordinates></LinearRing></outerBoundaryIs></Polygon><Polygon><outerBoundaryIs><LinearRing><coordinates>113.921342999999993,22.160263,0 113.921724999999995,22.160160999999999,0 113.921864999999997,22.159258000000001,0 113.921446000000003,22.159065999999999,0 113.921051000000006,22.159400999999999,0 113.921342999999993,22.160263,0</coordinates></LinearRing></outerBoundaryIs></Polygon><Polygon><outerBoundaryIs><LinearRing><coordinates>113.907122999999999,22.160533000000001,0 113.909334000000001,22.160664000000001,0 113.910549000000003,22.159499,0 113.911624000000003,22.159801000000002,0 113.912056000000007,22.160969999999999,0 113.913847000000004,22.161027000000001,0 113.914338999999998,22.161995999999998,0 113.915226000000004,22.162588,0 113.915208000000007,22.162944,0 113.913725999999997,22.164304999999999,0 113.914072000000004,22.165465000000001,0 113.914133000000007,22.166315000000001,0 113.914443000000006,22.166702999999998,0 113.915432999999993,22.167124000000001,0 113.916319999999999,22.167186000000001,0 113.918566999999996,22.166188999999999,0 113.919580999999994,22.166633999999998,0 113.921750000000003,22.165416,0 113.922229999999999,22.164722000000001,0 113.920978000000005,22.163618,0 113.919714999999997,22.163349,0 113.918408999999997,22.163392999999999,0 113.91816,22.163119999999999,0 113.918013999999999,22.160333000000001,0 113.918809999999993,22.160340999999999,0 113.919659999999993,22.159883000000001,0 113.920109999999994,22.158612000000002,0 113.920321999999999,22.157312999999998,0 113.920061000000004,22.156825999999999,0 113.918013999999999,22.157222999999998,0 113.916094999999999,22.155743000000001,0 113.914666999999994,22.155996999999999,0 113.912329,22.155951999999999,0 113.911216999999994,22.156172999999999,0 113.910651999999999,22.155891,0 113.910062999999994,22.154320999999999,0 113.909370999999993,22.153732999999999,0 113.907919000000007,22.153466999999999,0 113.90719,22.154382999999999,0 113.904371999999995,22.156054000000001,0 113.904049999999998,22.156704000000001,0 113.903927999999993,22.157720999999999,0 113.904250000000005,22.158494000000001,0 113.905404000000004,22.159528000000002,0 113.907122999999999,22.160533000000001,0</coordinates></LinearRing></outerBoundaryIs></Polygon><Polygon><outerBoundaryIs><LinearRing><coordinates>113.90719,22.169747999999998,0 113.906777000000005,22.168469000000002,0 113.906375999999995,22.168334000000002,0 113.906047999999998,22.168963000000002,0 113.905544000000006,22.169004000000001,0 113.904292999999996,22.168146,0 113.903077999999994,22.168579000000001,0 113.902871000000005,22.168980000000001,0 113.904049999999998,22.169371999999999,0 113.905604999999994,22.169409000000002,0 113.906237000000004,22.170475,0 113.906880000000001,22.170455,0 113.90719,22.169747999999998,0</coordinates></LinearRing></outerBoundaryIs></Polygon><Polygon><outerBoundaryIs><LinearRing><coordinates>113.911630000000002,22.170528000000001,0 113.912068000000005,22.170753000000001,0 113.912232000000003,22.170176999999999,0 113.911630000000002,22.170528000000001,0</coordinates></LinearRing></outerBoundaryIs></Polygon><Polygon><outerBoundaryIs><LinearRing><coordinates>113.908805999999998,22.170618000000001,0 113.909030999999999,22.17164,0 113.909661999999997,22.171897000000001,0 113.910221000000007,22.171517000000001,0 113.910646,22.170687999999998,0 113.910117999999997,22.170086999999999,0 113.908805999999998,22.170618000000001,0</coordinates></LinearRing></outerBoundaryIs></Polygon><Polygon><outerBoundaryIs><LinearRing><coordinates>113.929045000000002,22.174071000000001,0 113.929542999999995,22.174226000000001,0 113.929852999999994,22.173359999999999,0 113.929045000000002,22.174071000000001,0</coordinates></LinearRing></outerBoundaryIs></Polygon><Polygon><outerBoundaryIs><LinearRing><coordinates>113.931079999999994,22.175861000000001,0 113.930946000000006,22.174990000000001,0 113.930155999999997,22.174533,0 113.929785999999993,22.174533,0 113.929203000000001,22.175533999999999,0 113.928273000000004,22.176514000000001,0 113.928571000000005,22.177265999999999,0 113.929080999999996,22.177237999999999,0 113.929561000000007,22.176701999999999,0 113.930745999999999,22.176338999999999,0 113.931079999999994,22.175861000000001,0</coordinates></LinearRing></outerBoundaryIs></Polygon><Polygon><outerBoundaryIs><LinearRing><coordinates>113.917978000000005,22.177377,0 113.917668000000006,22.178488000000002,0 113.916313000000002,22.178916999999998,0 113.915220000000005,22.178785999999999,0 113.913987000000006,22.178063000000002,0 113.913804999999996,22.177164000000001,0 113.912255999999999,22.176216,0 113.910269999999997,22.176501999999999,0 113.910117999999997,22.177630000000001,0 113.910724999999999,22.178574000000001,0 113.910914000000005,22.180334999999999,0 113.910470000000004,22.181687,0 113.910955999999999,22.182691999999999,0 113.911058999999995,22.184784000000001,0 113.911539000000005,22.185095,0 113.913196999999997,22.184543000000001,0 113.914193999999995,22.183582999999999,0 113.915049999999994,22.183191000000001,0 113.916083,22.181892000000001,0 113.916684000000004,22.180719,0 113.917589000000007,22.180159,0 113.918244999999999,22.180150999999999,0 113.918949999999995,22.181073999999999,0 113.920450000000002,22.180927000000001,0 113.921440000000004,22.180339,0 113.922326999999996,22.179190999999999,0 113.923845,22.179169999999999,0 113.924896000000004,22.178315999999999,0 113.924963000000005,22.177896,0 113.924514000000002,22.17718,0 113.925612999999998,22.177074000000001,0 113.925753,22.176535000000001,0 113.923833000000002,22.175673,0 113.923784999999995,22.176490000000001,0 113.922685000000001,22.177396999999999,0 113.922060000000002,22.177332,0 113.921519000000004,22.176587999999999,0 113.921537000000001,22.175902000000001,0 113.921943999999996,22.175177999999999,0 113.921396999999999,22.174544999999998,0 113.920432000000005,22.174937,0 113.920286000000004,22.175832,0 113.919679000000002,22.176392,0 113.919319999999999,22.175816000000001,0 113.918227000000002,22.175142000000001,0 113.917692000000002,22.176031999999999,0 113.917649999999995,22.176727,0 113.917978000000005,22.177377,0</coordinates></LinearRing></outerBoundaryIs></Polygon><Polygon><outerBoundaryIs><LinearRing><coordinates>113.988844,22.189753,0 113.988096999999996,22.190107999999999,0 113.987277000000006,22.191130000000001,0 113.987319999999997,22.19258,0 113.987757000000002,22.193670999999998,0 113.987976000000003,22.194762000000001,0 113.988716999999994,22.195889000000001,0 113.989572999999993,22.196387999999999,0 113.990174999999994,22.197690999999999,0 113.991359000000003,22.198295999999999,0 113.992318999999995,22.199349999999999,0 113.992890000000003,22.198917000000002,0 113.993836999999999,22.199173999999999,0 113.995739,22.198377000000001,0 113.995762999999997,22.197009000000001,0 113.997026000000005,22.196318000000002,0 113.996887000000001,22.195567,0 113.997336000000004,22.194254999999998,0 113.996472999999995,22.193850999999999,0 113.996243000000007,22.192326999999999,0 113.997232999999994,22.191571,0 113.997979999999998,22.192485999999999,0 113.999084999999994,22.192314,0 113.999838999999994,22.191289000000001,0 113.999838999999994,22.190611000000001,0 113.999322000000006,22.189765000000001,0 113.999480000000005,22.189283,0 113.999262000000002,22.188237000000001,0 113.998295999999996,22.187289,0 113.994996999999998,22.185732000000002,0 113.994219999999999,22.186026999999999,0 113.992744000000002,22.187604,0 113.992245999999994,22.188469999999999,0 113.990915999999999,22.188632999999999,0 113.990089999999995,22.188931,0 113.989604,22.189727999999999,0 113.988844,22.189753,0</coordinates></LinearRing></outerBoundaryIs></Polygon><Polygon><outerBoundaryIs><LinearRing><coordinates>114.134732,22.202054,0 114.135334,22.203258999999999,0 114.137927000000005,22.205245000000001,0 114.140940000000001,22.206620999999998,0 114.144729999999996,22.207308000000001,0 114.147743000000006,22.206785,0 114.149292000000003,22.206780999999999,0 114.151801000000006,22.208676000000001,0 114.154898000000003,22.209706000000001,0 114.157303999999996,22.209792,0 114.158171999999993,22.209011,0 114.158779999999993,22.207716000000001,0 114.160663,22.208055000000002,0 114.164107000000001,22.208223,0 114.166093000000004,22.206665999999998,0 114.166438999999997,22.205110000000001,0 114.164197999999999,22.201661999999999,0 114.162994999999995,22.200367,0 114.161355,22.200113999999999,0 114.158342000000005,22.200807999999999,0 114.156271000000004,22.200811999999999,0 114.149814000000006,22.195211,0 114.148945999999995,22.194092000000001,0 114.149292000000003,22.192188000000002,0 114.150931999999997,22.188388,0 114.155330000000006,22.181217,0 114.155839999999998,22.179055999999999,0 114.154722000000007,22.177765000000001,0 114.152395999999996,22.177855000000001,0 114.148775999999998,22.179929999999999,0 114.143692000000001,22.184515000000001,0 114.141194999999996,22.186329000000001,0 114.140587999999994,22.186419000000001,0 114.140587999999994,22.184866,0 114.142488999999998,22.181839,0 114.143777,22.178729000000001,0 114.143777,22.176227999999998,0 114.143351999999993,22.174847,0 114.141627,22.174503999999999,0 114.140078000000003,22.175284999999999,0 114.137144000000006,22.178909000000001,0 114.136371999999994,22.179085000000001,0 114.135334,22.178222000000002,0 114.133098000000004,22.175207,0 114.131197,22.174949000000002,0 114.129125999999999,22.175726000000001,0 114.127837999999997,22.176677999999999,0 114.125159999999994,22.176596,0 114.120416000000006,22.177806,0 114.118436000000003,22.180225,0 114.118436000000003,22.183852999999999,0 114.119649999999993,22.185839000000001,0 114.122923999999998,22.187733999999999,0 114.124472999999995,22.189976999999999,0 114.125421000000003,22.199472,0 114.125506000000001,22.201633000000001,0 114.124217999999999,22.202928,0 114.123780999999994,22.204567000000001,0 114.124478999999994,22.207847000000001,0 114.124734000000004,22.211559999999999,0 114.123099999999994,22.214931,0 114.121028999999993,22.216315000000002,0 114.119814000000005,22.216054,0 114.119899000000004,22.213291999999999,0 114.119213000000002,22.211479000000001,0 114.116710999999995,22.210011999999999,0 114.114214000000004,22.208978999999999,0 114.113174999999998,22.208202,0 114.108667999999994,22.208072000000001,0 114.107337999999999,22.208541,0 114.106925000000004,22.209268999999999,0 114.105418999999998,22.215004,0 114.105418999999998,22.215979999999998,0 114.105680000000007,22.216936,0 114.106408999999999,22.217839000000001,0 114.111997000000002,22.221592999999999,0 114.113928999999999,22.222674999999999,0 114.115483999999995,22.222974000000001,0 114.115483999999995,22.223663999999999,0 114.113285000000005,22.224398999999998,0 114.112896000000006,22.224958999999998,0 114.113114999999993,22.225825,0 114.114664000000005,22.227205000000001,0 114.114840000000001,22.228242999999999,0 114.114147000000003,22.228717,0 114.111693000000002,22.229451999999998,0 114.110521000000006,22.230273,0 114.110393000000002,22.231310000000001,0 114.110910000000004,22.232213000000002,0 114.112465,22.233381000000001,0 114.116911000000002,22.234888000000002,0 114.118114000000006,22.235664,0 114.120148,22.235966000000001,0 114.121436000000003,22.236526000000001,0 114.122085999999996,22.238164000000001,0 114.123245999999995,22.238813,0 114.123811000000003,22.238596999999999,0 114.124716000000006,22.237086000000001,0 114.125918999999996,22.236996000000001,0 114.127388999999994,22.236653,0 114.128336000000004,22.235569999999999,0 114.128506000000002,22.233972999999999,0 114.127857000000006,22.231988000000001,0 114.126307999999995,22.230395000000001,0 114.125870000000006,22.229140999999998,0 114.125918999999996,22.227630000000001,0 114.126569000000003,22.226723,0 114.131003000000007,22.224043999999999,0 114.131524999999996,22.223303999999999,0 114.131471000000005,22.222103000000001,0 114.132078000000007,22.221336000000001,0 114.131950000000003,22.220718999999999,0 114.131404000000003,22.220457,0 114.131264000000002,22.219763,0 114.132429999999999,22.218170000000001,0 114.133286999999996,22.217345000000002,0 114.135704000000004,22.216180000000001,0 114.136432999999997,22.216564000000002,0 114.136864000000003,22.217818999999999,0 114.137683999999993,22.219024000000001,0 114.138936000000001,22.219411999999998,0 114.140271999999996,22.219194999999999,0 114.141255999999998,22.218329000000001,0 114.142386000000002,22.216127,0 114.142488999999998,22.213782999999999,0 114.141966999999994,22.212402000000001,0 114.140169,22.210335000000001,0 114.134647000000001,22.206630000000001,0 114.133359999999996,22.205853000000001,0 114.132836999999995,22.205076999999999,0 114.133955,22.201878000000001,0 114.134732,22.202054,0</coordinates></LinearRing></outerBoundaryIs></Polygon><Polygon><outerBoundaryIs><LinearRing><coordinates>114.046141000000006,22.203434999999999,0 114.046063000000004,22.202715999999999,0 114.044751000000005,22.202421999999999,0 114.044459000000003,22.201972000000001,0 114.044415999999998,22.201056999999999,0 114.044045999999994,22.200371000000001,0 114.042338999999998,22.199950000000001,0 114.041876999999999,22.199309,0 114.041713000000001,22.198115999999999,0 114.041167000000002,22.197649999999999,0 114.040450000000007,22.197899,0 114.040042999999997,22.198589999999999,0 114.038730999999999,22.200261000000001,0 114.037764999999993,22.200436,0 114.037322000000003,22.200182999999999,0 114.037345999999999,22.199403,0 114.036841999999993,22.199399,0 114.035730000000001,22.199836000000001,0 114.034824999999998,22.199562,0 114.033816999999999,22.198283,0 114.033282999999997,22.197989,0 114.033313000000007,22.196833000000002,0 114.032104000000004,22.196833000000002,0 114.031550999999993,22.196636999999999,0 114.030597999999998,22.195035000000001,0 114.029328000000007,22.194099999999999,0 114.028041000000002,22.193822000000001,0 114.027360000000002,22.193254,0 114.026297,22.193172000000001,0 114.026090999999994,22.193814,0 114.026770999999997,22.194638999999999,0 114.026279000000002,22.194928999999998,0 114.024468999999996,22.194623,0 114.023212000000001,22.195003,0 114.022981000000001,22.195473,0 114.022878000000006,22.196821,0 114.022257999999994,22.197424999999999,0 114.022064,22.198332000000001,0 114.023095999999995,22.198884,0 114.024085999999997,22.199083999999999,0 114.025186000000005,22.198847000000001,0 114.026066999999998,22.199076000000002,0 114.027317999999994,22.201829,0 114.027906999999999,22.202539999999999,0 114.028684999999996,22.202843000000001,0 114.030282,22.202891999999999,0 114.031842999999995,22.203092000000002,0 114.032432,22.203382000000001,0 114.033313000000007,22.205106000000001,0 114.033392000000006,22.206389000000001,0 114.033009000000007,22.207463000000001,0 114.031801000000002,22.208635000000001,0 114.031283999999999,22.208815000000001,0 114.028745000000001,22.208442999999999,0 114.028465999999995,22.208549999999999,0 114.027699999999996,22.209636,0 114.026880000000006,22.210253000000002,0 114.026795000000007,22.210809000000001,0 114.027141999999998,22.211393000000001,0 114.027725000000004,22.211552000000001,0 114.028976,22.211323,0 114.029875000000004,22.212222000000001,0 114.030074999999997,22.213431,0 114.031131999999999,22.214092999999998,0 114.031205,22.215184000000001,0 114.030349000000001,22.215686000000002,0 114.030191000000002,22.216270000000002,0 114.030659,22.218104,0 114.031520999999998,22.218962000000001,0 114.033118999999999,22.219514,0 114.034988999999996,22.219709999999999,0 114.036513999999997,22.219484999999999,0 114.037255000000002,22.219681000000001,0 114.038269,22.220694000000002,0 114.039289999999994,22.221050000000002,0 114.040182999999999,22.220817,0 114.040924000000004,22.219922,0 114.041003000000003,22.218640000000001,0 114.040103999999999,22.217312,0 114.037486000000001,22.216021000000001,0 114.037565000000001,22.215551000000001,0 114.038312000000005,22.215358999999999,0 114.039837000000006,22.215554999999998,0 114.040845000000004,22.21529,0 114.041313000000002,22.214860999999999,0 114.041161000000002,22.214199000000001,0 114.038470000000004,22.213059999999999,0 114.035966999999999,22.212548999999999,0 114.034909999999996,22.211299,0 114.034564000000003,22.210052999999998,0 114.034758999999994,22.208766000000001,0 114.036136999999997,22.207090999999998,0 114.039697000000004,22.204763,0 114.040766000000005,22.204906000000001,0 114.041707000000002,22.205763999999999,0 114.043244000000001,22.206036999999998,0 114.044573999999997,22.205576000000001,0 114.044828999999993,22.204308999999999,0 114.046141000000006,22.203434999999999,0</coordinates></LinearRing></outerBoundaryIs></Polygon><Polygon><outerBoundaryIs><LinearRing><coordinates>113.951561999999996,22.212095999999999,0 113.951117999999994,22.211479000000001,0 113.950377000000003,22.211328000000002,0 113.950176999999996,22.211822000000002,0 113.950801999999996,22.212406000000001,0 113.951561999999996,22.212095999999999,0</coordinates></LinearRing></outerBoundaryIs></Polygon><Polygon><outerBoundaryIs><LinearRing><coordinates>113.843678999999995,22.213377999999999,0 113.843138999999994,22.212332,0 113.842622000000006,22.211912000000002,0 113.841813999999999,22.211863000000001,0 113.841279999999998,22.212071000000002,0 113.840089000000006,22.213280000000001,0 113.839859000000004,22.214534,0 113.840168000000006,22.214980000000001,0 113.841547000000006,22.215053000000001,0 113.842214999999996,22.214661,0 113.843625000000003,22.214604000000001,0 113.843678999999995,22.213377999999999,0</coordinates></LinearRing></outerBoundaryIs></Polygon><Polygon><outerBoundaryIs><LinearRing><coordinates>114.141396,22.22241,0 114.140745999999993,22.221107,0 114.139628000000002,22.220428999999999,0 114.138819999999996,22.220224000000002,0 114.138243000000003,22.220372000000001,0 114.137890999999996,22.221577,0 114.138133999999994,22.222622000000001,0 114.139762000000005,22.223749999999999,0 114.140350999999995,22.223786,0 114.141019,22.223455999999999,0 114.141396,22.22241,0</coordinates></LinearRing></outerBoundaryIs></Polygon><Polygon><outerBoundaryIs><LinearRing><coordinates>114.190189000000004,22.233218000000001,0 114.191556000000006,22.233083000000001,0 114.193432999999999,22.233630000000002,0 114.194695999999993,22.232890999999999,0 114.194629000000006,22.231636999999999,0 114.193219999999997,22.230460999999998,0 114.192357000000001,22.230301000000001,0 114.191270000000003,22.230559,0 114.190517,22.229455999999999,0 114.189398999999995,22.229140999999998,0 114.188378999999998,22.229378000000001,0 114.187662000000003,22.230672999999999,0 114.186672000000002,22.231576,0 114.186745000000002,22.232593000000001,0 114.187650000000005,22.233772999999999,0 114.189017000000007,22.233744999999999,0 114.190189000000004,22.233218000000001,0</coordinates></LinearRing></outerBoundaryIs></Polygon><Polygon><outerBoundaryIs><LinearRing><coordinates>114.142743999999993,22.240516,0 114.142652999999996,22.240880000000001,0 114.145501999999993,22.241309000000001,0 114.146431000000007,22.241235,0 114.146067000000002,22.240631,0 114.144335999999996,22.240120000000001,0 114.142743999999993,22.240516,0</coordinates></LinearRing></outerBoundaryIs></Polygon><Polygon><outerBoundaryIs><LinearRing><coordinates>114.049335999999997,22.248263999999999,0 114.049385000000001,22.247610000000002,0 114.050460000000001,22.246735999999999,0 114.052598000000003,22.243632999999999,0 114.052379999999999,22.242664999999999,0 114.051450000000003,22.242031999999998,0 114.051553999999996,22.240814,0 114.050702999999999,22.239768999999999,0 114.050241999999997,22.238482000000001,0 114.049282000000005,22.238261999999999,0 114.048292000000004,22.238379999999999,0 114.047241,22.239274999999999,0 114.045467000000002,22.240243,0 114.045017999999999,22.241022999999998,0 114.044804999999997,22.242452,0 114.044362000000007,22.243445000000001,0 114.043080000000003,22.244873999999999,0 114.043110999999996,22.245457999999999,0 114.043542000000002,22.246017999999999,0 114.043516999999994,22.246504000000002,0 114.043001000000004,22.247014,0 114.041348999999997,22.247471999999998,0 114.040620000000004,22.246593000000001,0 114.039890999999997,22.246784999999999,0 114.039630000000002,22.247855000000001,0 114.038967999999997,22.248946,0 114.037844000000007,22.250277000000001,0 114.036610999999994,22.251078,0 114.033787000000004,22.250897999999999,0 114.032832999999997,22.250971,0 114.032323000000005,22.251526999999999,0 114.031301999999997,22.253319999999999,0 114.031229999999994,22.253879000000001,0 114.031593999999998,22.254414000000001,0 114.032621000000006,22.254511999999998,0 114.032809,22.256043999999999,0 114.033106000000004,22.256406999999999,0 114.034205999999998,22.256460000000001,0 114.036367999999996,22.255762000000001,0 114.037777000000006,22.256398999999998,0 114.042040999999998,22.255970000000001,0 114.044465000000002,22.255562000000001,0 114.045029999999997,22.255831000000001,0 114.046493999999996,22.256101000000001,0 114.047830000000005,22.255887999999999,0 114.050010999999998,22.254631,0 114.050702999999999,22.253343999999998,0 114.050647999999995,22.251232999999999,0 114.049335999999997,22.248263999999999,0</coordinates></LinearRing></outerBoundaryIs></Polygon><Polygon><outerBoundaryIs><LinearRing><coordinates>114.047659999999993,22.302738000000002,0 114.045946999999998,22.302385999999998,0 114.043887999999995,22.302219000000001,0 114.039659999999998,22.302582000000001,0 114.037649999999999,22.302472000000002,0 114.036385999999993,22.302015000000001,0 114.035055999999997,22.300916999999998,0 114.034065999999996,22.299606000000001,0 114.033556000000004,22.298186000000001,0 114.033306999999994,22.295715999999999,0 114.034011000000007,22.292711000000001,0 114.034169000000006,22.291404,0 114.033258000000004,22.289494000000001,0 114.032189000000002,22.288632,0 114.031065999999996,22.288097,0 114.027585000000002,22.287341999999999,0 114.026989999999998,22.286321000000001,0 114.027019999999993,22.284932999999999,0 114.027390999999994,22.284427000000001,0 114.028873000000004,22.284079999999999,0 114.029195000000001,22.2837,0 114.029274000000001,22.282716000000001,0 114.028672,22.279907000000001,0 114.028818000000001,22.277963,0 114.029358999999999,22.276118,0 114.028891000000002,22.275403000000001,0 114.027889000000002,22.274999000000001,0 114.027555000000007,22.274533999999999,0 114.027646000000004,22.272863999999998,0 114.028149999999997,22.271830000000001,0 114.029559000000006,22.266943000000001,0 114.029729000000003,22.26604,0 114.029808000000003,22.263766,0 114.029201,22.262557000000001,0 114.028502000000003,22.262474999999998,0 114.025131000000002,22.262568999999999,0 114.021839,22.261973000000001,0 114.020550999999998,22.261969000000001,0 114.016311999999999,22.263242999999999,0 114.015516000000005,22.263598000000002,0 114.014228000000003,22.265011000000001,0 114.012758000000005,22.265778999999998,0 114.010997000000003,22.266351,0 114.008178000000001,22.268889999999999,0 114.007290999999995,22.269020999999999,0 114.006386000000006,22.268711,0 114.005590999999995,22.268160000000002,0 114.004625000000004,22.266461,0 114.004424999999998,22.264880999999999,0 114.004759000000007,22.264329,0 114.006484,22.263476000000001,0 114.007158000000004,22.262974,0 114.007953999999998,22.261589000000001,0 114.008846000000005,22.260625000000001,0 114.011415999999997,22.258821000000001,0 114.011987000000005,22.258248999999999,0 114.013852,22.255782,0 114.016548,22.253426000000001,0 114.017308,22.252331000000002,0 114.017775,22.251252999999998,0 114.017938999999998,22.250077000000001,0 114.017392999999998,22.248799000000002,0 114.015054000000006,22.247834999999998,0 114.012642999999997,22.246739999999999,0 114.011172999999999,22.245875000000002,0 114.008281999999994,22.245090999999999,0 114.006957,22.24438,0 114.005487000000002,22.242971000000001,0 114.004929000000004,22.242108999999999,0 114.004442999999995,22.2407,0 114.004666999999998,22.239426000000002,0 114.005159000000006,22.238568000000001,0 114.005814999999998,22.238066,0 114.007661999999996,22.237566999999999,0 114.008281999999994,22.237171,0 114.009872999999999,22.235374,0 114.010516999999993,22.234867999999999,0 114.011427999999995,22.234605999999999,0 114.012654999999995,22.234582,0 114.015181999999996,22.235230999999999,0 114.016086999999999,22.235206999999999,0 114.016627,22.234811000000001,0 114.017217000000002,22.233875000000001,0 114.017429000000007,22.232899,0 114.018122000000005,22.232156,0 114.020132000000004,22.231625000000001,0 114.021255999999994,22.230857,0 114.023212000000001,22.230778999999998,0 114.025666000000001,22.229889,0 114.026460999999998,22.228729000000001,0 114.026115000000004,22.227257999999999,0 114.024997999999997,22.22627,0 114.024663000000004,22.225677999999998,0 114.024360000000001,22.223586000000001,0 114.023673000000002,22.222749,0 114.022852999999998,22.222263000000002,0 114.021625999999998,22.220735000000001,0 114.021280000000004,22.220568,0 114.019171999999998,22.221167999999999,0 114.018444000000002,22.220991999999999,0 114.017617000000001,22.220428999999999,0 114.017191999999994,22.219681000000001,0 114.016730999999993,22.217887999999999,0 114.016299000000004,22.217086999999999,0 114.015733999999995,22.216707,0 114.013068000000004,22.215738999999999,0 114.011082000000002,22.214534,0 114.009764000000004,22.212364999999998,0 114.009253000000001,22.211943999999999,0 114.004442999999995,22.211172000000001,0 114.003282999999996,22.210795999999998,0 113.998137999999997,22.207160999999999,0 113.996521999999999,22.206299000000001,0 113.995417000000003,22.205988000000001,0 113.993606999999997,22.206115,0 113.991710999999995,22.206593000000002,0 113.985844,22.211193000000002,0 113.981573999999995,22.216262,0 113.979016999999999,22.220825000000001,0 113.978701000000001,22.223112,0 113.978931000000003,22.224606999999999,0 113.979982000000007,22.227029999999999,0 113.981215000000006,22.229230999999999,0 113.981088,22.230157999999999,0 113.980340999999996,22.230591,0 113.978531000000004,22.230853,0 113.975663999999995,22.230803999999999,0 113.973682999999994,22.230093,0 113.969802000000001,22.228193999999998,0 113.966188000000002,22.226776000000001,0 113.962002999999996,22.226192000000001,0 113.957897000000003,22.226184,0 113.955569999999994,22.225959,0 113.954245999999998,22.225297999999999,0 113.952034999999995,22.2225,0 113.949793999999997,22.219943000000001,0 113.947771000000003,22.218402999999999,0 113.945171999999999,22.217120000000001,0 113.937584999999999,22.215395999999998,0 113.937056999999996,22.214559000000001,0 113.937760999999995,22.213415000000001,0 113.938162000000005,22.211528000000001,0 113.937760999999995,22.208047000000001,0 113.936740999999998,22.205894000000001,0 113.935562000000004,22.204967,0 113.932779999999994,22.204218999999998,0 113.929658000000003,22.204170000000001,0 113.924119000000005,22.203790000000001,0 113.920158000000001,22.202953000000001,0 113.917522000000005,22.202777000000001,0 113.913822999999994,22.202818000000001,0 113.910166000000004,22.203168999999999,0 113.909249000000003,22.203610999999999,0 113.904681999999994,22.207169,0 113.900023000000004,22.211724,0 113.899536999999995,22.215199999999999,0 113.899178000000006,22.215813000000001,0 113.898394999999994,22.216253999999999,0 113.896985999999998,22.216343999999999,0 113.894969000000003,22.216163999999999,0 113.892819000000003,22.215727000000001,0 113.891671000000002,22.215204,0 113.890268000000006,22.214146,0 113.888810000000007,22.209354000000001,0 113.887364000000005,22.206890999999999,0 113.886313000000001,22.205991999999998,0 113.882711,22.204059999999998,0 113.876698000000005,22.199888999999999,0 113.872433999999998,22.198177000000001,0 113.870902999999998,22.198136000000002,0 113.869360999999998,22.198492000000002,0 113.868401000000006,22.198933,0 113.866681999999997,22.199154,0 113.864537999999996,22.198720000000002,0 113.862649000000005,22.197887000000001,0 113.861045000000004,22.19678,0 113.860189000000005,22.195443999999998,0 113.859234999999998,22.194234999999999,0 113.857382000000001,22.192772000000001,0 113.855894000000006,22.19229,0 113.853823000000006,22.192118000000001,0 113.852547000000001,22.191461,0 113.850487999999999,22.191068000000001,0 113.849395000000001,22.191203000000002,0 113.848866999999998,22.191905999999999,0 113.848823999999993,22.192829,0 113.850809999999996,22.199573999999998,0 113.850785999999999,22.200272999999999,0 113.849772000000002,22.201339000000001,0 113.847596999999993,22.202839000000001,0 113.846716000000001,22.203982,0 113.846041999999997,22.205874000000001,0 113.845877999999999,22.208010000000002,0 113.846065999999993,22.209322,0 113.847233000000003,22.211825999999999,0 113.847201999999996,22.212381000000001,0 113.844802999999999,22.215139000000001,0 113.844165000000004,22.216539999999998,0 113.843479000000002,22.219742,0 113.842974999999996,22.224256,0 113.842950000000002,22.226633,0 113.843453999999994,22.229234999999999,0 113.845294999999993,22.231636999999999,0 113.847821999999994,22.233687,0 113.848969999999994,22.234169000000001,0 113.850117999999995,22.234247,0 113.851685000000003,22.234137,0 113.852517000000006,22.234749000000001,0 113.852644999999995,22.236820000000002,0 113.852468000000002,22.239279,0 113.852754000000004,22.240480000000002,0 113.853070000000002,22.240908000000001,0 113.854752000000005,22.241834999999998,0 113.857765000000001,22.242578999999999,0 113.861390999999998,22.243587999999999,0 113.862667000000002,22.244119000000001,0 113.863547999999994,22.245213,0 113.864166999999995,22.247589999999999,0 113.864428000000004,22.24933,0 113.864028000000005,22.250163000000001,0 113.862235999999996,22.250309999999999,0 113.859891000000005,22.249334000000001,0 113.858366000000004,22.248916999999999,0 113.857096999999996,22.248982999999999,0 113.856824000000003,22.249182999999999,0 113.856088999999997,22.250931000000001,0 113.855609000000001,22.252748,0 113.855632999999997,22.253682999999999,0 113.855930999999998,22.254377000000002,0 113.856459000000001,22.254826999999999,0 113.858609000000001,22.255839000000002,0 113.860461999999998,22.257158,0 113.862126000000004,22.258158999999999,0 113.863724000000005,22.258717999999998,0 113.864787000000007,22.258861,0 113.867058,22.258620000000001,0 113.868322000000006,22.256999,0 113.868849999999995,22.257010999999999,0 113.869482000000005,22.257489,0 113.870484000000005,22.259266,0 113.871547000000007,22.260842,0 113.872524999999996,22.263556999999999,0 113.873540000000006,22.265799000000001,0 113.874171000000004,22.266628000000001,0 113.874814999999998,22.267053000000001,0 113.876120999999998,22.267453,0 113.878174000000001,22.267424999999999,0 113.880281999999994,22.267661,0 113.881752000000006,22.268462,0 113.882947999999999,22.268861999999999,0 113.884180999999998,22.268939,0 113.884922000000003,22.269209,0 113.886660000000006,22.270405,0 113.888930999999999,22.270806,0 113.889381,22.271369,0 113.889927999999998,22.274068,0 113.890497999999994,22.275055999999999,0 113.897058999999999,22.281953000000001,0 113.897800000000004,22.283618000000001,0 113.897715000000005,22.287313000000001,0 113.895861999999994,22.290216000000001,0 113.895077999999998,22.292241000000001,0 113.895425000000003,22.294177000000001,0 113.898504000000003,22.300198000000002,0 113.899080999999995,22.301219,0 113.89967,22.303076000000001,0 113.897392999999994,22.304794999999999,0 113.896949000000006,22.305412,0 113.896778999999995,22.306424,0 113.897253000000006,22.308008000000001,0 113.898097000000007,22.308841000000001,0 113.938253000000003,22.321866,0 113.939164000000005,22.321788999999999,0 113.939886999999999,22.321363999999999,0 113.941599999999994,22.318915000000001,0 113.949787999999998,22.321307000000001,0 113.965417000000002,22.322932000000002,0 113.969522999999995,22.321238000000001,0 113.970191,22.318024999999999,0 113.968496000000002,22.310706,0 113.963320999999993,22.305754,0 113.952478999999997,22.30593,0 113.949860999999999,22.304468,0 113.949776,22.302195000000001,0 113.952314999999999,22.298794000000001,0 113.955285000000003,22.298446999999999,0 113.986007999999998,22.315522999999999,0 114.015753000000004,22.332062000000001,0 114.018801999999994,22.334789000000001,0 114.022707999999994,22.337862000000001,0 114.025647000000006,22.343045,0 114.026315999999994,22.345147000000001,0 114.026163999999994,22.347387999999999,0 114.025951000000006,22.347819999999999,0 114.024942999999993,22.349872999999999,0 114.023223999999999,22.351718000000002,0 114.020916,22.353628,0 114.018759000000003,22.354827,0 114.016244999999998,22.35566,0 114.002268000000001,22.357533,0 113.999838999999994,22.358096,0 113.988090999999997,22.363171999999999,0 113.985175999999996,22.364498999999999,0 113.979928000000001,22.366085999999999,0 113.974224000000007,22.366379999999999,0 113.970202999999998,22.366195999999999,0 113.967742999999999,22.365482,0 113.960430000000002,22.362649999999999,0 113.958704999999995,22.361373,0 113.956402999999995,22.359390000000001,0 113.959256999999994,22.353259999999999,0 113.957065,22.352587,0 113.951908000000003,22.355067999999999,0 113.947625000000002,22.354799,0 113.943532000000005,22.354982,0 113.941393000000005,22.355271999999999,0 113.930769999999995,22.361018000000001,0 113.923815000000005,22.365233,0 113.920036999999994,22.367868999999999,0 113.918274999999994,22.371452000000001,0 113.918189999999996,22.3733,0 113.919507999999993,22.375585000000001,0 113.920602000000002,22.377699,0 113.920833000000002,22.38091,0 113.919945999999996,22.386430000000001,0 113.918895000000006,22.388188,0 113.917966000000007,22.390256999999998,0 113.916690000000003,22.395312000000001,0 113.915638999999999,22.397469999999998,0 113.914236000000002,22.398962999999998,0 113.912115999999997,22.400020000000001,0 113.905392000000006,22.402018999999999,0 113.905221999999995,22.402723999999999,0 113.906012000000004,22.404396999999999,0 113.910009000000002,22.408750000000001,0 113.918323999999998,22.418229,0 113.921361000000005,22.419640999999999,0 113.930029000000005,22.421892,0 113.931043000000003,22.422198000000002,0 113.938879,22.424564,0 113.940634000000003,22.425315000000001,0 113.942220000000006,22.426196000000001,0 113.944751999999994,22.428981,0 113.948663999999994,22.434895000000001,0 113.953334999999996,22.443218999999999,0 113.957739000000004,22.447979,0 113.961359000000002,22.450275000000001,0 113.963643000000005,22.451425,0 113.969116,22.453548999999999,0 113.975371999999993,22.455323,0 113.977667999999994,22.456828000000002,0 113.981634,22.464179999999999,0 113.985958999999994,22.471143999999999,0 113.990891000000005,22.475736000000001,0 113.996539999999996,22.479797000000001,0 113.998654000000002,22.482222,0 113.999189000000001,22.487241000000001,0 113.999802000000003,22.490238000000002,0 114.000956000000002,22.490943000000001,0 114.004302999999993,22.490776,0 114.014319,22.488554000000001,0 114.016202000000007,22.487290000000002,0 114.019105999999994,22.483923000000001,0 114.020576000000005,22.48113,0 114.021213000000003,22.480559,0 114.022884000000005,22.480322999999999,0 114.024985000000001,22.480526000000001,0 114.026103000000006,22.481362000000001,0 114.027056999999999,22.483352,0 114.027184000000005,22.484265000000001,0 114.027038000000005,22.484978999999999,0 114.026206000000002,22.486622000000001,0 114.026206000000002,22.487735000000001,0 114.026460999999998,22.488073,0 114.029049000000001,22.488990000000001,0 114.030124000000001,22.489594,0 114.032584,22.492138000000001,0 114.032966999999999,22.493417999999998,0 114.032724000000002,22.494347000000001,0 114.032025000000004,22.495591000000001,0 114.030124000000001,22.497845000000002,0 114.029055,22.499369999999999,0 114.028496000000004,22.500755999999999,0 114.028423000000004,22.501449000000001,0 114.028756999999999,22.502618999999999,0 114.029163999999994,22.503059,0 114.030603999999997,22.503781,0 114.031873000000004,22.504138999999999,0 114.036969999999997,22.503364999999999,0 114.042107999999999,22.502794000000002,0 114.046014,22.502182999999999,0 114.048430999999994,22.50151,0 114.050588000000005,22.501196,0 114.051584000000005,22.500889999999998,0 114.053794999999994,22.499887999999999,0 114.054711999999995,22.499610000000001,0 114.055950999999993,22.499500000000001,0 114.057074999999998,22.499623,0 114.058301999999998,22.500005999999999,0 114.059978000000001,22.500727000000001,0 114.061357000000001,22.501619999999999,0 114.062323000000006,22.502827,0 114.062633000000005,22.506364999999999,0 114.062978999999999,22.507823999999999,0 114.064089999999993,22.509951999999998,0 114.064600999999996,22.510546999999999,0 114.066793000000004,22.512267999999999,0 114.069125999999997,22.513780000000001,0 114.070948000000001,22.514309999999998,0 114.073431999999997,22.514655999999999,0 114.075181999999998,22.514999,0 114.077004000000002,22.515484000000001,0 114.078327999999999,22.515035000000001,0 114.079203000000007,22.514395,0 114.080296000000004,22.512996999999999,0 114.081577999999993,22.512426999999999,0 114.083036000000007,22.512699999999999,0 114.084293000000002,22.513389,0 114.086394999999996,22.514859999999999,0 114.087639999999993,22.515899000000001,0 114.089388999999997,22.517973999999999,0 114.090299999999999,22.519428999999999,0 114.090343000000004,22.520990000000001,0 114.089376999999999,22.522124000000002,0 114.088173999999995,22.522931,0 114.085950999999994,22.523876000000001,0 114.084287000000003,22.525054000000001,0 114.083484999999996,22.526114,0 114.083569999999995,22.526896000000001,0 114.084019999999995,22.527553000000001,0 114.085684000000001,22.528417000000001,0 114.088258999999994,22.52871,0 114.090355000000002,22.529316999999999,0 114.091247999999993,22.530066999999999,0 114.0929,22.532544999999999,0 114.094109000000003,22.533571999999999,0 114.095870000000005,22.534278,0 114.097249000000005,22.534403999999999,0 114.098409000000004,22.533812999999999,0 114.100151999999994,22.532191000000001,0 114.101293999999996,22.531437,0 114.101950000000002,22.531241000000001,0 114.103917999999993,22.531334999999999,0 114.107909000000006,22.532325,0 114.109585999999993,22.532264000000001,0 114.110922000000002,22.531718000000001,0 114.112210000000005,22.531685,0 114.113054000000005,22.532565999999999,0 114.113370000000003,22.533581000000002,0 114.113771,22.533840999999999,0 114.114626999999999,22.533483,0 114.114840000000001,22.532802,0 114.114591000000004,22.528607999999998,0 114.115033999999994,22.527719999999999,0 114.115634999999997,22.52732,0 114.117275000000006,22.526937,0 114.118751000000003,22.527479,0 114.120227,22.528233,0 114.120694999999998,22.528637,0 114.121211000000002,22.529679999999999,0 114.121503000000004,22.531065999999999,0 114.122073999999998,22.531493999999999,0 114.125062,22.532211,0 114.127565000000004,22.53537,0 114.128737000000001,22.53612,0 114.130481000000003,22.537004,0 114.131057999999996,22.537109999999998,0 114.132660999999999,22.536894,0 114.133377999999993,22.537102000000001,0 114.134221999999994,22.537745999999999,0 114.135103000000001,22.538845999999999,0 114.135892999999996,22.539159999999999,0 114.136761000000007,22.539155999999998,0 114.138352999999995,22.538765000000001,0 114.139403000000001,22.538810000000002,0 114.140242000000001,22.539242000000002,0 114.142058000000006,22.540595,0 114.143023999999997,22.540778,0 114.143885999999995,22.540627000000001,0 114.144913000000003,22.540171000000001,0 114.146400999999997,22.540036000000001,0 114.146934999999999,22.539437,0 114.149163999999999,22.539303,0 114.149735000000007,22.538508,0 114.150495000000006,22.538519999999998,0 114.153137000000001,22.539114999999999,0 114.153543999999997,22.539546999999999,0 114.153222,22.540692,0 114.153476999999995,22.541304,0 114.155298999999999,22.543329,0 114.156508000000002,22.543696000000001,0 114.156721000000005,22.544983999999999,0 114.156417000000005,22.545297000000001,0 114.155828,22.544967,0 114.155828,22.544212999999999,0 114.154831999999999,22.54447,0 114.154606999999999,22.545929000000001,0 114.155074999999997,22.548007999999999,0 114.156021999999993,22.548145999999999,0 114.156581000000003,22.548597999999998,0 114.156780999999995,22.549821000000001,0 114.156879000000004,22.551621999999998,0 114.157674,22.552074000000001,0 114.159927999999994,22.552029999999998,0 114.161075999999994,22.552624999999999,0 114.162235999999993,22.554051000000001,0 114.163420000000002,22.556177999999999,0 114.164434999999997,22.557572,0 114.165588999999997,22.558892,0 114.166675999999995,22.559092,0 114.167411000000001,22.558268000000002,0 114.168188999999998,22.556573,0 114.169524999999993,22.556341,0 114.170581999999996,22.556719999999999,0 114.171577999999997,22.557873000000001,0 114.172319000000002,22.558464000000001,0 114.173964999999995,22.558378000000001,0 114.174785,22.557437,0 114.175507999999994,22.556899000000001,0 114.178235000000001,22.556842,0 114.179742000000005,22.557245999999999,0 114.180943999999997,22.557265999999998,0 114.182322999999997,22.556777,0 114.182571999999993,22.555330000000001,0 114.182711999999995,22.552800000000001,0 114.184492000000006,22.552140000000001,0 114.185918999999998,22.551317000000001,0 114.186204000000004,22.552012999999999,0 114.186800000000005,22.552674,0 114.189138,22.552416999999998,0 114.191148999999996,22.551984999999998,0 114.191714000000005,22.551973,0 114.192466999999994,22.552624999999999,0 114.193111000000002,22.552616,0 114.194136999999998,22.551642999999999,0 114.195509999999999,22.551814,0 114.196821999999997,22.552885,0 114.197228999999993,22.553007999999998,0 114.199385000000007,22.552820000000001,0 114.200520999999995,22.553138000000001,0 114.201352999999997,22.554255000000001,0 114.202518999999995,22.553982000000001,0 114.203558000000001,22.554010000000002,0 114.205215999999993,22.554649999999999,0 114.206158000000002,22.554589,0 114.206807999999995,22.553581999999999,0 114.207294000000005,22.553521,0 114.210835000000003,22.553830999999999,0 114.212620999999999,22.553623000000002,0 114.214510000000004,22.553978000000001,0 114.215323999999995,22.553948999999999,0 114.215913,22.553660000000001,0 114.217504000000005,22.551947999999999,0 114.218598,22.551724,0 114.220710999999994,22.551936000000001,0 114.221641000000005,22.55227,0 114.221925999999996,22.552880999999999,0 114.222703999999993,22.553056999999999,0 114.223286999999999,22.552762999999999,0 114.224677999999997,22.551023000000001,0 114.225758999999996,22.550280999999998,0 114.226305999999994,22.548960999999998,0 114.227823999999998,22.548345999999999,0 114.228151999999994,22.548016000000001,0 114.228997000000007,22.547986999999999,0 114.229536999999993,22.547098999999999,0 114.230763999999994,22.545940999999999,0 114.230964999999998,22.543745000000001,0 114.230508999999998,22.543043999999998,0 114.231268,22.540831000000001,0 114.232562000000001,22.540044000000002,0 114.231566000000001,22.539584000000001,0 114.225316000000007,22.539228999999999,0 114.223827,22.538495999999999,0 114.222314999999995,22.536572,0 114.221063999999998,22.535316999999999,0 114.220012999999994,22.533348,0 114.218457999999998,22.531355000000001,0 114.217856999999995,22.530816999999999,0 114.215682000000001,22.529713000000001,0 114.214557999999997,22.526395000000001,0 114.214320999999998,22.525372000000001,0 114.214382000000001,22.524284000000002,0 114.215165999999996,22.52384,0 114.217157999999998,22.523745999999999,0 114.218402999999995,22.523834999999998,0 114.219010999999995,22.524076000000001,0 114.220359000000002,22.525299,0 114.221840999999998,22.525697999999998,0 114.223117000000002,22.525587999999999,0 114.224714000000006,22.526765999999999,0 114.224987999999996,22.528065999999999,0 114.226038000000003,22.528853000000002,0 114.226772999999994,22.528853000000002,0 114.227891,22.528175999999998,0 114.228723000000002,22.526823,0 114.229275999999999,22.526693000000002,0 114.230922000000007,22.527891,0 114.232149000000007,22.527971999999998,0 114.232696000000004,22.529064999999999,0 114.232781000000003,22.531151999999999,0 114.233211999999995,22.532019999999999,0 114.233996000000005,22.532354000000002,0 114.236765000000005,22.531979,0 114.237487999999999,22.532342,0 114.241892000000007,22.539926000000001,0 114.242644999999996,22.540932999999999,0 114.243573999999995,22.542840000000002,0 114.245481999999996,22.545891999999998,0 114.246520000000004,22.546989,0 114.247583000000006,22.54758,0 114.248579000000007,22.547812,0 114.249661000000003,22.547820000000002,0 114.251683,22.54749,0 114.252229999999997,22.547087000000001,0 114.252454999999998,22.545936999999999,0 114.252801000000005,22.545566000000001,0 114.253955000000005,22.545216,0 114.254482999999993,22.545428000000001,0 114.255005999999995,22.546258999999999,0 114.255595,22.546426,0 114.256621999999993,22.545998000000001,0 114.257703000000006,22.546039,0 114.258802000000003,22.545680999999998,0 114.259173000000004,22.545807,0 114.259153999999995,22.546817999999998,0 114.259463999999994,22.547156000000001,0 114.260339000000002,22.547331,0 114.261949000000001,22.547343000000001,0 114.263600999999994,22.546447000000001,0 114.264608999999993,22.546785,0 114.265253000000001,22.546785,0 114.265696000000005,22.546174000000001,0 114.265276999999998,22.544910000000002,0 114.262676999999996,22.542946000000001,0 114.262556000000004,22.542020999999998,0 114.263733999999999,22.541516000000001,0 114.263897999999998,22.540012000000001,0 114.264517999999995,22.538527999999999,0 114.265229000000005,22.538405999999998,0 114.266570999999999,22.538606000000001,0 114.267458000000005,22.538288000000001,0 114.268150000000006,22.537554,0 114.268618000000004,22.536636999999999,0 114.268878999999998,22.535170000000001,0 114.269316000000003,22.534742000000001,0 114.271350999999996,22.534929999999999,0 114.272171,22.534624000000001,0 114.273283000000006,22.532888,0 114.273313000000002,22.531383999999999,0 114.272360000000006,22.530463000000001,0 114.270190999999997,22.529326000000001,0 114.269121999999996,22.528188,0 114.268283999999994,22.525016999999998,0 114.268642,22.524121000000001,0 114.269985000000005,22.524162,0 114.270756000000006,22.524598000000001,0 114.272603000000004,22.524809999999999,0 114.276562999999996,22.523522,0 114.277491999999995,22.523644000000001,0 114.278841,22.524716000000002,0 114.278914,22.525404999999999,0 114.278165999999999,22.526322,0 114.278002000000001,22.527405999999999,0 114.279028999999994,22.527719999999999,0 114.279497000000006,22.527491999999999,0 114.280462,22.526546,0 114.281598000000002,22.526492999999999,0 114.284622999999996,22.527125000000002,0 114.285753,22.527076000000001,0 114.286652000000004,22.526236000000001,0 114.286681999999999,22.525727,0 114.285473999999994,22.524557000000001,0 114.283803000000006,22.521902999999998,0 114.283638999999994,22.521052000000001,0 114.284829999999999,22.520444000000001,0 114.285255000000006,22.521231,0 114.287015999999994,22.522542999999999,0 114.287599999999998,22.522596,0 114.287897000000001,22.522046,0 114.288370999999998,22.522099000000001,0 114.289147999999997,22.522731,0 114.290976999999998,22.522825000000001,0 114.291700000000006,22.522030000000001,0 114.291043999999999,22.521692000000002,0 114.290813,22.521063999999999,0 114.288467999999995,22.518626000000001,0 114.287228999999996,22.517745999999999,0 114.286968000000002,22.517130000000002,0 114.286895000000001,22.515246999999999,0 114.285723000000004,22.515267999999999,0 114.285358000000002,22.514872,0 114.284640999999993,22.512091999999999,0 114.283158999999998,22.510026,0 114.283208000000002,22.508749999999999,0 114.284076999999996,22.508455999999999,0 114.284672,22.50864,0 114.287149999999997,22.508728999999999,0 114.288443999999998,22.508558000000001,0 114.289270000000002,22.508973999999998,0 114.290795000000003,22.508289000000001,0 114.290716000000003,22.507567999999999,0 114.290017000000006,22.507045999999999,0 114.290041000000002,22.506712,0 114.291238000000007,22.506727999999999,0 114.292507000000001,22.506972000000001,0 114.293126999999998,22.505794000000002,0 114.293643000000003,22.505582,0 114.296285999999995,22.506405999999998,0 114.297196999999997,22.506274999999999,0 114.298137999999994,22.505876000000001,0 114.298666999999995,22.505337999999998,0 114.298843000000005,22.503679000000002,0 114.299753999999993,22.503031,0 114.301455000000004,22.502488,0 114.302195999999995,22.501942,0 114.303203999999994,22.500820999999998,0 114.305195999999995,22.500128,0 114.306599000000006,22.499105,0 114.308592000000004,22.497356,0 114.309296000000003,22.497450000000001,0 114.311458999999999,22.498871999999999,0 114.313439000000002,22.499998000000001,0 114.314476999999997,22.500409000000001,0 114.319640000000007,22.502154000000001,0 114.322022000000004,22.502614999999999,0 114.324584999999999,22.503229999999999,0 114.327433999999997,22.504359000000001,0 114.332274999999996,22.507266000000001,0 114.335584999999995,22.509121,0 114.336872999999997,22.509573,0 114.339229000000003,22.509418,0 114.340438000000006,22.5091,0 114.341877999999994,22.508141999999999,0 114.341981000000004,22.507840999999999,0 114.342332999999996,22.506805,0 114.342496999999995,22.505472000000001,0 114.342279000000005,22.504857000000001,0 114.340991000000002,22.503304,0 114.334625000000003,22.498656,0 114.333022,22.497555999999999,0 114.330828999999994,22.496352999999999,0 114.327160000000006,22.491696999999998,0 114.325446999999997,22.489764999999998,0 114.324184000000002,22.488696999999998,0 114.323144999999997,22.488081000000001,0 114.321456999999995,22.486315999999999,0 114.318297999999999,22.48433,0 114.317015999999995,22.483764000000001,0 114.315788999999995,22.484033,0 114.315224999999998,22.483575999999999,0 114.315169999999995,22.48188,0 114.313778999999997,22.480036999999999,0 114.311823000000004,22.478667000000002,0 114.308750000000003,22.476951,0 114.303798999999998,22.475290999999999,0 114.301873999999998,22.474765000000001,0 114.300111999999999,22.473693000000001,0 114.296340000000001,22.471658000000001,0 114.295805999999999,22.47099,0 114.295028000000002,22.470561,0 114.293156999999994,22.470317000000001,0 114.288449999999997,22.467972,0 114.285565000000005,22.466740999999999,0 114.284332000000006,22.466418999999998,0 114.282004999999998,22.466203,0 114.281282000000004,22.465668000000001,0 114.280698999999998,22.464359000000002,0 114.279661000000004,22.463502999999999,0 114.276763000000003,22.462031,0 114.272226000000003,22.460142999999999,0 114.270064000000005,22.458887000000001,0 114.268587999999994,22.457467999999999,0 114.266722999999999,22.454397,0 114.265708000000004,22.452579,0 114.262611000000007,22.449760999999999,0 114.260260000000002,22.448875999999998,0 114.259015000000005,22.448549,0 114.255242999999993,22.446653000000001,0 114.253164999999996,22.445499000000002,0 114.251087999999996,22.445128,0 114.24915,22.445405000000001,0 114.247722999999993,22.446376000000001,0 114.246891000000005,22.447762000000001,0 114.246568999999994,22.449376999999998,0 114.246429000000006,22.453116999999999,0 114.246015999999997,22.454042999999999,0 114.236996000000005,22.463560000000001,0 114.235191999999998,22.464392,0 114.234481000000002,22.465109999999999,0 114.234371999999993,22.466227,0 114.234093000000001,22.466574000000001,0 114.232197999999997,22.466577999999998,0 114.231299000000007,22.466231000000001,0 114.230029000000002,22.465285000000002,0 114.229239000000007,22.464970999999998,0 114.225425000000001,22.464502,0 114.222150999999997,22.464359000000002,0 114.221318999999994,22.464566999999999,0 114.219684999999998,22.465720999999998,0 114.218573000000006,22.465561999999998,0 114.216847999999999,22.464570999999999,0 114.215919,22.463906999999999,0 114.215585000000004,22.463234,0 114.215481999999994,22.460958999999999,0 114.214571000000007,22.458964999999999,0 114.214510000000004,22.458051000000001,0 114.214820000000003,22.456975,0 114.215275000000005,22.456636,0 114.217862999999994,22.455836999999999,0 114.219333000000006,22.455718999999998,0 114.219952000000006,22.455327,0 114.220402000000007,22.454446000000001,0 114.220856999999995,22.454184999999999,0 114.221008999999995,22.454820999999999,0 114.221732000000003,22.45496,0 114.223111000000003,22.454279,0 114.224204,22.454184999999999,0 114.225078999999994,22.453769000000001,0 114.225340000000003,22.453116999999999,0 114.224811000000003,22.452757999999999,0 114.2226,22.452974000000001,0 114.222260000000006,22.452738,0 114.221872000000005,22.451094000000001,0 114.221890000000002,22.450237999999999,0 114.224107000000004,22.449206,0 114.225849999999994,22.448634999999999,0 114.227733000000001,22.448385999999999,0 114.228516999999997,22.448492000000002,0 114.229179000000002,22.448872000000001,0 114.230564000000001,22.450132,0 114.231177000000002,22.451159000000001,0 114.232282999999995,22.453614000000002,0 114.233382000000006,22.455110999999999,0 114.234014000000002,22.455632999999999,0 114.235732999999996,22.456399999999999,0 114.237446000000006,22.456448999999999,0 114.238653999999997,22.455845,0 114.239547000000002,22.455144000000001,0 114.239814999999993,22.45421,0 114.238861,22.451685999999999,0 114.237992000000006,22.450420999999999,0 114.235969999999995,22.448381999999999,0 114.234675999999993,22.447469000000002,0 114.232282999999995,22.446269999999998,0 114.230649,22.445592999999999,0 114.22927,22.445360000000001,0 114.227198999999999,22.445588999999998,0 114.226214999999996,22.445544000000002,0 114.222807000000003,22.444825999999999,0 114.221361000000002,22.444006000000002,0 114.219994999999997,22.443867999999998,0 114.218743000000003,22.44408,0 114.218658000000005,22.444679000000001,0 114.216296,22.444700000000001,0 114.213672000000003,22.444908000000002,0 114.212492999999995,22.445214,0 114.212007,22.445837999999998,0 114.212311,22.447970000000002,0 114.212863999999996,22.449446999999999,0 114.212863999999996,22.450327999999999,0 114.212255999999996,22.451111000000001,0 114.210744000000005,22.451668999999999,0 114.208896999999993,22.451763,0 114.207104999999999,22.451118999999998,0 114.205440999999993,22.449504000000001,0 114.204566,22.447476999999999,0 114.203181999999998,22.442073000000001,0 114.203230000000005,22.440412999999999,0 114.204104999999998,22.438195,0 114.205301000000006,22.437175,0 114.212723999999994,22.432798999999999,0 114.214419000000007,22.431608000000001,0 114.217929999999996,22.429144000000001,0 114.220000999999996,22.427619,0 114.221937999999994,22.426877000000001,0 114.224332000000004,22.426644,0 114.227332000000004,22.426734,0 114.229220999999995,22.427195000000001,0 114.232173000000003,22.427513000000001,0 114.234245000000001,22.427419,0 114.235769000000005,22.427464000000001,0 114.238162000000003,22.428227,0 114.239643999999998,22.429103999999999,0 114.240665000000007,22.430530999999998,0 114.240938,22.431501999999998,0 114.240707,22.433810000000001,0 114.241721999999996,22.434920000000002,0 114.242869999999996,22.435426,0 114.245360000000005,22.435842000000001,0 114.247583000000006,22.435793,0 114.251641000000006,22.435381,0 114.253348000000003,22.434777,0 114.254866000000007,22.434549000000001,0 114.255709999999993,22.434683,0 114.258401000000006,22.435123999999998,0 114.265817999999996,22.436057999999999,0 114.270386000000002,22.436779999999999,0 114.271958999999995,22.436592000000001,0 114.273185999999995,22.436302000000001,0 114.274709999999999,22.435739999999999,0 114.276047000000005,22.435393000000001,0 114.277625999999998,22.435262000000002,0 114.279065000000003,22.435849999999999,0 114.280237999999997,22.437428000000001,0 114.280456000000001,22.439271000000002,0 114.280322999999996,22.440608999999998,0 114.280535,22.441984000000001,0 114.281125000000003,22.443187000000002,0 114.282194000000004,22.444924,0 114.283985000000001,22.446580000000001,0 114.287702999999993,22.449670999999999,0 114.289167000000006,22.450609,0 114.290453999999997,22.451947000000001,0 114.29128,22.452321999999999,0 114.293479000000005,22.452057,0 114.294651999999999,22.452591000000002,0 114.295162000000005,22.454304,0 114.295884999999998,22.456118,0 114.296474000000003,22.456522,0 114.299437999999995,22.456859999999999,0 114.302650999999997,22.456492999999998,0 114.303586999999993,22.456704999999999,0 114.304224000000005,22.457456000000001,0 114.304467000000002,22.458606,0 114.305408999999997,22.460877,0 114.307845,22.464796,0 114.309065000000004,22.467148999999999,0 114.310030999999995,22.468539,0 114.311476999999996,22.469664000000002,0 114.314581000000004,22.471405000000001,0 114.315273000000005,22.472049999999999,0 114.317824000000002,22.475152999999999,0 114.321724000000003,22.477456,0 114.324298999999996,22.478529000000002,0 114.325738999999999,22.478829999999999,0 114.327748999999997,22.478451,0 114.328896999999998,22.477342,0 114.329419999999999,22.476289999999999,0 114.329607999999993,22.475408999999999,0 114.329376999999994,22.472857000000001,0 114.329717000000002,22.471287,0 114.330451999999994,22.470500000000001,0 114.331400000000002,22.470358000000001,0 114.332068000000007,22.470597999999999,0 114.333337999999998,22.471577,0 114.334625000000003,22.472045999999999,0 114.335324,22.471903000000001,0 114.336100999999999,22.471323999999999,0 114.336781999999999,22.470223000000001,0 114.337280000000007,22.468861,0 114.337564999999998,22.467621999999999,0 114.337503999999996,22.466932,0 114.336574999999996,22.464506,0 114.336684000000005,22.462931999999999,0 114.337614000000002,22.462503999999999,0 114.338633999999999,22.462561000000001,0 114.339417999999995,22.462911999999999,0 114.340001000000001,22.463552,0 114.340292000000005,22.464731,0 114.341634999999997,22.465610999999999,0 114.342029999999994,22.466145000000001,0 114.342168999999998,22.467404999999999,0 114.342084,22.469488999999999,0 114.341368000000003,22.472254,0 114.341823000000005,22.473212,0 114.342843999999999,22.473697000000001,0 114.343237999999999,22.474125000000001,0 114.343960999999993,22.476400000000002,0 114.344362000000004,22.476877000000002,0 114.346130000000002,22.477578999999999,0 114.346962000000005,22.477497,0 114.347891000000004,22.476963000000001,0 114.350491000000005,22.472228999999999,0 114.351079999999996,22.46734,0 114.351937000000007,22.465337999999999,0 114.353515999999999,22.461317000000001,0 114.353813000000002,22.459931000000001,0 114.353492000000003,22.458915999999999,0 114.352251999999993,22.457284999999999,0 114.350545999999994,22.456612,0 114.348376999999999,22.456261000000001,0 114.347114000000005,22.455939000000001,0 114.346098999999995,22.454972000000001,0 114.345832000000001,22.454014000000001,0 114.345273000000006,22.449683,0 114.345406999999994,22.447958,0 114.346098999999995,22.446249000000002,0 114.347223,22.444838000000001,0 114.347436000000002,22.444329,0 114.347654000000006,22.442167000000001,0 114.347594000000001,22.440829000000001,0 114.347035000000005,22.438770000000002,0 114.347246999999996,22.437705000000001,0 114.348321999999996,22.437546000000001,0 114.350734000000003,22.438002999999998,0 114.351827,22.438006999999999,0 114.352872000000005,22.437636000000001,0 114.354816,22.435445999999999,0 114.355654000000001,22.435205,0 114.356297999999995,22.435314999999999,0 114.357287999999997,22.436489999999999,0 114.357926000000006,22.437697,0 114.358563000000004,22.441143,0 114.358137999999997,22.441649000000002,0 114.357147999999995,22.441755000000001,0 114.356942000000004,22.442288999999999,0 114.357014000000007,22.444372999999999,0 114.356182000000004,22.446550999999999,0 114.356267000000003,22.447990999999998,0 114.356802000000002,22.448716999999998,0 114.358459999999994,22.449439000000002,0 114.360252000000003,22.449202,0 114.361138999999994,22.449659,0 114.361643000000001,22.450645999999999,0 114.362633000000002,22.451101999999999,0 114.363945000000001,22.451236999999999,0 114.364108999999999,22.452493,0 114.363440999999995,22.454283,0 114.363465000000005,22.455217000000001,0 114.364079000000004,22.457581999999999,0 114.363787000000002,22.458973,0 114.363921000000005,22.459534999999999,0 114.364771000000005,22.459824999999999,0 114.365761000000006,22.459617000000001,0 114.368888999999996,22.458390000000001,0 114.371330999999998,22.457248,0 114.374270999999993,22.455392,0 114.375449000000003,22.453765000000001,0 114.376057000000003,22.452190999999999,0 114.376329999999996,22.449867000000001,0 114.376171999999997,22.447831999999998,0 114.375735000000006,22.446604000000001,0 114.374021999999997,22.444545000000002,0 114.373354000000006,22.443422999999999,0 114.373329999999996,22.442571000000001,0 114.373901000000004,22.441085999999999,0 114.375285000000005,22.437428000000001,0 114.375735000000006,22.436734999999999,0 114.376379,22.436358999999999,0 114.377471999999997,22.436281999999999,0 114.381626999999995,22.436603999999999,0 114.382744000000002,22.436315,0 114.384482000000006,22.435355999999999,0 114.385180000000005,22.435196999999999,0 114.387039000000001,22.435314999999999,0 114.391479000000004,22.437080999999999,0 114.392809,22.437391000000002,0 114.394582999999997,22.437391000000002,0 114.395450999999994,22.437892999999999,0 114.396004000000005,22.438737,0 114.397358999999994,22.438811000000001,0 114.397760000000005,22.438105,0 114.397687000000005,22.436425,0 114.397942,22.436216999999999,0 114.399157000000002,22.436648999999999,0 114.400086000000002,22.436588,0 114.400845000000004,22.435907,0 114.401707999999999,22.434287999999999,0 114.402358000000007,22.433952999999999,0 114.404927000000001,22.434214000000001,0 114.405783999999997,22.433973999999999,0 114.406142000000003,22.433136999999999,0 114.405861999999999,22.431958999999999,0 114.404786999999999,22.430893999999999,0 114.404197999999994,22.429266999999999,0 114.404197999999994,22.428439000000001,0 114.404629,22.425999999999998,0 114.405497999999994,22.424385000000001,0 114.405735000000007,22.423629999999999,0 114.405437000000006,22.421945000000001,0 114.405412999999996,22.420746000000001,0 114.406019999999998,22.419567000000001,0 114.408371000000002,22.417670999999999,0 114.410054000000002,22.414933999999999,0 114.411578000000006,22.411997,0 114.411923999999999,22.410630000000001,0 114.411760000000001,22.409670999999999,0 114.411310999999998,22.408978000000001,0 114.410320999999996,22.408227,0 114.409227999999999,22.407934000000001,0 114.407302000000001,22.407664,0 114.404818000000006,22.407586999999999,0 114.403008,22.407855999999999,0 114.401477,22.408656000000001,0 114.400492999999997,22.409455000000001,0 114.398433999999995,22.412327000000001,0 114.396861000000001,22.414652,0 114.395925000000005,22.415505,0 114.394777000000005,22.41601,0 114.393519999999995,22.416198000000001,0 114.391783000000004,22.416091999999999,0 114.390227999999993,22.415582000000001,0 114.388175000000004,22.414297000000001,0 114.386583000000002,22.412817,0 114.385610999999997,22.411397000000001,0 114.384822,22.409835000000001,0 114.384725000000003,22.408994,0 114.384924999999996,22.406635999999999,0 114.384074999999996,22.405821,0 114.382841999999997,22.405563999999998,0 114.382172999999995,22.404976000000001,0 114.380977000000001,22.40024,0 114.380503000000004,22.399076999999998,0 114.380369000000002,22.398057000000001,0 114.380945999999994,22.39696,0 114.381559999999993,22.396519000000001,0 114.384366,22.395119999999999,0 114.385999999999996,22.393982000000001,0 114.387962000000002,22.391031999999999,0 114.389747999999997,22.389306000000001,0 114.390404000000004,22.389175999999999,0 114.391739999999999,22.389362999999999,0 114.392225999999994,22.389244999999999,0 114.393568000000002,22.388408999999999,0 114.395075000000006,22.387139999999999,0 114.39649,22.385337,0 114.396598999999995,22.384748999999999,0 114.396393000000003,22.38111,0 114.396484000000001,22.380268999999998,0 114.397389000000004,22.376389,0 114.397486000000001,22.375295000000001,0 114.396592999999996,22.373557000000002,0 114.395184,22.372540999999998,0 114.394692000000006,22.372007,0 114.394631000000004,22.371283999999999,0 114.396113999999997,22.368660999999999,0 114.396618000000004,22.367578999999999,0 114.396940000000001,22.366105999999998,0 114.396902999999995,22.365020999999999,0 114.396557000000001,22.363838000000001,0 114.395178000000001,22.362262000000001,0 114.394418999999999,22.361940000000001,0 114.393440999999996,22.361951999999999,0 114.392274999999998,22.362262000000001,0 114.391248000000004,22.362829999999999,0 114.390167000000005,22.363662000000001,0 114.388733000000002,22.365278,0 114.387944000000005,22.365718999999999,0 114.387051,22.365596,0 114.386577000000003,22.364367999999999,0 114.386632000000006,22.362593,0 114.386394999999993,22.361135999999998,0 114.386005999999995,22.360475000000001,0 114.385131999999999,22.359953000000001,0 114.383381999999997,22.359753000000001,0 114.382344000000003,22.359401999999999,0 114.381298999999999,22.357423000000001,0 114.381517000000002,22.356819000000002,0 114.382598999999999,22.356660000000002,0 114.383697999999995,22.356268,0 114.384573000000003,22.355252,0 114.384450999999999,22.354942000000001,0 114.383387999999997,22.355015000000002,0 114.382531999999998,22.354334000000001,0 114.380977000000001,22.353822999999998,0 114.380472999999995,22.35286,0 114.379706999999996,22.352447999999999,0 114.379732000000004,22.350877000000001,0 114.378893000000005,22.350114000000001,0 114.376512000000005,22.348832000000002,0 114.375861999999998,22.348697999999999,0 114.372964999999994,22.349836,0 114.372431000000006,22.349831999999999,0 114.372133000000005,22.349367000000001,0 114.372703999999999,22.347555,0 114.37209,22.346755000000002,0 114.371210000000005,22.346979999999999,0 114.370766000000003,22.346767,0 114.370542,22.346109999999999,0 114.369315,22.346176,0 114.367655999999997,22.347057,0 114.366799999999998,22.347754999999999,0 114.365815999999995,22.347898000000001,0 114.365493999999998,22.347685999999999,0 114.365274999999997,22.346751000000001,0 114.365517999999994,22.345217000000002,0 114.365499999999997,22.343188000000001,0 114.365675999999993,22.342001,0 114.366016000000002,22.341348,0 114.367054999999993,22.340139000000001,0 114.367237000000003,22.339258000000001,0 114.366732999999996,22.337976000000001,0 114.365876999999998,22.337437999999999,0 114.365257,22.336584999999999,0 114.364448999999993,22.334046000000001,0 114.363757000000007,22.332972999999999,0 114.362729999999999,22.332457999999999,0 114.361278999999996,22.332348,0 114.359924000000007,22.332981,0 114.359388999999993,22.333715000000002,0 114.358842999999993,22.335796999999999,0 114.358289999999997,22.339299,0 114.357287999999997,22.340250000000001,0 114.356904999999998,22.341984,0 114.356048999999999,22.344384000000002,0 114.355405000000005,22.345237000000001,0 114.355301999999995,22.346384,0 114.355817999999999,22.347228999999999,0 114.355891,22.347816000000002,0 114.355058999999997,22.348064999999998,0 114.354640000000003,22.347877,0 114.352866000000006,22.345853000000002,0 114.351129,22.344155000000001,0 114.350108000000006,22.343644999999999,0 114.348984999999999,22.343323000000002,0 114.347673,22.343188000000001,0 114.346335999999994,22.34329,0 114.345504000000005,22.343530999999999,0 114.341380000000001,22.348600000000001,0 114.340504999999993,22.350812000000001,0 114.340584000000007,22.351856000000002,0 114.341330999999997,22.353390999999998,0 114.341251999999997,22.353819000000001,0 114.340632999999997,22.354406999999998,0 114.338689000000002,22.355578000000001,0 114.336860999999999,22.357174000000001,0 114.335524000000007,22.358937000000001,0 114.335043999999996,22.3599,0 114.334800999999999,22.361405000000001,0 114.334879999999998,22.362449999999999,0 114.336112999999997,22.365335000000002,0 114.337667999999994,22.36722,0 114.338306000000003,22.369069,0 114.338427999999993,22.371713,0 114.338306000000003,22.372565999999999,0 114.337626,22.373594000000001,0 114.336478,22.373858999999999,0 114.332396000000003,22.375287,0 114.330348999999998,22.376124000000001,0 114.328387000000006,22.377376000000002,0 114.326752999999997,22.378648999999999,0 114.325665999999998,22.379045000000001,0 114.324008000000006,22.378592000000001,0 114.323048,22.378796000000001,0 114.322318999999993,22.379527,0 114.322379999999995,22.380880999999999,0 114.323150999999996,22.382370000000002,0 114.323929000000007,22.384557000000001,0 114.323831999999996,22.385311999999999,0 114.322361999999998,22.385829999999999,0 114.322203999999999,22.386780999999999,0 114.321517,22.388604999999998,0 114.320526999999998,22.389175999999999,0 114.318607999999998,22.389150999999998,0 114.315759,22.388542999999999,0 114.314920999999998,22.387989000000001,0 114.315218999999999,22.387270000000001,0 114.314762999999999,22.386634000000001,0 114.314192000000006,22.384862999999999,0 114.314271000000005,22.384423000000002,0 114.315358000000003,22.383427000000001,0 114.315729000000005,22.382444,0 114.315382999999997,22.381681,0 114.313967000000005,22.381367000000001,0 114.311859999999996,22.381627999999999,0 114.310650999999993,22.381093,0 114.308586000000005,22.381077000000001,0 114.307122000000007,22.38175,0 114.305840000000003,22.381868999999998,0 114.305233000000001,22.381722,0 114.303994000000003,22.381056999999998,0 114.303404,22.380998999999999,0 114.302256,22.381260999999999,0 114.301891999999995,22.382031999999999,0 114.301806999999997,22.383509,0 114.301212000000007,22.384231,0 114.300439999999995,22.384360999999998,0 114.297068999999993,22.384250999999999,0 114.296030000000002,22.38457,0 114.294821999999996,22.385369000000001,0 114.292167000000006,22.388674000000002,0 114.291073999999995,22.389416000000001,0 114.290035000000003,22.389766999999999,0 114.288663,22.389963000000002,0 114.286985999999999,22.389678,0 114.285145999999997,22.388898000000001,0 114.284155999999996,22.388148000000001,0 114.283190000000005,22.386703000000001,0 114.282928999999996,22.385316,0 114.283085999999997,22.383578,0 114.283967000000004,22.381015999999999,0 114.283882000000006,22.380416,0 114.282522,22.379078,0 114.282042000000004,22.37809,0 114.281295,22.375841999999999,0 114.281131000000002,22.374026000000001,0 114.281160999999997,22.372933,0 114.279854999999998,22.368938,0 114.279477999999997,22.367574999999999,0 114.279685000000001,22.364021000000001,0 114.280249999999995,22.362075000000001,0 114.281513000000004,22.359908000000001,0 114.284227999999999,22.357921000000001,0 114.284689999999998,22.356321000000001,0 114.284289000000001,22.354023000000002,0 114.284391999999997,22.352419999999999,0 114.28407,22.351163,0 114.282788999999994,22.349747000000001,0 114.281792999999993,22.347342999999999,0 114.281099999999995,22.346461000000001,0 114.280304999999998,22.346188000000001,0 114.278002000000001,22.346404,0 114.276909000000003,22.346803999999999,0 114.275171999999998,22.346693999999999,0 114.274503999999993,22.345894000000001,0 114.274715999999998,22.343674,0 114.275360000000006,22.341111000000001,0 114.276290000000003,22.336372000000001,0 114.278396999999998,22.328690999999999,0 114.279284000000004,22.326875000000001,0 114.280377000000001,22.325327999999999,0 114.281507000000005,22.324209,0 114.283299,22.323115000000001,0 114.284634999999994,22.322609,0 114.286851999999996,22.322185000000001,0 114.288832999999997,22.322054000000001,0 114.290891999999999,22.321736000000001,0 114.293685999999994,22.320416999999999,0 114.294979999999995,22.319013000000002,0 114.295338000000001,22.318282,0 114.295387000000005,22.316029,0 114.296048999999996,22.315069999999999,0 114.297093000000004,22.312481999999999,0 114.298435999999995,22.310298,0 114.299802,22.308951,0 114.301563999999999,22.308526000000001,0 114.304187999999996,22.308837,0 114.306100999999998,22.308472999999999,0 114.308560999999997,22.308906,0 114.309344999999993,22.307718000000001,0 114.310474999999997,22.307036,0 114.310760000000002,22.306089,0 114.310894000000005,22.304734,0 114.311342999999994,22.303709000000001,0 114.313699999999997,22.301051999999999,0 114.315534,22.300018999999999,0 114.316408999999993,22.297727999999999,0 114.317617999999996,22.295895000000002,0 114.317757999999998,22.294588999999998,0 114.317392999999996,22.291457000000001,0 114.316427000000004,22.289694000000001,0 114.315522000000001,22.288971,0 114.314768999999998,22.288620000000002,0 114.311987000000002,22.287685,0 114.310809000000006,22.287064000000001,0 114.309793999999997,22.285917000000001,0 114.309101999999996,22.284794000000002,0 114.308184999999995,22.283949,0 114.304607000000004,22.282259,0 114.303775000000002,22.281483000000001,0 114.303374000000005,22.280605000000001,0 114.303483,22.279616999999998,0 114.303962999999996,22.279188000000001,0 114.304813999999993,22.279057999999999,0 114.306471999999999,22.279074000000001,0 114.307359000000005,22.278898000000002,0 114.308829000000003,22.277954999999999,0 114.309326999999996,22.276631999999999,0 114.308901000000006,22.274342000000001,0 114.308762000000002,22.272994000000001,0 114.308870999999996,22.270866999999999,0 114.309072,22.270401,0 114.311957000000007,22.268049000000001,0 114.313044000000005,22.266061000000001,0 114.313044000000005,22.264247999999998,0 114.312303,22.262568999999999,0 114.311166999999998,22.261482999999998,0 114.309714999999997,22.260936000000001,0 114.307194999999993,22.260967999999998,0 114.306568999999996,22.260287000000002,0 114.306466,22.258894000000002,0 114.305822000000006,22.257755,0 114.304978000000006,22.257114000000001,0 114.303854000000001,22.256791,0 114.302820999999994,22.257072999999998,0 114.301163000000003,22.258476999999999,0 114.300512999999995,22.259719,0 114.299267999999998,22.260372,0 114.297543000000005,22.261704000000002,0 114.295282999999998,22.263283999999999,0 114.293795000000003,22.265497,0 114.292665,22.266950999999999,0 114.292057999999997,22.267192000000001,0 114.288983999999999,22.267731000000001,0 114.287861000000007,22.267645000000002,0 114.287538999999995,22.26718,0 114.287538999999995,22.265799000000001,0 114.287210999999999,22.265194999999999,0 114.285407000000006,22.264468000000001,0 114.284356000000002,22.263161,0 114.283529999999999,22.261626,0 114.283184000000006,22.260314999999999,0 114.282618999999997,22.259543000000001,0 114.281440000000003,22.258927,0 114.280207000000004,22.258656999999999,0 114.278422000000006,22.258762999999998,0 114.276763000000003,22.259270000000001,0 114.276283000000006,22.259694,0 114.272299000000004,22.266465,0 114.271788999999998,22.268466,0 114.270962999999995,22.269213000000001,0 114.269443999999993,22.269625000000001,0 114.268405000000001,22.270188999999998,0 114.267865,22.270772999999998,0 114.267014000000003,22.273859999999999,0 114.266795999999999,22.275729999999999,0 114.266929000000005,22.277999999999999,0 114.267391000000003,22.280028999999999,0 114.268186999999998,22.281859000000001,0 114.269547000000003,22.284210000000002,0 114.270537000000004,22.285709000000001,0 114.270695000000003,22.286403,0 114.269498999999996,22.287897000000001,0 114.269013000000001,22.290355000000002,0 114.268241000000003,22.291889999999999,0 114.267391000000003,22.292960000000001,0 114.266480000000001,22.293654,0 114.265010000000004,22.294397,0 114.263807,22.294637999999999,0 114.262288999999996,22.294585000000001,0 114.261481000000003,22.294266,0 114.256324000000006,22.289735,0 114.252004999999997,22.285035000000001,0 114.250371000000001,22.282976999999999,0 114.249799999999993,22.280906999999999,0 114.249497000000005,22.279809,0 114.248688999999999,22.277355,0 114.248469999999998,22.275836000000002,0 114.248609999999999,22.274632,0 114.249521000000001,22.272696,0 114.251866000000007,22.270022000000001,0 114.254058000000001,22.267216000000001,0 114.255843999999996,22.265561999999999,0 114.261371999999994,22.260797,0 114.262763000000007,22.259485999999999,0 114.263084000000006,22.258661,0 114.262550000000005,22.257643999999999,0 114.261505,22.257003000000001,0 114.261536000000007,22.255614999999999,0 114.261936000000006,22.254545,0 114.262094000000005,22.253267000000001,0 114.261820999999998,22.251155000000001,0 114.261911999999995,22.250008000000001,0 114.261615000000006,22.248203,0 114.260807,22.246361,0 114.259664999999998,22.245343999999999,0 114.257630000000006,22.244461999999999,0 114.256857999999994,22.243901999999999,0 114.255577000000002,22.242218999999999,0 114.255685999999997,22.240831,0 114.256731000000002,22.239253999999999,0 114.257551000000007,22.237024000000002,0 114.259287999999998,22.234966,0 114.260380999999995,22.232993,0 114.260327000000004,22.231922999999998,0 114.259767999999994,22.229627000000001,0 114.259798000000004,22.229039,0 114.260242000000005,22.228541,0 114.260982999999996,22.228324000000001,0 114.262343000000001,22.228365,0 114.264037999999999,22.228753000000001,0 114.265180000000001,22.228508000000001,0 114.265422999999998,22.227302999999999,0 114.264688000000007,22.226199999999999,0 114.263765000000006,22.225959,0 114.262343000000001,22.226199999999999,0 114.261601999999996,22.225791999999998,0 114.261583999999999,22.224893000000002,0 114.261152999999993,22.224632,0 114.259445999999997,22.224851999999998,0 114.258212999999998,22.224737999999999,0 114.257855000000006,22.224383,0 114.257975999999999,22.223443,0 114.258838999999995,22.222508000000001,0 114.259980999999996,22.220424999999999,0 114.260570000000001,22.218765999999999,0 114.260891999999998,22.216953,0 114.260751999999997,22.214697999999999,0 114.260946000000004,22.213145000000001,0 114.261371999999994,22.212372999999999,0 114.261615000000006,22.210127,0 114.262512999999998,22.209142,0 114.264093000000003,22.208953999999999,0 114.264608999999993,22.208712999999999,0 114.265107,22.207165,0 114.266231000000005,22.206605,0 114.266613000000007,22.2058,0 114.266401000000002,22.204722,0 114.265525999999994,22.203552999999999,0 114.265361999999996,22.202998000000001,0 114.266024000000002,22.202169000000001,0 114.266012000000003,22.201115000000001,0 114.265611000000007,22.200792,0 114.264675999999994,22.20091,0 114.264268999999999,22.201620999999999,0 114.262878000000001,22.20194,0 114.262635000000003,22.202912000000001,0 114.262282999999996,22.203292000000001,0 114.261116000000001,22.203234999999999,0 114.260301999999996,22.202344,0 114.259574000000001,22.202344,0 114.252339000000006,22.202769,0 114.249485000000007,22.203133000000001,0 114.246932999999999,22.203925000000002,0 114.245439000000005,22.205024000000002,0 114.244741000000005,22.206916,0 114.240263999999996,22.213149000000001,0 114.238296000000005,22.213868000000002,0 114.235168000000002,22.213063999999999,0 114.229804000000001,22.210294000000001,0 114.226681999999997,22.208227000000001,0 114.225764999999996,22.207222000000002,0 114.225261000000003,22.205722999999999,0 114.225401000000005,22.204179,0 114.225916999999995,22.202204999999999,0 114.227630000000005,22.199770000000001,0 114.229628000000005,22.196261,0 114.229804000000001,22.194593999999999,0 114.229403000000005,22.193622000000001,0 114.228528999999995,22.192792000000001,0 114.227429000000001,22.192260999999998,0 114.225723000000002,22.191693000000001,0 114.222904,22.191081000000001,0 114.219266000000005,22.190688000000002,0 114.217637999999994,22.190954000000001,0 114.216059000000001,22.192146999999999,0 114.215317999999996,22.193418000000001,0 114.212632999999997,22.209672999999999,0 114.211928,22.209938999999999,0 114.211010999999999,22.209852999999999,0 114.209912000000003,22.209195000000001,0 114.207275999999993,22.207308000000001,0 114.204201999999995,22.20683,0 114.202714,22.206916,0 114.201881999999998,22.207225999999999,0 114.201352999999997,22.207757000000001,0 114.201001000000005,22.208987,0 114.200916000000007,22.210526999999999,0 114.201528999999994,22.211801000000001,0 114.203284999999994,22.214300999999999,0 114.203339,22.215154999999999,0 114.202993000000006,22.216168,0 114.201814999999996,22.217213999999998,0 114.198965999999999,22.218636,0 114.196488000000002,22.220048999999999,0 114.195710000000005,22.220952,0 114.195486000000002,22.221682999999999,0 114.196391000000006,22.222569,0 114.197981999999996,22.222728,0 114.199337,22.222414000000001,0 114.200368999999995,22.222650999999999,0 114.200770000000006,22.223786,0 114.200315000000003,22.225857000000001,0 114.200315000000003,22.226666000000002,0 114.201141000000007,22.227944999999998,0 114.201340999999999,22.229762000000001,0 114.200429999999997,22.232106999999999,0 114.199701000000005,22.232842000000002,0 114.196877000000001,22.233038000000001,0 114.195340000000002,22.233017,0 114.194671999999997,22.233180999999998,0 114.193633000000005,22.234043,0 114.189477999999994,22.238465999999999,0 114.188785999999993,22.239118999999999,0 114.187449999999998,22.239523999999999,0 114.185980000000001,22.239552,0 114.184886000000006,22.239258,0 114.184334000000007,22.238351999999999,0 114.182281000000003,22.233678999999999,0 114.181399999999996,22.230371000000002,0 114.181028999999995,22.228328000000001,0 114.180627999999999,22.227208999999998,0 114.180038999999994,22.226327000000001,0 114.179321999999999,22.225791999999998,0 114.178308000000001,22.225636999999999,0 114.177081000000001,22.225825,0 114.175836000000004,22.226229,0 114.174049999999994,22.227004999999998,0 114.171808999999996,22.227732,0 114.170818999999995,22.227785000000001,0 114.170204999999996,22.227547999999999,0 114.167295999999993,22.225995999999999,0 114.166093000000004,22.225971999999999,0 114.165030000000002,22.226727,0 114.162941000000004,22.229859999999999,0 114.162351000000001,22.230591,0 114.161574000000002,22.231048999999999,0 114.157498000000004,22.232834,0 114.155468999999997,22.234169000000001,0 114.153531999999998,22.235137000000002,0 114.151436000000004,22.236623999999999,0 114.149966000000006,22.238081999999999,0 114.147385,22.241354000000001,0 114.146345999999994,22.242353999999999,0 114.144846000000001,22.243130000000001,0 114.142082000000002,22.244244999999999,0 114.139774000000003,22.245442000000001,0 114.138535000000005,22.246524000000001,0 114.137210999999994,22.248415000000001,0 114.128033000000002,22.262409999999999,0 114.123829000000001,22.266795999999999,0 114.122487000000007,22.268343000000002,0 114.121728000000004,22.269217000000001,0 114.120452,22.272255000000001,0 114.120410000000007,22.273879999999998,0 114.120621999999997,22.274892999999999,0 114.120890000000003,22.277698000000001,0 114.121971000000002,22.279669999999999,0 114.123841999999996,22.281324000000001,0 114.126823999999999,22.282765000000001,0 114.129222999999996,22.283725,0 114.130930000000006,22.284631000000001,0 114.134586999999996,22.287803,0 114.136075000000005,22.289245000000001,0 114.138904999999994,22.290416,0 114.142052000000007,22.291799999999999,0 114.143818999999993,22.292885999999999,0 114.144129000000007,22.293078000000001,0 114.145623000000001,22.295324000000001,0 114.146260999999996,22.298043,0 114.145994000000002,22.300664000000001,0 114.143861999999999,22.303338,0 114.139281999999994,22.306280999999998,0 114.133146999999994,22.308721999999999,0 114.129199,22.310596,0 114.127024000000006,22.312885999999999,0 114.125711999999993,22.315266000000001,0 114.124302999999998,22.317466,0 114.122821000000002,22.319295,0 114.120992999999999,22.320919,0 114.118799999999993,22.321393,0 114.112149000000002,22.321732000000001,0 114.106280999999996,22.321736000000001,0 114.095523999999997,22.320996999999998,0 114.094156999999996,22.321348,0 114.093221999999997,22.322119000000001,0 114.089808000000005,22.325576999999999,0 114.085088999999996,22.328862000000001,0 114.082610000000003,22.329377000000001,0 114.081292000000005,22.329654000000001,0 114.078339999999997,22.329612999999998,0 114.074798999999999,22.329189,0 114.070060999999995,22.327075000000001,0 114.068123999999997,22.324878999999999,0 114.063477000000006,22.317495000000001,0 114.061083999999994,22.314596000000002,0 114.060659000000001,22.313379999999999,0 114.060744,22.312539000000001,0 114.061004999999994,22.310517999999998,0 114.060925999999995,22.309146999999999,0 114.060536999999997,22.308049,0 114.059365,22.306868999999999,0 114.056946999999994,22.305256,0 114.054997999999998,22.304264,0 114.052937999999997,22.303512999999999,0 114.047659999999993,22.302738000000002,0</coordinates></LinearRing></outerBoundaryIs></Polygon><Polygon><outerBoundaryIs><LinearRing><coordinates>114.051973000000004,22.259115000000001,0 114.052501000000007,22.259788,0 114.054177999999993,22.260694999999998,0 114.054682,22.261565000000001,0 114.055325999999994,22.26183,0 114.056577000000004,22.261765,0 114.057190000000006,22.262145,0 114.058611999999997,22.262606000000002,0 114.059631999999993,22.262626000000001,0 114.060568000000004,22.262364999999999,0 114.060822999999999,22.261641999999998,0 114.061582000000001,22.260853999999998,0 114.061637000000005,22.260020999999998,0 114.060883000000004,22.258984000000002,0 114.059844999999996,22.256836,0 114.058873000000006,22.256125000000001,0 114.057871000000006,22.255859999999998,0 114.056023999999994,22.254283000000001,0 114.054936999999995,22.254246999999999,0 114.053533999999999,22.254556999999998,0 114.053351000000006,22.25508,0 114.052154999999999,22.255374,0 114.051596000000004,22.256782999999999,0 114.052058000000002,22.257456999999999,0 114.052172999999996,22.258281,0 114.051973000000004,22.259115000000001,0</coordinates></LinearRing></outerBoundaryIs></Polygon><Polygon><outerBoundaryIs><LinearRing><coordinates>114.084973000000005,22.284451000000001,0 114.085265000000007,22.283835,0 114.085015999999996,22.282437999999999,0 114.084389999999999,22.282181000000001,0 114.084366000000003,22.281535999999999,0 114.085173999999995,22.280927999999999,0 114.085265000000007,22.280253999999999,0 114.085003999999998,22.279710999999999,0 114.084074000000001,22.279257999999999,0 114.081036999999995,22.27918,0 114.079847000000001,22.279302999999999,0 114.079093999999998,22.280078,0 114.078880999999996,22.281372999999999,0 114.079154000000003,22.282205999999999,0 114.081036999999995,22.283618000000001,0 114.084389999999999,22.284602,0 114.084973000000005,22.284451000000001,0</coordinates></LinearRing></outerBoundaryIs></Polygon><Polygon><outerBoundaryIs><LinearRing><coordinates>114.118781999999996,22.283622999999999,0 114.120215000000002,22.282658999999999,0 114.120580000000004,22.28201,0 114.120531,22.28143,0 114.119377,22.280691000000001,0 114.118065000000001,22.280683,0 114.116352000000006,22.280069999999998,0 114.115969000000007,22.280294999999999,0 114.115739000000005,22.281009000000001,0 114.115786999999997,22.282143999999999,0 114.116152,22.282912,0 114.116923,22.283549000000001,0 114.117810000000006,22.283740999999999,0 114.118781999999996,22.283622999999999,0</coordinates></LinearRing></outerBoundaryIs></Polygon><Polygon><outerBoundaryIs><LinearRing><coordinates>114.121077999999997,22.282834999999999,0 114.121077999999997,22.283394000000001,0 114.122024999999994,22.283826999999999,0 114.122450999999998,22.283622999999999,0 114.122771999999998,22.282402000000001,0 114.122110000000006,22.281953000000001,0 114.121077999999997,22.282834999999999,0</coordinates></LinearRing></outerBoundaryIs></Polygon><Polygon><outerBoundaryIs><LinearRing><coordinates>114.042867999999999,22.281189000000001,0 114.041853000000003,22.281503000000001,0 114.041379000000006,22.281949000000001,0 114.040425999999997,22.284904999999998,0 114.039916000000005,22.285378000000001,0 114.039071000000007,22.285546,0 114.037711000000002,22.285488000000001,0 114.036811999999998,22.285995,0 114.036927000000006,22.28697,0 114.037996000000007,22.287794999999999,0 114.041895999999994,22.288404,0 114.044944999999998,22.289306,0 114.049554999999998,22.290085999999999,0 114.050381000000002,22.288796000000001,0 114.051292000000004,22.288537999999999,0 114.051128000000006,22.287844,0 114.050338999999994,22.286926000000001,0 114.048000000000002,22.285834999999999,0 114.047100999999998,22.284827,0 114.045674000000005,22.284447,0 114.045484999999999,22.283961000000001,0 114.046233000000001,22.282879000000001,0 114.046797999999995,22.282972999999998,0 114.047252999999998,22.283871999999999,0 114.048079000000001,22.284472000000001,0 114.049367000000004,22.284607000000001,0 114.050843,22.284517000000001,0 114.051553999999996,22.284108,0 114.051710999999997,22.283116,0 114.052137000000002,22.282463,0 114.052756000000002,22.282108000000001,0 114.054310999999998,22.281744,0 114.054821000000004,22.281155999999999,0 114.054603,22.279979999999998,0 114.051426000000006,22.278252999999999,0 114.049762000000001,22.277241,0 114.046992000000003,22.276861,0 114.045856000000001,22.276857,0 114.044197999999994,22.277714,0 114.043195999999995,22.277804,0 114.042400000000001,22.278383999999999,0 114.042096000000001,22.279278000000001,0 114.042283999999995,22.280045999999999,0 114.042867999999999,22.281189000000001,0</coordinates></LinearRing></outerBoundaryIs></Polygon><Polygon><outerBoundaryIs><LinearRing><coordinates>114.064837999999995,22.286954000000001,0 114.065821999999997,22.286218999999999,0 114.065949000000003,22.285720999999999,0 114.064618999999993,22.284958,0 114.063483000000005,22.284801999999999,0 114.062554000000006,22.284990000000001,0 114.062443999999999,22.285795,0 114.061794000000006,22.286272,0 114.062219999999996,22.286897,0 114.063203999999999,22.286798999999998,0 114.063592,22.287236,0 114.064837999999995,22.286954000000001,0</coordinates></LinearRing></outerBoundaryIs></Polygon><Polygon><outerBoundaryIs><LinearRing><coordinates>113.983967000000007,22.324604999999998,0 113.984356000000005,22.323915,0 113.983815000000007,22.323388999999999,0 113.983249999999998,22.324071,0 113.983352999999994,22.324601000000001,0 113.983967000000007,22.324604999999998,0</coordinates></LinearRing></outerBoundaryIs></Polygon><Polygon><outerBoundaryIs><LinearRing><coordinates>113.971108000000001,22.330490999999999,0 113.971715000000003,22.329438,0 113.974175000000002,22.328617999999999,0 113.974090000000004,22.328026000000001,0 113.972285999999997,22.325969000000001,0 113.971654999999998,22.325752000000001,0 113.970634000000004,22.325862000000001,0 113.969924000000006,22.326360000000001,0 113.969583,22.327425999999999,0 113.970003000000005,22.330634,0 113.970828999999995,22.331254000000001,0 113.971472000000006,22.331061999999999,0 113.971108000000001,22.330490999999999,0</coordinates></LinearRing></outerBoundaryIs></Polygon><Polygon><outerBoundaryIs><LinearRing><coordinates>113.988862999999995,22.33727,0 113.989020999999994,22.336046,0 113.987853999999999,22.333483000000001,0 113.986408999999995,22.331074999999998,0 113.985800999999995,22.330728000000001,0 113.985157000000001,22.330793,0 113.984877999999995,22.331536,0 113.984944999999996,22.333095,0 113.985765000000001,22.335702999999999,0 113.987453000000002,22.337686999999999,0 113.988298,22.337858000000001,0 113.988862999999995,22.33727,0</coordinates></LinearRing></outerBoundaryIs></Polygon><Polygon><outerBoundaryIs><LinearRing><coordinates>113.896389999999997,22.343388000000001,0 113.896693999999997,22.342787999999999,0 113.895668000000001,22.341156000000002,0 113.895849999999996,22.34027,0 113.895697999999996,22.339535000000001,0 113.895121000000003,22.339091,0 113.894441,22.339763999999999,0 113.893718000000007,22.339952,0 113.893935999999997,22.341277999999999,0 113.893778999999995,22.342151999999999,0 113.893164999999996,22.343368000000002,0 113.893322999999995,22.343689999999999,0 113.895709999999994,22.343817000000001,0 113.896389999999997,22.343388000000001,0</coordinates></LinearRing></outerBoundaryIs></Polygon><Polygon><outerBoundaryIs><LinearRing><coordinates>113.893493000000007,22.350574999999999,0 113.893651000000006,22.349612,0 113.892551999999995,22.348208,0 113.891700999999998,22.347791999999998,0 113.890795999999995,22.347894,0 113.890304,22.348526,0 113.890341000000006,22.349551000000002,0 113.891239999999996,22.350549999999998,0 113.892132000000004,22.350954000000002,0 113.893006999999997,22.350888999999999,0 113.893493000000007,22.350574999999999,0</coordinates></LinearRing></outerBoundaryIs></Polygon><Polygon><outerBoundaryIs><LinearRing><coordinates>113.879304000000005,22.352644000000002,0 113.878647999999998,22.354006999999999,0 113.879000000000005,22.354346,0 113.880348999999995,22.353697,0 113.880397000000002,22.352383,0 113.879965999999996,22.352228,0 113.879304000000005,22.352644000000002,0</coordinates></LinearRing></outerBoundaryIs></Polygon><Polygon><outerBoundaryIs><LinearRing><coordinates>113.881654999999995,22.377224999999999,0 113.881673000000006,22.378126999999999,0 113.882019,22.378996000000001,0 113.882626000000002,22.379335000000001,0 113.883525000000006,22.379436999999999,0 113.884636999999998,22.379196,0 113.885591000000005,22.378070000000001,0 113.887035999999995,22.378070000000001,0 113.888633999999996,22.377780000000001,0 113.889830000000003,22.377319,0 113.890341000000006,22.376756,0 113.890286000000003,22.375785,0 113.889720999999994,22.374814000000001,0 113.889015999999998,22.374116000000001,0 113.889550999999997,22.373328999999998,0 113.888329999999996,22.372223000000002,0 113.888433000000006,22.371117000000002,0 113.889471999999998,22.371027000000002,0 113.889690999999999,22.370553999999998,0 113.888554999999997,22.369171000000001,0 113.888718999999995,22.368098,0 113.887814000000006,22.367024000000001,0 113.886666000000005,22.366890000000001,0 113.885396,22.367180000000001,0 113.885110999999995,22.367775000000002,0 113.886277000000007,22.372039000000001,0 113.886222000000004,22.37359,0 113.885729999999995,22.374851,0 113.884279000000006,22.375751999999999,0 113.882080000000002,22.376556000000001,0 113.881654999999995,22.377224999999999,0</coordinates></LinearRing></outerBoundaryIs></Polygon><Polygon><outerBoundaryIs><LinearRing><coordinates>114.255486000000005,22.158731,0 114.255874000000006,22.158971999999999,0 114.256707000000006,22.158301999999999,0 114.256658000000002,22.157537000000001,0 114.254616999999996,22.15663,0 114.253730000000004,22.1569,0 114.253985,22.157979000000001,0 114.255486000000005,22.158731,0</coordinates></LinearRing></outerBoundaryIs></Polygon><Polygon><outerBoundaryIs><LinearRing><coordinates>114.266109,22.174700000000001,0 114.267590999999996,22.175231,0 114.268223000000006,22.176072999999999,0 114.268399000000002,22.176850000000002,0 114.269346999999996,22.17801,0 114.270300000000006,22.178329000000002,0 114.271776000000003,22.178046999999999,0 114.272796999999997,22.176428999999999,0 114.273398,22.176007999999999,0 114.275578999999993,22.174883999999999,0 114.276319999999998,22.174357000000001,0 114.276915000000002,22.173372000000001,0 114.277583000000007,22.171120999999999,0 114.27861,22.170311999999999,0 114.278822000000005,22.169854000000001,0 114.278396999999998,22.169008000000002,0 114.277406999999997,22.168481,0 114.276988000000003,22.167777999999998,0 114.276951999999994,22.167071,0 114.277266999999995,22.166367999999999,0 114.278428000000005,22.164856,0 114.278712999999996,22.163025999999999,0 114.279708999999997,22.160250999999999,0 114.279290000000003,22.159580999999999,0 114.27646,22.159192999999998,0 114.271739999999994,22.158943000000001,0 114.271034999999998,22.158975999999999,0 114.270543000000004,22.159890999999998,0 114.270762000000005,22.160969999999999,0 114.269668999999993,22.161104999999999,0 114.268539000000004,22.159609,0 114.266777000000005,22.158342999999999,0 114.267093000000003,22.156548999999998,0 114.266813999999997,22.155666,0 114.265300999999994,22.153908999999999,0 114.263679999999994,22.152956,0 114.262130999999997,22.152391999999999,0 114.260017000000005,22.152290000000001,0 114.25958,22.152857999999998,0 114.260891999999998,22.154975,0 114.262258000000003,22.156880000000001,0 114.261864000000003,22.157664,0 114.259853000000007,22.157889000000001,0 114.257581000000002,22.15831,0 114.256962000000001,22.158550999999999,0 114.256621999999993,22.159331000000002,0 114.257143999999997,22.160209999999999,0 114.257861000000005,22.160014,0 114.258571000000003,22.161624,0 114.258157999999995,22.161681000000002,0 114.257593,22.161224000000001,0 114.255941000000007,22.160696000000002,0 114.255413000000004,22.160978,0 114.254957000000005,22.162102000000001,0 114.254859999999994,22.163467000000001,0 114.255941000000007,22.166502999999999,0 114.257350000000002,22.168648999999998,0 114.258122,22.169457999999999,0 114.259354999999999,22.170756999999998,0 114.260059999999996,22.172129999999999,0 114.260424,22.17249,0 114.262063999999995,22.173188,0 114.262732,22.173853999999999,0 114.263716000000002,22.174278999999999,0 114.266109,22.174700000000001,0</coordinates></LinearRing></outerBoundaryIs></Polygon><Polygon><outerBoundaryIs><LinearRing><coordinates>114.241363000000007,22.173041000000001,0 114.242170999999999,22.172934999999999,0 114.242621,22.172281000000002,0 114.241952999999995,22.171869000000001,0 114.241034999999997,22.172343000000001,0 114.241363000000007,22.173041000000001,0</coordinates></LinearRing></outerBoundaryIs></Polygon><Polygon><outerBoundaryIs><LinearRing><coordinates>114.248586000000003,22.183440000000001,0 114.248002,22.185091,0 114.248276000000004,22.185597000000001,0 114.249351000000004,22.186108000000001,0 114.252716000000007,22.186468000000001,0 114.258054999999999,22.187612000000001,0 114.260005000000007,22.187570999999998,0 114.260788000000005,22.187104999999999,0 114.261639000000002,22.185638000000001,0 114.262167000000005,22.183247999999999,0 114.262063999999995,22.181279,0 114.261443999999997,22.179755,0 114.260491000000002,22.178525,0 114.259495000000001,22.177826,0 114.255747,22.176302,0 114.255109000000004,22.176342999999999,0 114.254981999999998,22.177254000000001,0 114.251598000000001,22.178464000000002,0 114.250771999999998,22.178205999999999,0 114.250809000000004,22.176428999999999,0 114.250012999999996,22.175598999999998,0 114.249527,22.175370000000001,0 114.248840999999999,22.175982999999999,0 114.249205000000003,22.177401,0 114.249101999999993,22.177826,0 114.248165999999998,22.178671999999999,0 114.248148,22.180073,0 114.248542999999998,22.181998,0 114.248586000000003,22.183440000000001,0</coordinates></LinearRing></outerBoundaryIs></Polygon><Polygon><outerBoundaryIs><LinearRing><coordinates>114.288212999999999,22.184404000000001,0 114.288905,22.18478,0 114.290077999999994,22.184367999999999,0 114.290593999999999,22.184556000000001,0 114.290514999999999,22.185499,0 114.290757999999997,22.186484,0 114.291347000000002,22.187329999999999,0 114.292107000000001,22.187653000000001,0 114.292951000000002,22.187239999999999,0 114.294371999999996,22.185434000000001,0 114.294669999999996,22.184166999999999,0 114.294377999999995,22.182827,0 114.294044,22.182487999999999,0 114.293989999999994,22.181753,0 114.294231999999994,22.180907000000001,0 114.294269,22.179379000000001,0 114.294008000000005,22.178398000000001,0 114.292992999999996,22.177851,0 114.292124999999999,22.177658999999998,0 114.290380999999996,22.177866999999999,0 114.288856999999993,22.178540999999999,0 114.288248999999993,22.179485,0 114.288025000000005,22.181557000000002,0 114.287246999999994,22.182668,0 114.287459999999996,22.183496999999999,0 114.288212999999999,22.184404000000001,0</coordinates></LinearRing></outerBoundaryIs></Polygon><Polygon><outerBoundaryIs><LinearRing><coordinates>114.227636000000004,22.203430999999998,0 114.226378999999994,22.204260000000001,0 114.226579000000001,22.204991,0 114.227630000000005,22.204865000000002,0 114.228814,22.203945999999998,0 114.228565000000003,22.203292000000001,0 114.227636000000004,22.203430999999998,0</coordinates></LinearRing></outerBoundaryIs></Polygon><Polygon><outerBoundaryIs><LinearRing><coordinates>114.192576000000003,22.214195,0 114.193067999999997,22.213799000000002,0 114.193408000000005,22.212413999999999,0 114.193044,22.212001999999998,0 114.191907999999998,22.211528000000001,0 114.190578000000002,22.210702999999999,0 114.189909999999998,22.210657999999999,0 114.189368999999999,22.210968000000001,0 114.188633999999993,22.212136000000001,0 114.188021000000006,22.213877,0 114.188106000000005,22.214570999999999,0 114.189278000000002,22.21509,0 114.190049000000002,22.215019999999999,0 114.191069999999996,22.214575,0 114.192576000000003,22.214195,0</coordinates></LinearRing></outerBoundaryIs></Polygon><Polygon><outerBoundaryIs><LinearRing><coordinates>114.264365999999995,22.222753000000001,0 114.264032,22.222161,0 114.263400000000004,22.222038000000001,0 114.262100000000004,22.222221999999999,0 114.260709000000006,22.222629999999999,0 114.260216999999997,22.222978000000001,0 114.260096000000004,22.223728999999999,0 114.260380999999995,22.223994999999999,0 114.261905999999996,22.224142000000001,0 114.263838000000007,22.223814999999998,0 114.264365999999995,22.222753000000001,0</coordinates></LinearRing></outerBoundaryIs></Polygon><Polygon><outerBoundaryIs><LinearRing><coordinates>114.284780999999995,22.263532999999999,0 114.285072999999997,22.262957,0 114.284514000000001,22.262929,0 114.284780999999995,22.263532999999999,0</coordinates></LinearRing></outerBoundaryIs></Polygon><Polygon><outerBoundaryIs><LinearRing><coordinates>114.293217999999996,22.373982000000002,0 114.293235999999993,22.373377999999999,0 114.291864000000004,22.372757,0 114.291542000000007,22.372374000000001,0 114.291335000000004,22.370905,0 114.290430000000001,22.370570000000001,0 114.289173000000005,22.371079999999999,0 114.289258000000004,22.372288000000001,0 114.290260000000004,22.372598,0 114.291231999999994,22.373495999999999,0 114.291984999999997,22.373622000000001,0 114.292489000000003,22.374009999999998,0 114.293217999999996,22.373982000000002,0</coordinates></LinearRing></outerBoundaryIs></Polygon><Polygon><outerBoundaryIs><LinearRing><coordinates>114.284713999999994,22.379415999999999,0 114.285861999999995,22.379110000000001,0 114.287835999999999,22.377368000000001,0 114.287739000000002,22.376253999999999,0 114.286889000000002,22.375626,0 114.286159999999995,22.375695,0 114.285723000000004,22.376083000000001,0 114.285340000000005,22.377331000000002,0 114.284379999999999,22.377050000000001,0 114.284344000000004,22.377877999999999,0 114.283906000000002,22.378547000000001,0 114.284167999999994,22.379294000000002,0 114.284713999999994,22.379415999999999,0</coordinates></LinearRing></outerBoundaryIs></Polygon><Polygon><outerBoundaryIs><LinearRing><coordinates>114.287193000000002,22.382836000000001,0 114.286687999999998,22.383068000000002,0 114.286792000000005,22.383578,0 114.287520999999998,22.383448000000001,0 114.287193000000002,22.382836000000001,0</coordinates></LinearRing></outerBoundaryIs></Polygon><Polygon><outerBoundaryIs><LinearRing><coordinates>114.289732000000001,22.387253999999999,0 114.289378999999997,22.386544000000001,0 114.288528999999997,22.386825999999999,0 114.288632000000007,22.387519000000001,0 114.289732000000001,22.387253999999999,0</coordinates></LinearRing></outerBoundaryIs></Polygon><Polygon><outerBoundaryIs><LinearRing><coordinates>114.226068999999995,22.435699,0 114.226318000000006,22.436747,0 114.226506000000001,22.438268000000001,0 114.227070999999995,22.438468,0 114.227453999999994,22.436637000000001,0 114.226973999999998,22.435972,0 114.226596999999998,22.434887,0 114.226111000000003,22.434972999999999,0 114.226068999999995,22.435699,0</coordinates></LinearRing></outerBoundaryIs></Polygon><Polygon><outerBoundaryIs><LinearRing><coordinates>114.262895999999998,22.443663999999998,0 114.262617000000006,22.443199,0 114.262355999999997,22.444194,0 114.262895999999998,22.443663999999998,0</coordinates></LinearRing></outerBoundaryIs></Polygon><Polygon><outerBoundaryIs><LinearRing><coordinates>114.227022000000005,22.457072,0 114.225735,22.456949999999999,0 114.224708000000007,22.457488000000001,0 114.224458999999996,22.457985999999998,0 114.224154999999996,22.459147999999999,0 114.224241000000006,22.459665999999999,0 114.226123000000001,22.459759999999999,0 114.227301999999995,22.460705999999998,0 114.227715000000003,22.460017000000001,0 114.227520999999996,22.458883,0 114.227538999999993,22.457419000000002,0 114.227022000000005,22.457072,0</coordinates></LinearRing></outerBoundaryIs></Polygon><Polygon><outerBoundaryIs><LinearRing><coordinates>114.288765999999995,22.523167000000001,0 114.289366999999999,22.523375000000001,0 114.289167000000006,22.522869,0 114.288765999999995,22.523167000000001,0</coordinates></LinearRing></outerBoundaryIs></Polygon><Polygon><outerBoundaryIs><LinearRing><coordinates>114.215936999999997,22.525547,0 114.216538999999997,22.524719999999999,0 114.216113000000007,22.524201999999999,0 114.215153999999998,22.524467000000001,0 114.21499,22.525095,0 114.215936999999997,22.525547,0</coordinates></LinearRing></outerBoundaryIs></Polygon><Polygon><outerBoundaryIs><LinearRing><coordinates>114.231990999999994,22.528535000000002,0 114.231706000000003,22.528686,0 114.232033999999999,22.529456,0 114.232459000000006,22.529516999999998,0 114.231990999999994,22.528535000000002,0</coordinates></LinearRing></outerBoundaryIs></Polygon><Polygon><outerBoundaryIs><LinearRing><coordinates>114.284587000000002,22.530087999999999,0 114.285437000000002,22.530225999999999,0 114.285855999999995,22.529896000000001,0 114.285454999999999,22.529292999999999,0 114.284587000000002,22.529447999999999,0 114.284587000000002,22.530087999999999,0</coordinates></LinearRing></outerBoundaryIs></Polygon><Polygon><outerBoundaryIs><LinearRing><coordinates>114.277292000000003,22.530483,0 114.277899000000005,22.530470999999999,0 114.277917000000002,22.529793999999999,0 114.277546999999998,22.529444000000002,0 114.277163999999999,22.529655999999999,0 114.277292000000003,22.530483,0</coordinates></LinearRing></outerBoundaryIs></Polygon><Polygon><outerBoundaryIs><LinearRing><coordinates>114.280967000000004,22.530984,0 114.281738000000004,22.53116,0 114.282375999999999,22.530752,0 114.282326999999995,22.530296,0 114.281184999999994,22.529114,0 114.280505000000005,22.52891,0 114.279649000000006,22.529326000000001,0 114.279570000000007,22.530988000000001,0 114.279047000000006,22.531637,0 114.279229000000001,22.532267999999998,0 114.279696999999999,22.532305000000001,0 114.280456000000001,22.531828000000001,0 114.280967000000004,22.530984,0</coordinates></LinearRing></outerBoundaryIs></Polygon><Polygon><outerBoundaryIs><LinearRing><coordinates>114.277365000000003,22.533156999999999,0 114.277189000000007,22.532574,0 114.276805999999993,22.533169000000001,0 114.277365000000003,22.533156999999999,0</coordinates></LinearRing></outerBoundaryIs></Polygon><Polygon><outerBoundaryIs><LinearRing><coordinates>114.272396000000001,22.535162,0 114.271855000000002,22.535540999999998,0 114.272092000000001,22.535952999999999,0 114.272632999999999,22.535450999999998,0 114.272396000000001,22.535162,0</coordinates></LinearRing></outerBoundaryIs></Polygon><Polygon><outerBoundaryIs><LinearRing><coordinates>114.270877999999996,22.539559000000001,0 114.270798999999997,22.538744000000001,0 114.269784000000001,22.539228999999999,0 114.269784000000001,22.539612000000002,0 114.270877999999996,22.539559000000001,0</coordinates></LinearRing></outerBoundaryIs></Polygon><Polygon><outerBoundaryIs><LinearRing><coordinates>114.267251000000002,22.543365999999999,0 114.267111999999997,22.542795000000002,0 114.265781000000004,22.541886000000002,0 114.264134999999996,22.541691,0 114.263302999999993,22.541979999999999,0 114.263302999999993,22.542587000000001,0 114.263728,22.543165999999999,0 114.264846000000006,22.543272000000002,0 114.265921000000006,22.544006,0 114.266711000000001,22.544063000000001,0 114.267251000000002,22.543365999999999,0</coordinates></LinearRing></outerBoundaryIs></Polygon><Polygon><outerBoundaryIs><LinearRing><coordinates>114.260520999999997,22.548717,0 114.261000999999993,22.548382,0 114.260230000000007,22.547523000000002,0 114.260520999999997,22.548717,0</coordinates></LinearRing></outerBoundaryIs></Polygon><Polygon><outerBoundaryIs><LinearRing><coordinates>114.265191999999999,22.548463999999999,0 114.265294999999995,22.54899,0 114.266468000000003,22.549278999999999,0 114.267239000000004,22.549254999999999,0 114.267482000000001,22.548438999999998,0 114.266199999999998,22.548427,0 114.265642,22.548219,0 114.265191999999999,22.548463999999999,0</coordinates></LinearRing></outerBoundaryIs></Polygon><Polygon><outerBoundaryIs><LinearRing><coordinates>114.276077000000001,22.548199,0 114.275931,22.547062,0 114.275281000000007,22.546686999999999,0 114.274873999999997,22.546903,0 114.274826000000004,22.547986999999999,0 114.273428999999993,22.548411000000002,0 114.272176999999999,22.550924999999999,0 114.272802999999996,22.551288,0 114.273830000000004,22.550196,0 114.275790999999998,22.548566000000001,0 114.276077000000001,22.548199,0</coordinates></LinearRing></outerBoundaryIs></Polygon><Polygon><outerBoundaryIs><LinearRing><coordinates>114.269377000000006,22.549809,0 114.270003000000003,22.549695,0 114.269644,22.549320000000002,0 114.269377000000006,22.549809,0</coordinates></LinearRing></outerBoundaryIs></Polygon><Polygon><outerBoundaryIs><LinearRing><coordinates>114.308841000000001,22.178826999999998,0 114.307608000000002,22.178194000000001,0 114.306848000000002,22.178581999999999,0 114.306860999999998,22.179742000000001,0 114.308160000000001,22.180793000000001,0 114.308815999999993,22.180935999999999,0 114.309381000000002,22.180555999999999,0 114.309477999999999,22.180098000000001,0 114.308841000000001,22.178826999999998,0</coordinates></LinearRing></outerBoundaryIs></Polygon><Polygon><outerBoundaryIs><LinearRing><coordinates>114.311385999999999,22.185960999999999,0 114.311361000000005,22.184041000000001,0 114.310056000000003,22.181099,0 114.309477999999999,22.180768,0 114.308822000000006,22.181038000000001,0 114.308791999999997,22.181384999999999,0 114.309667000000005,22.182950000000002,0 114.309527000000003,22.183575000000001,0 114.309963999999994,22.185279000000001,0 114.310699,22.186133000000002,0 114.311385999999999,22.185960999999999,0</coordinates></LinearRing></outerBoundaryIs></Polygon><Polygon><outerBoundaryIs><LinearRing><coordinates>114.294269,22.186426999999998,0 114.294949000000003,22.187488999999999,0 114.295387000000005,22.187460999999999,0 114.295708000000005,22.186488000000001,0 114.295466000000005,22.185589,0 114.294779000000005,22.185082999999999,0 114.294269,22.186426999999998,0</coordinates></LinearRing></outerBoundaryIs></Polygon><Polygon><outerBoundaryIs><LinearRing><coordinates>114.301350999999997,22.253916,0 114.301552000000001,22.253446,0 114.302346999999997,22.253038,0 114.302706000000001,22.252184,0 114.302346999999997,22.251372,0 114.301382000000004,22.251498000000002,0 114.301277999999996,22.250633000000001,0 114.300695000000005,22.250518,0 114.300713999999999,22.249974999999999,0 114.301552000000001,22.249165999999999,0 114.301309000000003,22.248484000000001,0 114.301606000000007,22.247958000000001,0 114.302802999999997,22.247831000000001,0 114.303362000000007,22.247479999999999,0 114.303252999999998,22.246348000000001,0 114.30341,22.244927000000001,0 114.303222000000005,22.244568000000001,0 114.301558,22.244706999999998,0 114.301005000000004,22.243943000000002,0 114.301467000000002,22.242995000000001,0 114.301593999999994,22.241631000000002,0 114.301192999999998,22.240451,0 114.301151000000004,22.239339999999999,0 114.300610000000006,22.238446,0 114.300190999999998,22.238323000000001,0 114.298569000000001,22.238645999999999,0 114.298210999999995,22.238989,0 114.297275999999997,22.238985,0 114.295338000000001,22.238401,0 114.294967,22.237901999999998,0 114.295051999999998,22.236011000000001,0 114.294342,22.234957999999999,0 114.293698000000006,22.234614000000001,0 114.292288999999997,22.234717,0 114.291304999999994,22.235520999999999,0 114.291177000000005,22.236730000000001,0 114.291535999999994,22.237359000000001,0 114.292233999999993,22.237954999999999,0 114.292088000000007,22.238665999999998,0 114.290716000000003,22.239087000000001,0 114.289451999999997,22.239197000000001,0 114.287842999999995,22.239747999999999,0 114.284768999999997,22.241720999999998,0 114.284362000000002,22.242881000000001,0 114.285030000000006,22.243877999999999,0 114.285115000000005,22.245013,0 114.284616999999997,22.246749000000001,0 114.285036000000005,22.248080000000002,0 114.287114000000003,22.250657,0 114.289659,22.252428999999999,0 114.290570000000002,22.25263,0 114.291079999999994,22.252445999999999,0 114.291674999999998,22.251776,0 114.292288999999997,22.251633000000002,0 114.293321000000006,22.25234,0 114.295702000000006,22.254704,0 114.296942000000001,22.255258999999999,0 114.298648,22.255603000000001,0 114.299899999999994,22.256346000000001,0 114.301284999999993,22.255990000000001,0 114.301297000000005,22.255009999999999,0 114.300683000000006,22.254300000000001,0 114.301350999999997,22.253916,0</coordinates></LinearRing></outerBoundaryIs></Polygon><Polygon><outerBoundaryIs><LinearRing><coordinates>114.320345000000003,22.274851999999999,0 114.320921999999996,22.273419000000001,0 114.320939999999993,22.271903999999999,0 114.320418000000004,22.271336000000002,0 114.319349000000003,22.271144,0 114.318262000000004,22.271394000000001,0 114.317035000000004,22.272410000000001,0 114.316792000000007,22.273071999999999,0 114.317053000000001,22.273917000000001,0 114.318122000000002,22.274815,0 114.319075999999995,22.275236,0 114.320345000000003,22.274851999999999,0</coordinates></LinearRing></outerBoundaryIs></Polygon><Polygon><outerBoundaryIs><LinearRing><coordinates>114.323697999999993,22.297523999999999,0 114.323126999999999,22.296862999999998,0 114.322641000000004,22.297018000000001,0 114.322920999999994,22.297545,0 114.323697999999993,22.297523999999999,0</coordinates></LinearRing></outerBoundaryIs></Polygon><Polygon><outerBoundaryIs><LinearRing><coordinates>114.325458999999995,22.298843000000002,0 114.326182000000003,22.297650999999998,0 114.325192000000001,22.297626000000001,0 114.323965000000001,22.298120000000001,0 114.324596999999997,22.298953000000001,0 114.325458999999995,22.298843000000002,0</coordinates></LinearRing></outerBoundaryIs></Polygon><Polygon><outerBoundaryIs><LinearRing><coordinates>114.316367,22.299966000000001,0 114.317064999999999,22.299030999999999,0 114.316640000000007,22.298622000000002,0 114.316019999999995,22.29899,0 114.315820000000002,22.299634999999999,0 114.316367,22.299966000000001,0</coordinates></LinearRing></outerBoundaryIs></Polygon><Polygon><outerBoundaryIs><LinearRing><coordinates>114.315601000000001,22.301766000000001,0 114.316104999999993,22.301701000000001,0 114.316427000000004,22.301210999999999,0 114.316238999999996,22.300287999999998,0 114.315595000000002,22.300765999999999,0 114.315601000000001,22.301766000000001,0</coordinates></LinearRing></outerBoundaryIs></Polygon><Polygon><outerBoundaryIs><LinearRing><coordinates>114.322980999999999,22.308782999999998,0 114.322896,22.309698000000001,0 114.323229999999995,22.310044999999999,0 114.323976999999999,22.309408000000001,0 114.324225999999996,22.308530000000001,0 114.323661999999999,22.308150999999999,0 114.322980999999999,22.308782999999998,0</coordinates></LinearRing></outerBoundaryIs></Polygon><Polygon><outerBoundaryIs><LinearRing><coordinates>114.325417000000002,22.322800999999998,0 114.324675999999997,22.323008999999999,0 114.324997999999994,22.323302999999999,0 114.325417000000002,22.322800999999998,0</coordinates></LinearRing></outerBoundaryIs></Polygon><Polygon><outerBoundaryIs><LinearRing><coordinates>114.305353999999994,22.324535999999998,0 114.306168,22.323915,0 114.307017999999999,22.322952000000001,0 114.307188999999994,22.322030000000002,0 114.306319999999999,22.32105,0 114.306428999999994,22.320238,0 114.307036999999994,22.319216999999998,0 114.306580999999994,22.318784999999998,0 114.305767000000003,22.319216999999998,0 114.30386,22.319099000000001,0 114.300439999999995,22.320038,0 114.298873,22.322282999999999,0 114.297208999999995,22.324503,0 114.297020000000003,22.325503000000001,0 114.297549000000004,22.326543999999998,0 114.297985999999995,22.327393000000001,0 114.298399000000003,22.329585000000002,0 114.299177,22.330095,0 114.299796000000001,22.329792999999999,0 114.302086000000003,22.327324000000001,0 114.303538000000003,22.326989000000001,0 114.304278999999994,22.325854,0 114.305353999999994,22.324535999999998,0</coordinates></LinearRing></outerBoundaryIs></Polygon><Polygon><outerBoundaryIs><LinearRing><coordinates>114.323375999999996,22.326111000000001,0 114.323071999999996,22.327110999999999,0 114.323594999999997,22.328759999999999,0 114.323504,22.329046000000002,0 114.322173000000006,22.329886999999999,0 114.321870000000004,22.330646000000002,0 114.322173000000006,22.331973000000001,0 114.321304999999995,22.333099000000001,0 114.320526999999998,22.334426000000001,0 114.320205000000001,22.335466,0 114.320374999999999,22.336054000000001,0 114.321044000000001,22.336727,0 114.321566000000004,22.337686999999999,0 114.322306999999995,22.338118999999999,0 114.323916999999994,22.338189,0 114.325466000000006,22.338801,0 114.326983999999996,22.339148000000002,0 114.328441999999995,22.338956,0 114.330313000000004,22.338417,0 114.331096000000002,22.337985,0 114.331599999999995,22.337140000000002,0 114.331964999999997,22.335401000000001,0 114.332627000000002,22.334793000000001,0 114.333033999999998,22.333058000000001,0 114.334322,22.332193,0 114.336100999999999,22.330760000000001,0 114.336472000000001,22.330262000000001,0 114.336119999999994,22.328111,0 114.335888999999995,22.325638000000001,0 114.335292999999993,22.325115,0 114.334297000000007,22.324895000000001,0 114.333471000000003,22.324110999999998,0 114.333276999999995,22.323307,0 114.332644999999999,22.322808999999999,0 114.331862000000001,22.32263,0 114.331011000000004,22.322714999999999,0 114.329662999999996,22.323906999999998,0 114.328514999999996,22.323861999999998,0 114.326790000000003,22.323426000000001,0 114.325417000000002,22.323446000000001,0 114.324852000000007,22.323789000000001,0 114.324330000000003,22.324919999999999,0 114.323375999999996,22.326111000000001,0</coordinates></LinearRing></outerBoundaryIs></Polygon><Polygon><outerBoundaryIs><LinearRing><coordinates>114.316232999999997,22.340036999999999,0 114.313942999999995,22.340910999999998,0 114.311283000000003,22.342991999999999,0 114.307905000000005,22.347868999999999,0 114.307485999999997,22.349494,0 114.307462000000001,22.351118,0 114.308294000000004,22.352481000000001,0 114.310474999999997,22.354129,0 114.310650999999993,22.354569999999999,0 114.309746000000004,22.356390000000001,0 114.309787999999998,22.357574,0 114.310147000000001,22.359067,0 114.310164999999998,22.360054999999999,0 114.309793999999997,22.361699000000002,0 114.308779999999999,22.362511000000001,0 114.308914000000001,22.362984999999998,0 114.309775999999999,22.36336,0 114.310164999999998,22.363797000000002,0 114.309971000000004,22.365048999999999,0 114.309229000000002,22.365024999999999,0 114.309113999999994,22.363842000000002,0 114.308209000000005,22.363838000000001,0 114.307316,22.364232999999999,0 114.306586999999993,22.365065999999999,0 114.306539000000001,22.365568,0 114.307485999999997,22.366208,0 114.306957999999995,22.366865000000001,0 114.306872999999996,22.367460999999999,0 114.307687000000001,22.368053,0 114.308768000000001,22.367967,0 114.308829000000003,22.368884999999999,0 114.309156999999999,22.369897000000002,0 114.308986000000004,22.370403,0 114.308209000000005,22.371015,0 114.307418999999996,22.372046999999998,0 114.305682000000004,22.372548999999999,0 114.305075000000002,22.373557000000002,0 114.304958999999997,22.375948000000001,0 114.305002000000002,22.377351999999998,0 114.305335999999997,22.377903,0 114.306252999999998,22.378191999999999,0 114.307777999999999,22.378191999999999,0 114.309180999999995,22.377748,0 114.310438000000005,22.377727,0 114.311289000000002,22.378409000000001,0 114.312194000000005,22.378588000000001,0 114.314877999999993,22.377756000000002,0 114.316980000000001,22.378221,0 114.319883000000004,22.376932,0 114.321335000000005,22.376821,0 114.322367999999997,22.376234,0 114.322817000000001,22.374960999999999,0 114.322022000000004,22.373117000000001,0 114.322726000000003,22.371687999999999,0 114.322501000000003,22.369427999999999,0 114.322671,22.368815999999999,0 114.323363999999998,22.368465,0 114.324742999999998,22.366886000000001,0 114.325733,22.364421,0 114.326066999999995,22.362290999999999,0 114.325575000000001,22.361895000000001,0 114.324541999999994,22.361761000000001,0 114.324310999999994,22.361433999999999,0 114.324870000000004,22.360116000000001,0 114.324639000000005,22.358817999999999,0 114.324766999999994,22.358312000000002,0 114.325604999999996,22.358226999999999,0 114.327445999999995,22.357703999999998,0 114.329139999999995,22.356916999999999,0 114.332043999999996,22.354904999999999,0 114.332840000000004,22.354047999999999,0 114.333076000000005,22.353325999999999,0 114.331916000000007,22.351481,0 114.331843000000006,22.350701000000001,0 114.332682000000005,22.348770999999999,0 114.332390000000004,22.347784000000001,0 114.331455000000005,22.347384000000002,0 114.331138999999993,22.346837000000001,0 114.331540000000004,22.345914,0 114.331181000000001,22.344992000000001,0 114.329256000000001,22.344417,0 114.329139999999995,22.344045000000001,0 114.329687000000007,22.343298000000001,0 114.330003000000005,22.342244999999998,0 114.329729999999998,22.340841000000001,0 114.328697000000005,22.339499,0 114.327603999999994,22.339278,0 114.324785000000006,22.339677999999999,0 114.322325000000006,22.340246,0 114.320631000000006,22.340878,0 114.319507000000002,22.341645,0 114.318613999999997,22.341576,0 114.317594,22.340281999999998,0 114.316232999999997,22.340036999999999,0</coordinates></LinearRing></outerBoundaryIs></Polygon><Polygon><outerBoundaryIs><LinearRing><coordinates>114.291595999999998,22.359500000000001,0 114.291019000000006,22.359826000000002,0 114.290854999999993,22.360527999999999,0 114.291437999999999,22.361463000000001,0 114.292088000000007,22.361581000000001,0 114.292325000000005,22.361059000000001,0 114.292002999999994,22.359753000000001,0 114.291595999999998,22.359500000000001,0</coordinates></LinearRing></outerBoundaryIs></Polygon><Polygon><outerBoundaryIs><LinearRing><coordinates>114.297044999999997,22.354811000000002,0 114.296442999999996,22.359442999999999,0 114.295805999999999,22.360557,0 114.295180000000002,22.361214,0 114.293947000000003,22.361867,0 114.292665,22.363499000000001,0 114.291803000000002,22.363983999999999,0 114.291516999999999,22.364526999999999,0 114.291765999999996,22.365098,0 114.293637000000004,22.366192000000002,0 114.294663999999997,22.367591999999998,0 114.295186000000001,22.369109999999999,0 114.295150000000007,22.370256000000001,0 114.295610999999994,22.371542000000002,0 114.298277999999996,22.373149000000002,0 114.299364999999995,22.373206,0 114.301333,22.371691999999999,0 114.301745999999994,22.370806999999999,0 114.301534000000004,22.370007000000001,0 114.300798999999998,22.369779000000001,0 114.299250000000001,22.370403,0 114.298618000000005,22.370346000000001,0 114.298527000000007,22.369256,0 114.299182999999999,22.368366999999999,0 114.299334999999999,22.366800000000001,0 114.299965999999998,22.3658,0 114.300883999999996,22.365286000000001,0 114.301169000000002,22.364339000000001,0 114.301910000000007,22.364000999999998,0 114.302942999999999,22.363171999999999,0 114.302918000000005,22.361568999999999,0 114.30171,22.360278999999998,0 114.301394000000002,22.359594000000001,0 114.301879999999997,22.35859,0 114.302080000000004,22.355471999999999,0 114.303082000000003,22.353158000000001,0 114.303118999999995,22.351382999999998,0 114.302396000000002,22.350525999999999,0 114.301132999999993,22.350235999999999,0 114.299851000000004,22.350465,0 114.299449999999993,22.350836000000001,0 114.299449999999993,22.351865,0 114.299936000000002,22.353407000000001,0 114.299760000000006,22.354011,0 114.298928000000004,22.354240000000001,0 114.297616000000005,22.354264000000001,0 114.297044999999997,22.354811000000002,0</coordinates></LinearRing></outerBoundaryIs></Polygon><Polygon><outerBoundaryIs><LinearRing><coordinates>114.328277999999997,22.364339000000001,0 114.328648000000001,22.364768000000002,0 114.330044999999998,22.364699000000002,0 114.330313000000004,22.364122999999999,0 114.329869000000002,22.36356,0 114.328618000000006,22.363862000000001,0 114.328277999999997,22.364339000000001,0</coordinates></LinearRing></outerBoundaryIs></Polygon><Polygon><outerBoundaryIs><LinearRing><coordinates>114.300281999999996,22.367184000000002,0 114.299880999999999,22.367424,0 114.299153000000004,22.368824,0 114.299796000000001,22.369326000000001,0 114.300483,22.368804000000001,0 114.301449000000005,22.36844,0 114.301333,22.367668999999999,0 114.300281999999996,22.367184000000002,0</coordinates></LinearRing></outerBoundaryIs></Polygon><Polygon><outerBoundaryIs><LinearRing><coordinates>114.305688000000004,22.369154000000002,0 114.306495999999996,22.369060999999999,0 114.306799999999996,22.368615999999999,0 114.306410999999997,22.368016000000001,0 114.305560999999997,22.368186999999999,0 114.305688000000004,22.369154000000002,0</coordinates></LinearRing></outerBoundaryIs></Polygon><Polygon><outerBoundaryIs><LinearRing><coordinates>114.329759999999993,22.371023000000001,0 114.329481000000001,22.370958000000002,0 114.329437999999996,22.369501,0 114.328557000000004,22.368023999999998,0 114.327932000000004,22.367763,0 114.327014000000005,22.368020000000001,0 114.325490000000002,22.369432,0 114.325101000000004,22.370138000000001,0 114.325209999999998,22.373650999999999,0 114.326030000000003,22.374545000000001,0 114.327561000000003,22.374715999999999,0 114.331017000000003,22.373263000000001,0 114.334138999999993,22.371365999999998,0 114.334540000000004,22.370875999999999,0 114.334879999999998,22.368314000000002,0 114.334097,22.366620000000001,0 114.333994000000004,22.363340000000001,0 114.333737999999997,22.362922999999999,0 114.332852000000003,22.362539999999999,0 114.331757999999994,22.362997,0 114.331315000000004,22.364899000000001,0 114.330196999999998,22.366710000000001,0 114.330100000000002,22.367445,0 114.330360999999996,22.369810999999999,0 114.330319000000003,22.370329999999999,0 114.329759999999993,22.371023000000001,0</coordinates></LinearRing></outerBoundaryIs></Polygon><Polygon><outerBoundaryIs><LinearRing><coordinates>114.306890999999993,22.372046999999998,0 114.307424999999995,22.371027000000002,0 114.307280000000006,22.370293,0 114.306799999999996,22.369869000000001,0 114.305967999999993,22.369696999999999,0 114.305227000000002,22.369900999999999,0 114.304813999999993,22.370488999999999,0 114.304715999999999,22.371427000000001,0 114.304237000000001,22.372337000000002,0 114.304291000000006,22.372752999999999,0 114.305019999999999,22.372872000000001,0 114.305627999999999,22.372402000000001,0 114.306890999999993,22.372046999999998,0</coordinates></LinearRing></outerBoundaryIs></Polygon><Polygon><outerBoundaryIs><LinearRing><coordinates>114.294122999999999,22.373125000000002,0 114.294748999999996,22.373427,0 114.295367999999996,22.373214000000001,0 114.295671999999996,22.372558000000001,0 114.295326000000003,22.372288000000001,0 114.294304999999994,22.372540999999998,0 114.294122999999999,22.373125000000002,0</coordinates></LinearRing></outerBoundaryIs></Polygon><Polygon><outerBoundaryIs><LinearRing><coordinates>114.294365999999997,22.375433999999998,0 114.293923000000007,22.375197,0 114.293594999999996,22.375274999999998,0 114.292136999999997,22.37696,0 114.292197999999999,22.377393000000001,0 114.292968999999999,22.377587999999999,0 114.294134999999997,22.376964000000001,0 114.294681999999995,22.376116,0 114.294365999999997,22.375433999999998,0</coordinates></LinearRing></outerBoundaryIs></Polygon><Polygon><outerBoundaryIs><LinearRing><coordinates>114.303751000000005,22.377254000000001,0 114.304436999999993,22.377200999999999,0 114.304248999999999,22.376458,0 114.303751000000005,22.377254000000001,0</coordinates></LinearRing></outerBoundaryIs></Polygon><Polygon><outerBoundaryIs><LinearRing><coordinates>114.318948000000006,22.381696999999999,0 114.319519,22.382126,0 114.319852999999995,22.381142000000001,0 114.319597999999999,22.380832000000002,0 114.319160999999994,22.380955,0 114.318948000000006,22.381696999999999,0</coordinates></LinearRing></outerBoundaryIs></Polygon><Polygon><outerBoundaryIs><LinearRing><coordinates>114.322901999999999,22.383071999999999,0 114.321674999999999,22.381563,0 114.320424000000003,22.381118000000001,0 114.319980999999999,22.381477,0 114.319682999999998,22.382480999999999,0 114.319840999999997,22.383664,0 114.320144999999997,22.384454999999999,0 114.321031000000005,22.385380999999999,0 114.323188000000002,22.385316,0 114.323504,22.384243000000001,0 114.322901999999999,22.383071999999999,0</coordinates></LinearRing></outerBoundaryIs></Polygon><Polygon><outerBoundaryIs><LinearRing><coordinates>114.318286000000001,22.387457999999999,0 114.318832999999998,22.386544000000001,0 114.318625999999995,22.386033999999999,0 114.317806000000004,22.386475000000001,0 114.317660000000004,22.387201000000001,0 114.318286000000001,22.387457999999999,0</coordinates></LinearRing></outerBoundaryIs></Polygon><Polygon><outerBoundaryIs><LinearRing><coordinates>114.296066999999994,22.460529999999999,0 114.295762999999994,22.460232999999999,0 114.295282999999998,22.460771000000001,0 114.295616999999993,22.461424000000001,0 114.296066999999994,22.460529999999999,0</coordinates></LinearRing></outerBoundaryIs></Polygon><Polygon><outerBoundaryIs><LinearRing><coordinates>114.308999,22.498783,0 114.309629999999999,22.499006999999999,0 114.309758000000002,22.498383,0 114.308876999999995,22.49802,0 114.308548999999999,22.498273000000001,0 114.308999,22.498783,0</coordinates></LinearRing></outerBoundaryIs></Polygon><Polygon><outerBoundaryIs><LinearRing><coordinates>114.296018000000004,22.507294999999999,0 114.295569,22.506712,0 114.295557000000002,22.507449000000001,0 114.296018000000004,22.507294999999999,0</coordinates></LinearRing></outerBoundaryIs></Polygon><Polygon><outerBoundaryIs><LinearRing><coordinates>114.301265999999998,22.507750999999999,0 114.299893999999995,22.507954999999999,0 114.299364999999995,22.509288000000002,0 114.299206999999996,22.510437,0 114.299875,22.510662,0 114.300336999999999,22.509654999999999,0 114.301423999999997,22.509581000000001,0 114.302013000000002,22.510477999999999,0 114.302650999999997,22.510432999999999,0 114.302978999999993,22.509712,0 114.304145000000005,22.509308000000001,0 114.304777000000001,22.510629000000002,0 114.306593000000007,22.51078,0 114.306738999999993,22.510005,0 114.307237000000001,22.510062000000001,0 114.30762,22.509577,0 114.307535000000001,22.508472999999999,0 114.307766000000001,22.507930000000002,0 114.309028999999995,22.507868999999999,0 114.309454000000002,22.508614999999999,0 114.308481999999998,22.509340999999999,0 114.308791999999997,22.510114999999999,0 114.309314000000001,22.510282,0 114.310237999999998,22.510123,0 114.310468999999998,22.510323,0 114.310498999999993,22.511635999999999,0 114.311374000000001,22.512003,0 114.312016999999997,22.511811000000002,0 114.312376,22.512153000000001,0 114.312533999999999,22.513363999999999,0 114.313749000000001,22.514346,0 114.314252999999994,22.515647000000001,0 114.314301,22.516548,0 114.313736000000006,22.518263999999999,0 114.313705999999996,22.518882999999999,0 114.314149,22.520595,0 114.314027999999993,22.521108999999999,0 114.313348000000005,22.521639,0 114.313001,22.522290999999999,0 114.313687999999999,22.52346,0 114.314470999999998,22.523599000000001,0 114.318019000000007,22.522005,0 114.320327000000006,22.520859999999999,0 114.322233999999995,22.517969999999998,0 114.322125,22.517192000000001,0 114.321529999999996,22.516874000000001,0 114.321456999999995,22.516445999999998,0 114.322173000000006,22.515830000000001,0 114.322939000000005,22.516258000000001,0 114.324020000000004,22.516397000000001,0 114.326449999999994,22.514476999999999,0 114.326449999999994,22.513397000000001,0 114.324432999999999,22.512602000000001,0 114.323989999999995,22.512194000000001,0 114.323685999999995,22.511167,0 114.322361999999998,22.510193000000001,0 114.321633000000006,22.509239000000001,0 114.320909999999998,22.508742000000002,0 114.318376999999998,22.507922000000001,0 114.317015999999995,22.507914,0 114.316676000000001,22.507576,0 114.315875000000005,22.505648000000001,0 114.315492000000006,22.505203000000002,0 114.313955000000007,22.505113999999999,0 114.311458999999999,22.506646,0 114.310748000000004,22.506716000000001,0 114.309618,22.506005999999999,0 114.309618,22.504681999999999,0 114.309332999999995,22.504204999999999,0 114.307947999999996,22.503124,0 114.307175999999998,22.502839000000002,0 114.304534000000004,22.501473000000001,0 114.303830000000005,22.501387999999999,0 114.302524000000005,22.501946,0 114.300762000000006,22.503748000000002,0 114.300798999999998,22.504481999999999,0 114.301552000000001,22.504669,0 114.301455000000004,22.505925000000001,0 114.302317000000002,22.505941,0 114.302359999999993,22.506862000000002,0 114.301265999999998,22.507750999999999,0</coordinates></LinearRing></outerBoundaryIs></Polygon><Polygon><outerBoundaryIs><LinearRing><coordinates>114.291712000000004,22.517669000000001,0 114.292769000000007,22.517999,0 114.293916999999993,22.517457,0 114.293996000000007,22.516548,0 114.293479000000005,22.516323,0 114.291572000000002,22.515989000000001,0 114.290867000000006,22.516026,0 114.290181000000004,22.516385,0 114.289495000000002,22.517880000000002,0 114.289773999999994,22.518394000000001,0 114.290976999999998,22.518594,0 114.291238000000007,22.517807000000001,0 114.291712000000004,22.517669000000001,0</coordinates></LinearRing></outerBoundaryIs></Polygon><Polygon><outerBoundaryIs><LinearRing><coordinates>114.292300999999995,22.523741999999999,0 114.293132999999997,22.52355,0 114.292550000000006,22.523114,0 114.292300999999995,22.523741999999999,0</coordinates></LinearRing></outerBoundaryIs></Polygon><Polygon><outerBoundaryIs><LinearRing><coordinates>114.313086999999996,22.525428999999999,0 114.312522000000001,22.526150999999999,0 114.312115000000006,22.529419000000001,0 114.312273000000005,22.530695000000001,0 114.313263000000006,22.532108999999998,0 114.314216000000002,22.532834999999999,0 114.315309999999997,22.532712,0 114.317053000000001,22.531478,0 114.318025000000006,22.529696000000001,0 114.319653000000002,22.527667000000001,0 114.321225999999996,22.527597,0 114.322094000000007,22.528041999999999,0 114.322622999999993,22.529101000000001,0 114.322483000000005,22.530588999999999,0 114.322379999999995,22.533629999999999,0 114.322860000000006,22.534863999999999,0 114.323849999999993,22.535430999999999,0 114.325064999999995,22.535312999999999,0 114.326024000000004,22.534003999999999,0 114.326770999999994,22.532540999999998,0 114.327050999999997,22.531001,0 114.326729,22.529516999999998,0 114.325405000000003,22.528065999999999,0 114.325525999999996,22.525417000000001,0 114.325800000000001,22.524063999999999,0 114.326158000000007,22.523163,0 114.326127999999997,22.521891,0 114.325241000000005,22.520298,0 114.323989999999995,22.519821,0 114.323103000000003,22.520216000000001,0 114.322781000000006,22.521007000000001,0 114.322215999999997,22.521360999999999,0 114.320381999999995,22.521695999999999,0 114.317635999999993,22.523631999999999,0 114.316007999999997,22.524584999999998,0 114.313086999999996,22.525428999999999,0</coordinates></LinearRing></outerBoundaryIs></Polygon><Polygon><outerBoundaryIs><LinearRing><coordinates>114.293728000000002,22.530176999999998,0 114.293109000000001,22.529754000000001,0 114.292968999999999,22.530234,0 114.293728000000002,22.530176999999998,0</coordinates></LinearRing></outerBoundaryIs></Polygon><Polygon><outerBoundaryIs><LinearRing><coordinates>114.314125000000004,22.539180000000002,0 114.314891000000003,22.538353000000001,0 114.314950999999994,22.537590999999999,0 114.314476999999997,22.536629000000001,0 114.312212000000002,22.534754,0 114.31062,22.534082000000001,0 114.309872999999996,22.534461,0 114.309618,22.535291999999998,0 114.309539000000001,22.536947000000001,0 114.309933999999998,22.538246999999998,0 114.311111999999994,22.539110999999998,0 114.311950999999993,22.539466000000001,0 114.312965000000005,22.539546999999999,0 114.314125000000004,22.539180000000002,0</coordinates></LinearRing></outerBoundaryIs></Polygon><Polygon><outerBoundaryIs><LinearRing><coordinates>114.304867999999999,22.533446000000001,0 114.304102999999998,22.533698999999999,0 114.303708,22.532961,0 114.303161000000003,22.532495999999998,0 114.301526999999993,22.531963000000001,0 114.299115999999998,22.530564999999999,0 114.298102,22.531155999999999,0 114.296212999999995,22.531089999999999,0 114.295531999999994,22.530687,0 114.294748999999996,22.530638,0 114.293576000000002,22.531119,0 114.293091000000004,22.531037000000001,0 114.291450999999995,22.529896000000001,0 114.290909999999997,22.529843,0 114.290156999999994,22.530728,0 114.290235999999993,22.531562999999998,0 114.291505000000001,22.532957,0 114.292160999999993,22.534229,0 114.292094000000006,22.535585999999999,0 114.293144999999996,22.536332000000002,0 114.295186000000001,22.536294999999999,0 114.295969999999997,22.53744,0 114.297014000000004,22.537668,0 114.297269999999997,22.537220000000001,0 114.297330000000002,22.536148000000001,0 114.298508999999996,22.536275,0 114.298691000000005,22.536726999999999,0 114.297786000000002,22.537863999999999,0 114.293509999999998,22.541744000000001,0 114.291013000000007,22.543900000000001,0 114.291000999999994,22.544844999999999,0 114.291432,22.545216,0 114.292385999999993,22.545424000000001,0 114.295726999999999,22.545591000000002,0 114.295689999999993,22.546610000000001,0 114.295083000000005,22.547326999999999,0 114.293467000000007,22.548390999999999,0 114.292775000000006,22.549779999999998,0 114.292781000000005,22.550488999999999,0 114.293698000000006,22.551492,0 114.294330000000002,22.551773000000001,0 114.295247000000003,22.552629,0 114.296462000000005,22.552717999999999,0 114.297543000000005,22.552396000000002,0 114.298551000000003,22.551708000000001,0 114.298618000000005,22.550851999999999,0 114.297932000000003,22.550000000000001,0 114.298113999999998,22.549132,0 114.298490000000001,22.549033999999999,0 114.303895999999995,22.548438999999998,0 114.308683000000002,22.54813,0 114.309618,22.549409000000001,0 114.312247999999997,22.548113000000001,0 114.312861999999996,22.548105,0 114.315340000000006,22.548667999999999,0 114.316573000000005,22.548805999999999,0 114.317812000000004,22.547946,0 114.319355000000002,22.548504999999999,0 114.321061999999998,22.548214999999999,0 114.321894,22.547868999999999,0 114.322318999999993,22.547371999999999,0 114.322057999999998,22.546748000000001,0 114.320886000000002,22.546711999999999,0 114.320096000000007,22.546451000000001,0 114.319215,22.545489,0 114.317854999999994,22.544923000000001,0 114.316719000000006,22.544212999999999,0 114.315546999999995,22.544279,0 114.313462999999999,22.545798999999999,0 114.313141000000002,22.545493,0 114.313462999999999,22.544711,0 114.313123000000004,22.543969000000001,0 114.311628999999996,22.543980999999999,0 114.311210000000003,22.543801999999999,0 114.310280000000006,22.542293999999998,0 114.308768000000001,22.541471000000001,0 114.307838000000004,22.541357000000001,0 114.306933000000001,22.542000999999999,0 114.305154000000002,22.543642999999999,0 114.303623000000002,22.544764000000001,0 114.302128999999994,22.545081,0 114.300524999999993,22.544951000000001,0 114.299833000000007,22.544208999999999,0 114.299267999999998,22.54317,0 114.299250000000001,22.541450000000001,0 114.299845000000005,22.541145,0 114.300932000000003,22.541136999999999,0 114.301862,22.540846999999999,0 114.302475000000001,22.540414999999999,0 114.302773000000002,22.537738000000001,0 114.303319000000002,22.537113999999999,0 114.305378000000005,22.535495999999998,0 114.307254999999998,22.533764000000001,0 114.308045000000007,22.533588999999999,0 114.309332999999995,22.534172000000002,0 114.310097999999996,22.533995999999998,0 114.310760000000002,22.532823,0 114.310182999999995,22.530380999999998,0 114.309661000000006,22.529211,0 114.309186999999994,22.528841,0 114.308507000000006,22.528905999999999,0 114.307333999999997,22.529513000000001,0 114.306308000000001,22.529672000000001,0 114.304753000000005,22.529395000000001,0 114.304120999999995,22.529585999999998,0 114.303980999999993,22.530246999999999,0 114.304867999999999,22.533446000000001,0</coordinates></LinearRing></outerBoundaryIs></Polygon><Polygon><outerBoundaryIs><LinearRing><coordinates>114.352379999999997,22.250767,0 114.351917999999998,22.250734999999999,0 114.350624999999994,22.251011999999999,0 114.350144999999998,22.251408000000001,0 114.350156999999996,22.252503000000001,0 114.351067999999998,22.252797000000001,0 114.352075999999997,22.252139,0 114.352435,22.251560000000001,0 114.352379999999997,22.250767,0</coordinates></LinearRing></outerBoundaryIs></Polygon><Polygon><outerBoundaryIs><LinearRing><coordinates>114.355198000000001,22.255275999999999,0 114.355866000000006,22.256301000000001,0 114.355750999999998,22.257864999999999,0 114.355902999999998,22.258493999999999,0 114.356528999999995,22.258828999999999,0 114.357264000000001,22.258596000000001,0 114.357543000000007,22.258040999999999,0 114.357378999999995,22.256990999999999,0 114.357573000000002,22.255925000000001,0 114.358149999999995,22.255223000000001,0 114.358260000000001,22.253862999999999,0 114.358005000000006,22.253364999999999,0 114.357202999999998,22.252735999999999,0 114.357676999999995,22.251653000000001,0 114.357494000000003,22.251114000000001,0 114.356352000000001,22.250996000000001,0 114.354742999999999,22.251633000000002,0 114.354712000000006,22.250668999999998,0 114.354014000000006,22.250404,0 114.353206,22.250914000000002,0 114.353018000000006,22.251515000000001,0 114.353121000000002,22.253340000000001,0 114.352780999999993,22.254071,0 114.352896000000001,22.255593999999999,0 114.353685999999996,22.255696,0 114.355198000000001,22.255275999999999,0</coordinates></LinearRing></outerBoundaryIs></Polygon><Polygon><outerBoundaryIs><LinearRing><coordinates>114.350582000000003,22.260217000000001,0 114.350284000000002,22.259723000000001,0 114.349700999999996,22.259914999999999,0 114.349767999999997,22.260421000000001,0 114.350582000000003,22.260217000000001,0</coordinates></LinearRing></outerBoundaryIs></Polygon><Polygon><outerBoundaryIs><LinearRing><coordinates>114.375248999999997,22.261780999999999,0 114.374733000000006,22.261980999999999,0 114.373960999999994,22.263121000000002,0 114.374204000000006,22.263680000000001,0 114.374970000000005,22.263504000000001,0 114.375583000000006,22.262663,0 114.375619,22.261879,0 114.375248999999997,22.261780999999999,0</coordinates></LinearRing></outerBoundaryIs></Polygon><Polygon><outerBoundaryIs><LinearRing><coordinates>114.371313000000001,22.264365999999999,0 114.371769,22.264635999999999,0 114.372352000000006,22.264329,0 114.372066000000004,22.263577999999999,0 114.371392,22.263794000000001,0 114.371313000000001,22.264365999999999,0</coordinates></LinearRing></outerBoundaryIs></Polygon><Polygon><outerBoundaryIs><LinearRing><coordinates>114.353206,22.266538000000001,0 114.353545999999994,22.267139,0 114.353381999999996,22.268082,0 114.353783000000007,22.268466,0 114.354567000000003,22.268592000000002,0 114.355683999999997,22.268146999999999,0 114.356188000000003,22.267652999999999,0 114.356273000000002,22.267105999999998,0 114.355466000000007,22.266085,0 114.355519999999999,22.265183,0 114.354669999999999,22.264071999999999,0 114.354117000000002,22.262899999999998,0 114.354190000000003,22.261838000000001,0 114.353825999999998,22.261087,0 114.352714000000006,22.260168,0 114.351937000000007,22.260078,0 114.350988999999998,22.260314999999999,0 114.350594000000001,22.260788999999999,0 114.350643000000005,22.262278999999999,0 114.351018999999994,22.263451,0 114.350836999999999,22.264749999999999,0 114.351213999999999,22.265428,0 114.353206,22.266538000000001,0</coordinates></LinearRing></outerBoundaryIs></Polygon><Polygon><outerBoundaryIs><LinearRing><coordinates>114.356078999999994,22.268196,0 114.355283,22.268535,0 114.355155999999994,22.269397000000001,0 114.356352000000001,22.268640999999999,0 114.356078999999994,22.268196,0</coordinates></LinearRing></outerBoundaryIs></Polygon><Polygon><outerBoundaryIs><LinearRing><coordinates>114.371494999999996,22.318254,0 114.370802999999995,22.31756,0 114.372885999999994,22.316299000000001,0 114.373275000000007,22.315503,0 114.373846,22.313707000000001,0 114.374593000000004,22.313033000000001,0 114.374429000000006,22.311893999999999,0 114.373737000000006,22.311874,0 114.373463000000001,22.310853000000002,0 114.374812000000006,22.309628,0 114.375078999999999,22.308917999999998,0 114.375861999999998,22.308543,0 114.375759000000002,22.307832000000001,0 114.374617000000001,22.307815999999999,0 114.373123000000007,22.307493000000001,0 114.372607000000002,22.306106,0 114.372800999999995,22.304130000000001,0 114.37209,22.303774000000001,0 114.370632999999998,22.304272999999998,0 114.369618000000003,22.305195000000001,0 114.369508999999994,22.305816,0 114.369776000000002,22.307027999999999,0 114.369600000000005,22.308073,0 114.368993000000003,22.308837,0 114.368088,22.309191999999999,0 114.366981999999993,22.310362999999999,0 114.366557,22.311036999999999,0 114.366235000000003,22.312387999999999,0 114.365682000000007,22.313119,0 114.365487999999999,22.314449,0 114.365201999999996,22.315923000000002,0 114.365221000000005,22.316972,0 114.365682000000007,22.317793000000002,0 114.366574999999997,22.318238000000001,0 114.368585999999993,22.318453999999999,0 114.369411999999997,22.318393,0 114.370906000000005,22.318677999999998,0 114.371494999999996,22.318254,0</coordinates></LinearRing></outerBoundaryIs></Polygon><Polygon><outerBoundaryIs><LinearRing><coordinates>114.354585,22.322780999999999,0 114.355768999999995,22.322914999999998,0 114.357603999999995,22.321981000000001,0 114.358307999999994,22.322261999999998,0 114.358958000000001,22.323596999999999,0 114.359724,22.324470999999999,0 114.361144999999993,22.324694999999998,0 114.362457000000006,22.324234000000001,0 114.362852000000004,22.323208999999999,0 114.362432999999996,22.321617,0 114.361497,22.320523000000001,0 114.359936000000005,22.319997000000001,0 114.359347,22.319555999999999,0 114.359177000000003,22.318968000000002,0 114.359674999999996,22.316960000000002,0 114.359218999999996,22.315168,0 114.358320000000006,22.313922999999999,0 114.357208999999997,22.313351000000001,0 114.356358,22.313147000000001,0 114.354912999999996,22.313413000000001,0 114.354512,22.312825,0 114.354409000000004,22.310269000000002,0 114.353643000000005,22.309591999999999,0 114.352435,22.309677000000001,0 114.351408000000006,22.310461,0 114.350339000000005,22.313514999999999,0 114.350448,22.315066000000002,0 114.352002999999996,22.318193000000001,0 114.352986999999999,22.321099,0 114.354585,22.322780999999999,0</coordinates></LinearRing></outerBoundaryIs></Polygon><Polygon><outerBoundaryIs><LinearRing><coordinates>114.370857000000001,22.319130999999999,0 114.370153000000002,22.319776000000001,0 114.370371000000006,22.320143999999999,0 114.371058000000005,22.319673999999999,0 114.371427999999995,22.318926999999999,0 114.370857000000001,22.319130999999999,0</coordinates></LinearRing></outerBoundaryIs></Polygon><Polygon><outerBoundaryIs><LinearRing><coordinates>114.332335,22.320385000000002,0 114.332122999999996,22.319718999999999,0 114.331528000000006,22.319984999999999,0 114.331581999999997,22.320388999999999,0 114.332335,22.320385000000002,0</coordinates></LinearRing></outerBoundaryIs></Polygon><Polygon><outerBoundaryIs><LinearRing><coordinates>114.372345999999993,22.323156000000001,0 114.372619,22.323581000000001,0 114.373913000000002,22.323163999999998,0 114.374009999999998,22.322669999999999,0 114.373329999999996,22.322514999999999,0 114.372667000000007,22.322581,0 114.372345999999993,22.323156000000001,0</coordinates></LinearRing></outerBoundaryIs></Polygon><Polygon><outerBoundaryIs><LinearRing><coordinates>114.371816999999993,22.322548000000001,0 114.371415999999996,22.323262,0 114.371914000000004,22.323613000000002,0 114.372285000000005,22.323426000000001,0 114.371816999999993,22.322548000000001,0</coordinates></LinearRing></outerBoundaryIs></Polygon><Polygon><outerBoundaryIs><LinearRing><coordinates>114.372502999999995,22.323723999999999,0 114.372540000000001,22.324168,0 114.373445000000004,22.324262000000001,0 114.374240999999998,22.324083000000002,0 114.374258999999995,22.323429999999998,0 114.373694,22.323343999999999,0 114.372502999999995,22.323723999999999,0</coordinates></LinearRing></outerBoundaryIs></Polygon><Polygon><outerBoundaryIs><LinearRing><coordinates>114.375808000000006,22.327434,0 114.376092999999997,22.328755999999998,0 114.377345000000005,22.329564000000001,0 114.378176999999994,22.329079,0 114.378473999999997,22.328132,0 114.380139,22.328071000000001,0 114.380781999999996,22.327082999999998,0 114.382356000000001,22.326665999999999,0 114.383042000000003,22.326111000000001,0 114.383296999999999,22.325536,0 114.382859999999994,22.324956,0 114.381006999999997,22.325295000000001,0 114.380253999999994,22.325054000000002,0 114.379568000000006,22.325261999999999,0 114.378523000000001,22.325181000000001,0 114.377302,22.325486999999999,0 114.376311999999999,22.326238,0 114.375808000000006,22.327434,0</coordinates></LinearRing></outerBoundaryIs></Polygon><Polygon><outerBoundaryIs><LinearRing><coordinates>114.376876999999993,22.330808999999999,0 114.376913000000002,22.329552,0 114.375911000000002,22.328809,0 114.375425000000007,22.328785,0 114.374654000000007,22.329197000000001,0 114.374713999999997,22.330438000000001,0 114.374077,22.331416999999998,0 114.374549999999999,22.332180999999999,0 114.375266999999994,22.332262,0 114.375893000000005,22.331924000000001,0 114.376876999999993,22.330808999999999,0</coordinates></LinearRing></outerBoundaryIs></Polygon><Polygon><outerBoundaryIs><LinearRing><coordinates>114.364874,22.332552,0 114.365359999999995,22.333915000000001,0 114.365318000000002,22.335637999999999,0 114.365840000000006,22.336331999999999,0 114.366975999999994,22.336666000000001,0 114.368464000000003,22.336544,0 114.369204999999994,22.336148000000001,0 114.369788,22.337278000000001,0 114.370863,22.337637999999998,0 114.372230000000002,22.337282999999999,0 114.373025999999996,22.336319,0 114.373384000000001,22.334287,0 114.372898000000006,22.332588999999999,0 114.371696,22.331095000000001,0 114.371841000000003,22.329732,0 114.372273000000007,22.328956000000002,0 114.373445000000004,22.328327999999999,0 114.373591000000005,22.327638,0 114.373062000000004,22.326903000000001,0 114.371950999999996,22.326861999999998,0 114.371829000000005,22.325894999999999,0 114.371172999999999,22.325434000000001,0 114.370182999999997,22.325471,0 114.367918000000003,22.326854000000001,0 114.367249000000001,22.327062000000002,0 114.365584999999996,22.326805,0 114.364771000000005,22.327499,0 114.364607000000007,22.328441999999999,0 114.365335999999999,22.331106999999999,0 114.364874,22.332552,0</coordinates></LinearRing></outerBoundaryIs></Polygon><Polygon><outerBoundaryIs><LinearRing><coordinates>114.340547999999998,22.332540000000002,0 114.340267999999995,22.331520000000001,0 114.338901000000007,22.331372999999999,0 114.338075000000003,22.331568999999998,0 114.337614000000002,22.332507,0 114.338050999999993,22.334160000000001,0 114.338434000000007,22.334465999999999,0 114.339563999999996,22.33456,0 114.340024999999997,22.333812999999999,0 114.340068000000002,22.333041999999999,0 114.340547999999998,22.332540000000002,0</coordinates></LinearRing></outerBoundaryIs></Polygon><Polygon><outerBoundaryIs><LinearRing><coordinates>114.379318999999995,22.336548000000001,0 114.380460999999997,22.336462000000001,0 114.380643000000006,22.335996999999999,0 114.380004999999997,22.335771999999999,0 114.379306,22.336013000000001,0 114.379318999999995,22.336548000000001,0</coordinates></LinearRing></outerBoundaryIs></Polygon><Polygon><outerBoundaryIs><LinearRing><coordinates>114.356541000000007,22.340085999999999,0 114.357166000000007,22.340081999999999,0 114.357239000000007,22.339393000000001,0 114.356577000000001,22.339134999999999,0 114.356322000000006,22.339299,0 114.356541000000007,22.340085999999999,0</coordinates></LinearRing></outerBoundaryIs></Polygon><Polygon><outerBoundaryIs><LinearRing><coordinates>114.373530000000002,22.34196,0 114.373875999999996,22.342873999999998,0 114.374786999999998,22.343126999999999,0 114.375140000000002,22.342894000000001,0 114.375304,22.341943000000001,0 114.374549999999999,22.341425000000001,0 114.373530000000002,22.34196,0</coordinates></LinearRing></outerBoundaryIs></Polygon><Polygon><outerBoundaryIs><LinearRing><coordinates>114.371070000000003,22.345282000000001,0 114.370839000000004,22.344889999999999,0 114.370299000000003,22.345388,0 114.371070000000003,22.345282000000001,0</coordinates></LinearRing></outerBoundaryIs></Polygon><Polygon><outerBoundaryIs><LinearRing><coordinates>114.331637000000001,22.360209999999999,0 114.331800999999999,22.360666999999999,0 114.332201999999995,22.360287,0 114.331637000000001,22.360209999999999,0</coordinates></LinearRing></outerBoundaryIs></Polygon><Polygon><outerBoundaryIs><LinearRing><coordinates>114.397364999999994,22.359764999999999,0 114.396921000000006,22.359687999999998,0 114.396320000000003,22.359919999999999,0 114.395403000000002,22.361495000000001,0 114.395511999999997,22.362245999999999,0 114.396320000000003,22.362507000000001,0 114.397085000000004,22.361985000000001,0 114.397425999999996,22.360928000000001,0 114.397364999999994,22.359764999999999,0</coordinates></LinearRing></outerBoundaryIs></Polygon><Polygon><outerBoundaryIs><LinearRing><coordinates>114.390530999999996,22.399477000000001,0 114.391868000000002,22.399522000000001,0 114.391988999999995,22.398596000000001,0 114.391321000000005,22.398343000000001,0 114.390568000000002,22.398762999999999,0 114.390530999999996,22.399477000000001,0</coordinates></LinearRing></outerBoundaryIs></Polygon><Polygon><outerBoundaryIs><LinearRing><coordinates>114.390913999999995,22.399705000000001,0 114.389978999999997,22.399896999999999,0 114.389826999999997,22.400309,0 114.390246000000005,22.401447000000001,0 114.391333000000003,22.401365999999999,0 114.391704000000004,22.400884000000001,0 114.391763999999995,22.400113000000001,0 114.390913999999995,22.399705000000001,0</coordinates></LinearRing></outerBoundaryIs></Polygon><Polygon><outerBoundaryIs><LinearRing><coordinates>114.406585000000007,22.430555999999999,0 114.406379000000001,22.431077999999999,0 114.406907000000004,22.431331,0 114.407114000000007,22.430796000000001,0 114.406585000000007,22.430555999999999,0</coordinates></LinearRing></outerBoundaryIs></Polygon><Polygon><outerBoundaryIs><LinearRing><coordinates>114.406986000000003,22.433606000000001,0 114.407331999999997,22.432921,0 114.406676000000004,22.432448000000001,0 114.406420999999995,22.432554,0 114.406531000000001,22.433426999999998,0 114.406986000000003,22.433606000000001,0</coordinates></LinearRing></outerBoundaryIs></Polygon><Polygon><outerBoundaryIs><LinearRing><coordinates>114.401094000000001,22.445323999999999,0 114.399946,22.444984999999999,0 114.399096,22.445401,0 114.399101999999999,22.446204999999999,0 114.399606000000006,22.4468,0 114.399928000000003,22.446735,0 114.400317000000001,22.445878,0 114.401143000000005,22.445976000000002,0 114.401094000000001,22.445323999999999,0</coordinates></LinearRing></outerBoundaryIs></Polygon><Polygon><outerBoundaryIs><LinearRing><coordinates>114.433597000000006,22.461957999999999,0 114.432540000000003,22.462700000000002,0 114.432078000000004,22.463532000000001,0 114.432017999999999,22.464383999999999,0 114.432619000000003,22.464376000000001,0 114.433439000000007,22.463291000000002,0 114.433796999999998,22.462496000000002,0 114.433597000000006,22.461957999999999,0</coordinates></LinearRing></outerBoundaryIs></Polygon><Polygon><outerBoundaryIs><LinearRing><coordinates>114.336434999999994,22.471665999999999,0 114.336083000000002,22.471805,0 114.335919000000004,22.472514,0 114.336314000000002,22.473053,0 114.337006000000002,22.47289,0 114.337280000000007,22.472294000000002,0 114.336878999999996,22.471715,0 114.336434999999994,22.471665999999999,0</coordinates></LinearRing></outerBoundaryIs></Polygon><Polygon><outerBoundaryIs><LinearRing><coordinates>114.361692000000005,22.472441,0 114.360688999999994,22.473513000000001,0 114.360913999999994,22.474654999999998,0 114.360579999999999,22.475764000000002,0 114.359905999999995,22.476641000000001,0 114.358234999999993,22.477615,0 114.358011000000005,22.478238999999999,0 114.358497,22.479246,0 114.360451999999995,22.480294000000001,0 114.361011000000005,22.480816000000001,0 114.362384000000006,22.482935999999999,0 114.363428999999996,22.483719000000001,0 114.364467000000005,22.483947000000001,0 114.365482,22.483754999999999,0 114.366848000000005,22.482939999999999,0 114.367868999999999,22.483008999999999,0 114.368841000000003,22.482716,0 114.369752000000005,22.481611000000001,0 114.369878999999997,22.479984000000002,0 114.369101999999998,22.478643000000002,0 114.368803999999997,22.476983000000001,0 114.369131999999993,22.476461,0 114.370340999999996,22.475975999999999,0 114.371482999999998,22.475259000000001,0 114.372332999999998,22.473925000000001,0 114.372394,22.471968,0 114.371871999999996,22.470011,0 114.369429999999994,22.468152,0 114.369131999999993,22.467466999999999,0 114.369296000000006,22.465216000000002,0 114.368093999999999,22.463099,0 114.366138000000007,22.462121,0 114.364430999999996,22.462149,0 114.363033999999999,22.462896000000001,0 114.362511999999995,22.463809000000001,0 114.362572,22.465077000000001,0 114.362972999999997,22.467589,0 114.362706000000003,22.468502000000001,0 114.362049999999996,22.469443999999999,0 114.361692000000005,22.472441,0</coordinates></LinearRing></outerBoundaryIs></Polygon><Polygon><outerBoundaryIs><LinearRing><coordinates>114.336751000000007,22.474582000000002,0 114.336375000000004,22.473884999999999,0 114.335967999999994,22.473814999999998,0 114.334704000000002,22.474475999999999,0 114.334686000000005,22.474802,0 114.335353999999995,22.475148000000001,0 114.335341999999997,22.477247999999999,0 114.335767000000004,22.478148999999998,0 114.336270999999996,22.478124999999999,0 114.337018999999998,22.477146000000001,0 114.336751000000007,22.474582000000002,0</coordinates></LinearRing></outerBoundaryIs></Polygon><Polygon><outerBoundaryIs><LinearRing><coordinates>114.338009,22.476963000000001,0 114.337892999999994,22.477318,0 114.338367000000005,22.477872000000001,0 114.339078000000001,22.477758000000001,0 114.339393000000001,22.477187000000001,0 114.338876999999997,22.476407999999999,0 114.338009,22.476963000000001,0</coordinates></LinearRing></outerBoundaryIs></Polygon><Polygon><outerBoundaryIs><LinearRing><coordinates>114.377022999999994,22.479738999999999,0 114.375242999999998,22.480412000000001,0 114.374806000000007,22.480734000000002,0 114.374836000000002,22.481493,0 114.375315999999998,22.481684000000001,0 114.377690999999999,22.480318,0 114.377629999999996,22.479759999999999,0 114.377022999999994,22.479738999999999,0</coordinates></LinearRing></outerBoundaryIs></Polygon><Polygon><outerBoundaryIs><LinearRing><coordinates>114.361090000000004,22.499773000000001,0 114.361382000000006,22.500907000000002,0 114.362384000000006,22.501791000000001,0 114.364041999999998,22.502448000000001,0 114.36533,22.502464,0 114.368009000000001,22.501783,0 114.368841000000003,22.501861000000002,0 114.369916000000003,22.502472000000001,0 114.370413999999997,22.501922,0 114.369872999999998,22.500845999999999,0 114.367857000000001,22.498828,0 114.367109999999997,22.497813000000001,0 114.366659999999996,22.496825999999999,0 114.366223000000005,22.494678,0 114.365834000000007,22.493715000000002,0 114.365371999999994,22.493361,0 114.363980999999995,22.493434000000001,0 114.362893999999997,22.492982000000001,0 114.362298999999993,22.493176999999999,0 114.361502999999999,22.494845000000002,0 114.359765999999993,22.497038,0 114.359475000000003,22.497665999999999,0 114.359705000000005,22.498142999999999,0 114.361011000000005,22.498607,0 114.361090000000004,22.499773000000001,0</coordinates></LinearRing></outerBoundaryIs></Polygon><Polygon><outerBoundaryIs><LinearRing><coordinates>114.33663,22.538637999999999,0 114.336314000000002,22.536885999999999,0 114.336040999999994,22.536707,0 114.335628,22.536808000000001,0 114.334576999999996,22.537773999999999,0 114.333848000000003,22.538740000000001,0 114.333854000000002,22.539286000000001,0 114.334430999999995,22.539864999999999,0 114.335154000000003,22.540004,0 114.335967999999994,22.539815999999998,0 114.33663,22.538637999999999,0</coordinates></LinearRing></outerBoundaryIs></Polygon><Polygon><outerBoundaryIs><LinearRing><coordinates>114.429910000000007,22.550118000000001,0 114.434016,22.551919999999999,0 114.435497999999995,22.551883,0 114.436262999999997,22.550978000000001,0 114.436367000000004,22.549783999999999,0 114.436081000000001,22.5474,0 114.436511999999993,22.544654000000001,0 114.438353000000006,22.542551,0 114.440119999999993,22.540741000000001,0 114.442100999999994,22.540414999999999,0 114.444845999999998,22.540410999999999,0 114.446577000000005,22.539686,0 114.447264000000004,22.538523999999999,0 114.446613999999997,22.536754999999999,0 114.445132000000001,22.535060000000001,0 114.442532,22.534265000000001,0 114.438894000000005,22.534379000000001,0 114.433730999999995,22.536413,0 114.431064000000006,22.537717000000001,0 114.429691000000005,22.539815999999998,0 114.428646000000001,22.543900000000001,0 114.428141999999994,22.54542,0 114.428610000000006,22.548349999999999,0 114.429910000000007,22.550118000000001,0</coordinates></LinearRing></outerBoundaryIs></Polygon></MultiGeometry></Placemark>
</Document>
</kml>