<?xml version="1.0" encoding="UTF-8"?>
<kml xmlns="http://www.opengis.net/kml/2.2">
  <Document>
    <name><![CDATA[重庆市]]></name>
    <Placemark>
      <name><![CDATA[重庆市]]></name>
      <description><![CDATA[由 38 个下级区县合并]]></description>
      <ExtendedData>
        <Data name="adcode"><value>500000</value></Data>
      </ExtendedData>
      <MultiGeometry>
      <Polygon>
        <outerBoundaryIs><LinearRing><coordinates>108.034778,30.574187,0 108.052847,30.572094,0 108.062667,30.574429,0 108.072537,30.582159,0 108.083339,30.579582,0 108.088593,30.572617,0 108.103863,30.573382,0 108.105631,30.591458,0 108.111621,30.59343,0 108.127187,30.586104,0 108.126647,30.577972,0 108.120067,30.576965,0 108.12645,30.564,0 108.143587,30.566215,0 108.153063,30.545879,0 108.152523,30.535931,0 108.163374,30.540805,0 108.171378,30.539314,0 108.165633,30.524411,0 108.175552,30.510633,0 108.184537,30.518167,0 108.195045,30.514501,0 108.207811,30.49766,0 108.230496,30.476705,0 108.232755,30.45502,0 108.241937,30.443773,0 108.223622,30.421274,0 108.236732,30.409216,0 108.254261,30.403529,0 108.261479,30.388605,0 108.275031,30.405546,0 108.296538,30.401109,0 108.298944,30.407562,0 108.315835,30.425387,0 108.317062,30.433129,0 108.33248,30.449336,0 108.338814,30.470337,0 108.344657,30.476987,0 108.378734,30.534884,0 108.394593,30.536737,0 108.404315,30.548295,0 108.410404,30.543261,0 108.409717,30.532749,0 108.402253,30.529688,0 108.399553,30.520504,0 108.409962,30.517563,0 108.412368,30.503059,0 108.427786,30.512567,0 108.42101,30.497176,0 108.424054,30.488956,0 108.440994,30.491011,0 108.45268,30.495968,0 108.455086,30.489319,0 108.479146,30.488956,0 108.491765,30.501488,0 108.513124,30.501407,0 108.528297,30.487505,0 108.542929,30.491978,0 108.55707,30.486014,0 108.564926,30.468564,0 108.569935,30.470418,0 108.581719,30.485893,0 108.591245,30.487787,0 108.590606,30.494718,0 108.598561,30.493872,0 108.611376,30.502173,0 108.604551,30.510795,0 108.621737,30.515468,0 108.620116,30.52288,0 108.628611,30.525176,0 108.649332,30.537824,0 108.649725,30.554215,0 108.64344,30.562027,0 108.639904,30.574751,0 108.654487,30.585017,0 108.666223,30.5886,0 108.690479,30.586708,0 108.700004,30.561786,0 108.699415,30.544389,0 108.711592,30.537864,0 108.715815,30.530373,0 108.711887,30.523203,0 108.726176,30.515548,0 108.723966,30.507572,0 108.744196,30.494799,0 108.761529,30.505315,0 108.77292,30.503502,0 108.788534,30.51293,0 108.799239,30.50592,0 108.806948,30.491414,0 108.839011,30.50318,0 108.853005,30.514984,0 108.854429,30.521913,0 108.871663,30.532749,0 108.893121,30.557799,0 108.894643,30.56702,0 108.90952,30.581273,0 108.869896,30.610979,0 108.871565,30.618103,0 108.901713,30.646792,0 108.899946,30.676438,0 108.896312,30.684039,0 108.884331,30.687337,0 108.883546,30.695661,0 108.872007,30.690112,0 108.836016,30.678449,0 108.828699,30.679414,0 108.823347,30.69168,0 108.818094,30.693771,0 108.785883,30.683516,0 108.779254,30.685125,0 108.781022,30.697028,0 108.79261,30.706558,0 108.789762,30.714277,0 108.763444,30.713031,0 108.766586,30.720548,0 108.762609,30.728106,0 108.76639,30.74141,0 108.754998,30.740044,0 108.749842,30.74555,0 108.740169,30.775527,0 108.74724,30.782116,0 108.740808,30.787259,0 108.738549,30.808026,0 108.733393,30.81405,0 108.715177,30.815094,0 108.699955,30.811841,0 108.698482,30.822885,0 108.685127,30.835976,0 108.685078,30.845773,0 108.671968,30.852116,0 108.665977,30.867972,0 108.653014,30.89105,0 108.634798,30.885271,0 108.625419,30.875358,0 108.621589,30.888561,0 108.623013,30.912837,0 108.628169,30.918253,0 108.619233,30.926999,0 108.61884,30.934741,0 108.608578,30.93807,0 108.593307,30.920259,0 108.566448,30.912396,0 108.552602,30.915405,0 108.537577,30.958123,0 108.523632,30.973159,0 108.531243,30.978051,0 108.533894,30.996251,0 108.51666,30.990559,0 108.506643,30.992604,0 108.501094,30.98651,0 108.50409,30.977289,0 108.496626,30.972839,0 108.486413,30.977008,0 108.460537,30.967426,0 108.454743,30.970232,0 108.45327,30.988755,0 108.455626,30.994728,0 108.440356,31.002545,0 108.426509,30.998216,0 108.41497,30.998897,0 108.395674,30.991641,0 108.372792,30.969791,0 108.355214,30.960408,0 108.339649,30.963135,0 108.349027,30.939153,0 108.360861,30.932976,0 108.346277,30.921222,0 108.300269,30.901041,0 108.29202,30.892976,0 108.268402,30.881659,0 108.260055,30.872789,0 108.243803,30.882261,0 108.244294,30.89113,0 108.228237,30.881298,0 108.231184,30.87612,0 108.225488,30.860908,0 108.229956,30.856171,0 108.218417,30.852839,0 108.200102,30.839188,0 108.197254,30.833647,0 108.18218,30.824211,0 108.167106,30.827182,0 108.157482,30.834771,0 108.152179,30.831278,0 108.131704,30.832001,0 108.126057,30.840875,0 108.122866,30.833487,0 108.109608,30.82931,0 108.105287,30.841356,0 108.096646,30.84782,0 108.090115,30.871545,0 108.101654,30.878007,0 108.081817,30.885712,0 108.071751,30.892695,0 108.069149,30.888281,0 108.041112,30.876522,0 108.0363,30.8701,0 108.029426,30.884508,0 108.009392,30.907662,0 108.000849,30.911915,0 107.994711,30.908665,0 107.986953,30.901924,0 107.95597,30.882983,0 107.954202,30.872428,0 107.929504,30.859342,0 107.896508,30.834932,0 107.876131,30.813287,0 107.88492,30.806138,0 107.905592,30.77601,0 107.908243,30.762911,0 107.918653,30.75829,0 107.959112,30.719262,0 108.011405,30.709814,0 108.03517,30.715362,0 108.047544,30.723684,0 108.074894,30.723121,0 108.086678,30.713714,0 108.074844,30.696304,0 108.082259,30.677926,0 108.079558,30.664532,0 108.0554,30.660027,0 108.042585,30.662481,0 108.025645,30.648844,0 108.023091,30.63617,0 108.016954,30.629571,0 108.025252,30.60289,0 108.033697,30.592424,0 108.028051,30.587432,0 108.034778,30.574187,0</coordinates></LinearRing></outerBoundaryIs>
      </Polygon>
      <Polygon>
        <outerBoundaryIs><LinearRing><coordinates>107.701575,29.615443,0 107.698482,29.618614,0 107.713752,29.642555,0 107.718073,29.65682,0 107.696616,29.660315,0 107.684733,29.666532,0 107.674176,29.663362,0 107.670101,29.675064,0 107.6565,29.686156,0 107.64447,29.687821,0 107.630427,29.701714,0 107.632784,29.719016,0 107.640345,29.740701,0 107.625075,29.753896,0 107.64226,29.76303,0 107.638529,29.772976,0 107.638627,29.813274,0 107.622669,29.802562,0 107.605336,29.808161,0 107.605238,29.832423,0 107.595369,29.835222,0 107.604256,29.852014,0 107.613585,29.856111,0 107.616973,29.865884,0 107.626892,29.874522,0 107.613094,29.876955,0 107.598707,29.888632,0 107.602979,29.897389,0 107.59473,29.917657,0 107.579361,29.923939,0 107.573126,29.933827,0 107.57946,29.943877,0 107.571898,29.951049,0 107.56193,29.946146,0 107.546807,29.958585,0 107.546905,29.965675,0 107.53355,29.968551,0 107.523779,29.978678,0 107.515186,29.959436,0 107.500554,29.960611,0 107.498197,29.972481,0 107.487443,29.972076,0 107.471338,29.989453,0 107.466968,29.998606,0 107.453171,30.001441,0 107.448064,29.999092,0 107.421156,29.967944,0 107.415755,29.970577,0 107.383545,29.926614,0 107.387129,29.921993,0 107.377505,29.910523,0 107.379666,29.899132,0 107.369354,29.906794,0 107.360762,29.897227,0 107.342005,29.892929,0 107.335818,29.884415,0 107.337193,29.873062,0 107.323445,29.852947,0 107.313084,29.845809,0 107.299827,29.847472,0 107.29801,29.839603,0 107.272379,29.837291,0 107.270857,29.851447,0 107.265161,29.847472,0 107.240512,29.841347,0 107.229317,29.84374,0 107.210806,29.840292,0 107.206583,29.824958,0 107.212279,29.816276,0 107.198039,29.809622,0 107.186992,29.79473,0 107.153111,29.784827,0 107.111572,29.76299,0 107.102635,29.754546,0 107.086726,29.761813,0 107.070277,29.758524,0 107.070032,29.751217,0 107.041406,29.734407,0 107.027166,29.717189,0 107.009195,29.712762,0 107.002223,29.714468,0 106.993581,29.679331,0 106.975315,29.634142,0 106.966624,29.599546,0 106.958768,29.582508,0 106.953268,29.551311,0 106.953612,29.535811,0 106.947278,29.510826,0 106.945952,29.497029,0 106.964415,29.488685,0 106.98052,29.488767,0 106.993925,29.482579,0 107.00453,29.471058,0 107.012927,29.487708,0 107.019997,29.487057,0 107.015873,29.473338,0 107.034581,29.467435,0 107.034482,29.453103,0 107.025055,29.441782,0 107.029228,29.410827,0 107.034581,29.406713,0 107.026381,29.402802,0 107.035121,29.391231,0 107.051619,29.394205,0 107.052552,29.388705,0 107.043321,29.378437,0 107.07229,29.362829,0 107.083387,29.359813,0 107.10018,29.361606,0 107.114812,29.366741,0 107.109166,29.383856,0 107.110442,29.391598,0 107.125124,29.387564,0 107.134158,29.394613,0 107.146827,29.396365,0 107.142947,29.408179,0 107.134846,29.411438,0 107.148741,29.419259,0 107.155272,29.417304,0 107.16082,29.424432,0 107.167056,29.420603,0 107.173096,29.408342,0 107.185911,29.412945,0 107.203244,29.411316,0 107.199561,29.399135,0 107.214439,29.39775,0 107.207221,29.385934,0 107.20732,29.366293,0 107.225487,29.367801,0 107.239285,29.364744,0 107.241691,29.379415,0 107.237713,29.394817,0 107.226666,29.406835,0 107.227598,29.418159,0 107.240512,29.426795,0 107.245422,29.424391,0 107.260938,29.429035,0 107.262264,29.436162,0 107.277338,29.440357,0 107.30567,29.465318,0 107.313526,29.487912,0 107.323248,29.497558,0 107.328993,29.509321,0 107.348683,29.515547,0 107.358601,29.51575,0 107.365868,29.522383,0 107.380599,29.523197,0 107.391548,29.530969,0 107.427491,29.505658,0 107.431762,29.483475,0 107.441386,29.491575,0 107.450519,29.490028,0 107.463826,29.498617,0 107.4625,29.502117,0 107.475905,29.50635,0 107.478507,29.497151,0 107.513664,29.461165,0 107.532666,29.423047,0 107.546562,29.431845,0 107.552798,29.447809,0 107.56139,29.453062,0 107.574206,29.452533,0 107.577446,29.462427,0 107.595958,29.480951,0 107.613143,29.479526,0 107.620558,29.483638,0 107.615009,29.512373,0 107.607546,29.514652,0 107.608135,29.532474,0 107.629003,29.539147,0 107.651197,29.553304,0 107.654634,29.562457,0 107.666958,29.573804,0 107.687532,29.600481,0 107.69804,29.605889,0 107.701575,29.615443,0</coordinates></LinearRing></outerBoundaryIs>
      </Polygon>
      <Polygon>
        <outerBoundaryIs><LinearRing><coordinates>106.588199,29.571242,0 106.572487,29.562619,0 106.560849,29.567175,0 106.545382,29.566483,0 106.530407,29.552369,0 106.502321,29.557494,0 106.494022,29.554809,0 106.482778,29.548097,0 106.495594,29.546958,0 106.500995,29.529789,0 106.532272,29.52869,0 106.539441,29.540489,0 106.556185,29.5411,0 106.583731,29.547812,0 106.589623,29.556518,0 106.588199,29.571242,0</coordinates></LinearRing></outerBoundaryIs>
      </Polygon>
      <Polygon>
        <outerBoundaryIs><LinearRing><coordinates>106.424298,29.426306,0 106.423071,29.426591,0 106.417522,29.420563,0 106.416786,29.430175,0 106.410108,29.439176,0 106.406965,29.439054,0 106.398422,29.440438,0 106.393708,29.429361,0 106.398471,29.413638,0 106.392726,29.408831,0 106.398225,29.386016,0 106.405738,29.380963,0 106.409568,29.368086,0 106.39631,29.357286,0 106.400877,29.340777,0 106.411876,29.342245,0 106.435542,29.352965,0 106.441926,29.358916,0 106.455036,29.380596,0 106.469619,29.389153,0 106.49196,29.39775,0 106.509735,29.397506,0 106.528197,29.388338,0 106.534924,29.392005,0 106.526528,29.411275,0 106.498343,29.446913,0 106.502075,29.47745,0 106.509538,29.481765,0 106.521765,29.479974,0 106.523729,29.485673,0 106.50291,29.494994,0 106.480569,29.490273,0 106.468097,29.498128,0 106.454888,29.483556,0 106.462696,29.485266,0 106.47065,29.475048,0 106.458915,29.472443,0 106.451942,29.456401,0 106.458767,29.448379,0 106.454545,29.430623,0 106.457884,29.41983,0 106.451402,29.414127,0 106.439372,29.417834,0 106.430436,29.415512,0 106.424298,29.426306,0</coordinates></LinearRing></outerBoundaryIs>
      </Polygon>
      <Polygon>
        <outerBoundaryIs><LinearRing><coordinates>106.46191,29.608247,0 106.451942,29.586452,0 106.463432,29.581165,0 106.487688,29.555135,0 106.494022,29.554809,0 106.502321,29.557494,0 106.530407,29.552369,0 106.545382,29.566483,0 106.560849,29.567175,0 106.572487,29.562619,0 106.588199,29.571242,0 106.581177,29.578766,0 106.580392,29.590275,0 106.589672,29.609344,0 106.602242,29.615565,0 106.623307,29.614995,0 106.633274,29.592023,0 106.641916,29.586818,0 106.65645,29.591861,0 106.672654,29.566321,0 106.683652,29.562131,0 106.692343,29.564287,0 106.709627,29.577627,0 106.730937,29.583402,0 106.740512,29.589665,0 106.748614,29.607718,0 106.766977,29.610401,0 106.792461,29.604059,0 106.801152,29.589055,0 106.821087,29.591576,0 106.843527,29.57657,0 106.85045,29.575431,0 106.861547,29.602067,0 106.873086,29.615809,0 106.893659,29.657064,0 106.87775,29.659339,0 106.866359,29.646985,0 106.850548,29.659908,0 106.833706,29.6632,0 106.825703,29.659502,0 106.819811,29.663647,0 106.822118,29.67153,0 106.809401,29.674699,0 106.806701,29.671123,0 106.793001,29.678599,0 106.78323,29.669986,0 106.782543,29.662428,0 106.754162,29.651578,0 106.747926,29.655154,0 106.749988,29.663606,0 106.744735,29.670433,0 106.741297,29.662184,0 106.73462,29.667263,0 106.729906,29.646294,0 106.723915,29.640604,0 106.712671,29.646945,0 106.70948,29.631337,0 106.687237,29.623654,0 106.648054,29.63719,0 106.621834,29.635199,0 106.61162,29.639873,0 106.602929,29.634386,0 106.595613,29.638572,0 106.582798,29.633695,0 106.579213,29.619061,0 106.57337,29.620362,0 106.562617,29.603734,0 106.562175,29.589543,0 106.549851,29.581531,0 106.530308,29.587469,0 106.506543,29.573032,0 106.497754,29.573113,0 106.486363,29.585639,0 106.485724,29.596984,0 106.492009,29.599424,0 106.482434,29.613329,0 106.478506,29.609751,0 106.46191,29.608247,0</coordinates></LinearRing></outerBoundaryIs>
      </Polygon>
      <Polygon>
        <outerBoundaryIs><LinearRing><coordinates>106.482778,29.548097,0 106.494022,29.554809,0 106.487688,29.555135,0 106.463432,29.581165,0 106.451942,29.586452,0 106.46191,29.608247,0 106.462843,29.616296,0 106.453121,29.620321,0 106.45209,29.632109,0 106.468293,29.645969,0 106.469766,29.657714,0 106.457589,29.668889,0 106.448603,29.661453,0 106.448702,29.652187,0 106.424396,29.65747,0 106.429061,29.662956,0 106.426508,29.680021,0 106.433431,29.711706,0 106.442073,29.730387,0 106.442908,29.743624,0 106.431418,29.749146,0 106.417768,29.750202,0 106.40947,29.738833,0 106.39361,29.740457,0 106.382758,29.747847,0 106.380647,29.744233,0 106.366604,29.746994,0 106.365327,29.735504,0 106.32968,29.732702,0 106.327126,29.728519,0 106.317797,29.738752,0 106.305669,29.736641,0 106.297076,29.706467,0 106.285636,29.697896,0 106.280431,29.703298,0 106.278712,29.67669,0 106.284506,29.675268,0 106.287698,29.663484,0 106.2794,29.652553,0 106.287649,29.635849,0 106.279105,29.637841,0 106.273017,29.631215,0 106.282493,29.626744,0 106.274882,29.612231,0 106.265602,29.605889,0 106.260005,29.592633,0 106.251707,29.559406,0 106.253425,29.532841,0 106.264031,29.525354,0 106.285488,29.532881,0 106.293639,29.531254,0 106.297322,29.542442,0 106.305718,29.538415,0 106.312789,29.544883,0 106.33405,29.544029,0 106.343526,29.554891,0 106.356145,29.559772,0 106.37392,29.546633,0 106.379763,29.546958,0 106.379272,29.536584,0 106.390762,29.54053,0 106.395083,29.547934,0 106.403528,29.538903,0 106.41384,29.540815,0 106.411237,29.505536,0 106.407506,29.492918,0 106.424544,29.493325,0 106.426999,29.498006,0 106.44281,29.494139,0 106.448063,29.509524,0 106.461615,29.52808,0 106.460093,29.532108,0 106.483466,29.539025,0 106.482778,29.548097,0</coordinates></LinearRing></outerBoundaryIs>
      </Polygon>
      <Polygon>
        <outerBoundaryIs><LinearRing><coordinates>106.253425,29.532841,0 106.253278,29.519698,0 106.261969,29.516524,0 106.260594,29.494262,0 106.267026,29.494994,0 106.26025,29.466051,0 106.262705,29.451596,0 106.278565,29.449031,0 106.285636,29.441986,0 106.298549,29.440764,0 106.30724,29.434248,0 106.307339,29.426835,0 106.320596,29.427976,0 106.323002,29.420481,0 106.317257,29.415227,0 106.329041,29.413679,0 106.331005,29.39555,0 106.322314,29.38732,0 106.314409,29.388827,0 106.30891,29.379985,0 106.295554,29.378763,0 106.294425,29.384549,0 106.284359,29.38516,0 106.282248,29.368167,0 106.275668,29.363236,0 106.277829,29.352924,0 106.267468,29.350234,0 106.261232,29.335519,0 106.274539,29.32871,0 106.276945,29.322269,0 106.289171,29.320679,0 106.27994,29.286913,0 106.298697,29.256483,0 106.311905,29.254769,0 106.339844,29.26456,0 106.3559,29.27688,0 106.384035,29.283039,0 106.393217,29.294948,0 106.385999,29.312401,0 106.395525,29.339351,0 106.400877,29.340777,0 106.39631,29.357286,0 106.409568,29.368086,0 106.405738,29.380963,0 106.398225,29.386016,0 106.392726,29.408831,0 106.398471,29.413638,0 106.393708,29.429361,0 106.398422,29.440438,0 106.406965,29.439054,0 106.408537,29.441375,0 106.410599,29.440397,0 106.410108,29.439176,0 106.416786,29.430175,0 106.417522,29.420563,0 106.423071,29.426591,0 106.423316,29.427202,0 106.423709,29.427691,0 106.423955,29.427731,0 106.424249,29.426795,0 106.424298,29.426306,0 106.430436,29.415512,0 106.439372,29.417834,0 106.451402,29.414127,0 106.457884,29.41983,0 106.454545,29.430623,0 106.458767,29.448379,0 106.451942,29.456401,0 106.458915,29.472443,0 106.47065,29.475048,0 106.462696,29.485266,0 106.454888,29.483556,0 106.468097,29.498128,0 106.480569,29.490273,0 106.50291,29.494994,0 106.523729,29.485673,0 106.521765,29.479974,0 106.542044,29.472972,0 106.552011,29.48726,0 106.549851,29.495523,0 106.534187,29.505454,0 106.532272,29.52869,0 106.500995,29.529789,0 106.495594,29.546958,0 106.482778,29.548097,0 106.483466,29.539025,0 106.460093,29.532108,0 106.461615,29.52808,0 106.448063,29.509524,0 106.44281,29.494139,0 106.426999,29.498006,0 106.424544,29.493325,0 106.407506,29.492918,0 106.411237,29.505536,0 106.41384,29.540815,0 106.403528,29.538903,0 106.395083,29.547934,0 106.390762,29.54053,0 106.379272,29.536584,0 106.379763,29.546958,0 106.37392,29.546633,0 106.356145,29.559772,0 106.343526,29.554891,0 106.33405,29.544029,0 106.312789,29.544883,0 106.305718,29.538415,0 106.297322,29.542442,0 106.293639,29.531254,0 106.285488,29.532881,0 106.264031,29.525354,0 106.253425,29.532841,0</coordinates></LinearRing></outerBoundaryIs>
      </Polygon>
      <Polygon>
        <outerBoundaryIs><LinearRing><coordinates>106.423955,29.427731,0 106.423709,29.427691,0 106.423316,29.427202,0 106.423071,29.426591,0 106.424298,29.426306,0 106.424249,29.426795,0 106.423955,29.427731,0</coordinates></LinearRing></outerBoundaryIs>
      </Polygon>
      <Polygon>
        <outerBoundaryIs><LinearRing><coordinates>106.410599,29.440397,0 106.408537,29.441375,0 106.406965,29.439054,0 106.410108,29.439176,0 106.410599,29.440397,0</coordinates></LinearRing></outerBoundaryIs>
      </Polygon>
      <Polygon>
        <outerBoundaryIs><LinearRing><coordinates>106.801152,29.589055,0 106.792461,29.604059,0 106.766977,29.610401,0 106.748614,29.607718,0 106.740512,29.589665,0 106.730937,29.583402,0 106.709627,29.577627,0 106.692343,29.564287,0 106.683652,29.562131,0 106.672654,29.566321,0 106.65645,29.591861,0 106.641916,29.586818,0 106.633274,29.592023,0 106.623307,29.614995,0 106.602242,29.615565,0 106.589672,29.609344,0 106.580392,29.590275,0 106.581177,29.578766,0 106.588199,29.571242,0 106.589623,29.556518,0 106.583731,29.547812,0 106.556185,29.5411,0 106.539441,29.540489,0 106.532272,29.52869,0 106.534187,29.505454,0 106.549851,29.495523,0 106.552011,29.48726,0 106.56954,29.485144,0 106.578772,29.469878,0 106.586677,29.473094,0 106.59581,29.463974,0 106.606808,29.474315,0 106.627971,29.465847,0 106.642849,29.469959,0 106.655321,29.462346,0 106.65866,29.46772,0 106.673341,29.458437,0 106.688808,29.468453,0 106.683358,29.476473,0 106.69308,29.483353,0 106.693276,29.48897,0 106.703686,29.487993,0 106.705257,29.482254,0 106.732115,29.483923,0 106.738548,29.486731,0 106.764179,29.530928,0 106.7712,29.549155,0 106.787993,29.576326,0 106.801152,29.589055,0</coordinates></LinearRing></outerBoundaryIs>
      </Polygon>
      <Polygon>
        <outerBoundaryIs><LinearRing><coordinates>106.648447,30.085559,0 106.629101,30.079448,0 106.591587,30.047071,0 106.598265,30.039582,0 106.596546,30.030432,0 106.582209,30.022214,0 106.572192,30.012698,0 106.568706,29.991154,0 106.55697,29.961259,0 106.544941,29.935246,0 106.526773,29.945822,0 106.519506,29.927546,0 106.505659,29.931234,0 106.501338,29.922115,0 106.488916,29.908415,0 106.479046,29.908172,0 106.477131,29.891875,0 106.466967,29.882996,0 106.465347,29.870832,0 106.452581,29.869128,0 106.462892,29.88478,0 106.458522,29.887456,0 106.452777,29.878212,0 106.44281,29.883564,0 106.46191,29.92402,0 106.455281,29.926776,0 106.443841,29.906834,0 106.433235,29.901889,0 106.423414,29.904564,0 106.429601,29.892362,0 106.423611,29.884334,0 106.409077,29.889443,0 106.396507,29.898118,0 106.390958,29.906672,0 106.390909,29.921304,0 106.383053,29.92787,0 106.339598,29.901767,0 106.314409,29.884861,0 106.325653,29.872737,0 106.329385,29.859639,0 106.336407,29.860247,0 106.330956,29.848323,0 106.342446,29.842523,0 106.337585,29.834532,0 106.345883,29.836114,0 106.34225,29.816804,0 106.351284,29.812422,0 106.372889,29.814207,0 106.344214,29.779307,0 106.334197,29.771311,0 106.324279,29.774843,0 106.31598,29.764898,0 106.305669,29.736641,0 106.317797,29.738752,0 106.327126,29.728519,0 106.32968,29.732702,0 106.365327,29.735504,0 106.366604,29.746994,0 106.380647,29.744233,0 106.382758,29.747847,0 106.39361,29.740457,0 106.40947,29.738833,0 106.417768,29.750202,0 106.431418,29.749146,0 106.442908,29.743624,0 106.442073,29.730387,0 106.433431,29.711706,0 106.426508,29.680021,0 106.429061,29.662956,0 106.424396,29.65747,0 106.448702,29.652187,0 106.448603,29.661453,0 106.457589,29.668889,0 106.457147,29.687415,0 106.469373,29.697165,0 106.487197,29.699399,0 106.496134,29.68969,0 106.506887,29.685425,0 106.514743,29.694281,0 106.512337,29.703461,0 106.518377,29.71199,0 106.536741,29.723321,0 106.536741,29.730306,0 106.524956,29.742609,0 106.520144,29.764614,0 106.515676,29.769688,0 106.530996,29.775979,0 106.532469,29.767333,0 106.54116,29.763112,0 106.530799,29.758687,0 106.532076,29.749471,0 106.5417,29.754871,0 106.556529,29.754789,0 106.57175,29.763355,0 106.589181,29.754992,0 106.588543,29.76161,0 106.604746,29.769322,0 106.592864,29.784705,0 106.609018,29.799437,0 106.601653,29.799843,0 106.593011,29.808932,0 106.5936,29.79964,0 106.584909,29.799599,0 106.587217,29.812665,0 106.598805,29.816763,0 106.598461,29.825607,0 106.612848,29.832626,0 106.622865,29.831327,0 106.620262,29.840252,0 106.634109,29.839481,0 106.646581,29.849378,0 106.64987,29.863857,0 106.658512,29.869534,0 106.668775,29.900348,0 106.67506,29.897713,0 106.678889,29.908212,0 106.669118,29.912712,0 106.679822,29.923615,0 106.678497,29.92864,0 106.687384,29.935489,0 106.674274,29.932206,0 106.674225,29.961948,0 106.679724,29.97961,0 106.677465,29.98601,0 106.676385,30.015087,0 106.678889,30.026141,0 106.670739,30.034805,0 106.678153,30.058121,0 106.677024,30.063989,0 106.648447,30.085559,0</coordinates></LinearRing></outerBoundaryIs>
      </Polygon>
      <Polygon>
        <outerBoundaryIs><LinearRing><coordinates>107.057462,28.894785,0 107.04337,28.919879,0 107.053288,28.919183,0 107.057315,28.932771,0 107.051275,28.942143,0 107.043124,28.945785,0 107.02913,28.941284,0 107.015971,28.952087,0 107.013614,28.969599,0 107.022256,28.974058,0 107.02967,28.985717,0 107.024564,28.995983,0 107.01715,28.998724,0 107.003892,29.016023,0 106.990045,29.021094,0 106.979832,29.031766,0 106.981158,29.039861,0 106.988671,29.043459,0 106.977034,29.056009,0 106.975266,29.050532,0 106.96358,29.058217,0 106.954545,29.059239,0 106.950421,29.071787,0 106.938685,29.041906,0 106.926361,29.047793,0 106.920567,29.045749,0 106.915362,29.054538,0 106.906131,29.051758,0 106.910256,29.068844,0 106.921844,29.100475,0 106.911483,29.114775,0 106.905542,29.11596,0 106.891695,29.131769,0 106.885263,29.141817,0 106.868028,29.151456,0 106.858012,29.149046,0 106.849468,29.1575,0 106.821235,29.149577,0 106.812936,29.165014,0 106.809941,29.178161,0 106.800121,29.179958,0 106.793689,29.169709,0 106.788386,29.177181,0 106.776405,29.163666,0 106.768843,29.161298,0 106.767665,29.169587,0 106.757894,29.170159,0 106.748908,29.176691,0 106.729464,29.162604,0 106.712377,29.179182,0 106.699561,29.177181,0 106.686746,29.188042,0 106.680313,29.173548,0 106.676631,29.176855,0 106.668234,29.168158,0 106.665092,29.158439,0 106.65316,29.16142,0 106.656205,29.175385,0 106.642603,29.173874,0 106.623896,29.160154,0 106.604599,29.126908,0 106.588395,29.12654,0 106.585007,29.131442,0 106.574451,29.128215,0 106.574205,29.116777,0 106.581177,29.110076,0 106.578084,29.09312,0 106.584418,29.079634,0 106.583436,29.071256,0 106.589672,29.056663,0 106.585695,29.053148,0 106.589525,29.030008,0 106.59414,29.019131,0 106.608773,29.014756,0 106.592471,29.005963,0 106.585204,29.008294,0 106.57833,29.022443,0 106.562666,29.016555,0 106.557118,29.006004,0 106.549703,29.00535,0 106.551815,29.024692,0 106.544646,29.036386,0 106.526331,29.036141,0 106.524956,29.044195,0 106.514547,29.059852,0 106.504825,29.063285,0 106.498,29.071624,0 106.501044,29.0771,0 106.49034,29.083476,0 106.484497,29.065738,0 106.489849,29.042969,0 106.478113,29.024774,0 106.475413,29.012179,0 106.454447,29.0177,0 106.444135,29.038103,0 106.463874,29.042069,0 106.44281,29.050573,0 106.442515,29.039739,0 106.427834,29.047588,0 106.419732,29.047834,0 106.404314,29.035364,0 106.398765,29.027023,0 106.385803,29.029476,0 106.391842,29.022443,0 106.397587,28.993693,0 106.405738,28.979622,0 106.399846,28.962521,0 106.408733,28.95401,0 106.402792,28.940956,0 106.410992,28.922294,0 106.411826,28.891182,0 106.415264,28.876236,0 106.43623,28.870217,0 106.446443,28.863337,0 106.455723,28.836427,0 106.461861,28.831019,0 106.47448,28.833027,0 106.476199,28.826759,0 106.490585,28.806518,0 106.508753,28.795864,0 106.521126,28.794266,0 106.523041,28.78111,0 106.533795,28.778733,0 106.53404,28.770904,0 106.547985,28.769838,0 106.561831,28.756064,0 106.563894,28.746184,0 106.559229,28.731546,0 106.56026,28.72072,0 106.576857,28.702387,0 106.582356,28.702223,0 106.587315,28.691517,0 106.598068,28.691886,0 106.606072,28.685035,0 106.619182,28.689178,0 106.614272,28.680276,0 106.61766,28.667311,0 106.626891,28.659269,0 106.635238,28.658448,0 106.643684,28.664316,0 106.651393,28.64942,0 106.641179,28.644167,0 106.620213,28.645727,0 106.618887,28.637272,0 106.62861,28.63444,0 106.636809,28.623235,0 106.636466,28.613219,0 106.629641,28.604762,0 106.614665,28.609442,0 106.607054,28.594292,0 106.616825,28.562795,0 106.615254,28.549651,0 106.600622,28.541353,0 106.584615,28.523276,0 106.568657,28.523646,0 106.560309,28.513374,0 106.56792,28.505278,0 106.562814,28.497388,0 106.568018,28.484031,0 106.589181,28.488387,0 106.591489,28.499073,0 106.584958,28.50684,0 106.593404,28.510169,0 106.610147,28.497922,0 106.632734,28.503553,0 106.631114,28.490237,0 106.649772,28.47955,0 106.661066,28.491881,0 106.678349,28.481359,0 106.688268,28.484647,0 106.696713,28.4784,0 106.693276,28.45653,0 106.708547,28.450486,0 106.716207,28.456365,0 106.725241,28.454433,0 106.732901,28.46356,0 106.746649,28.466643,0 106.744833,28.489867,0 106.726027,28.518551,0 106.723965,28.529891,0 106.728187,28.54201,0 106.73732,28.553307,0 106.754358,28.558318,0 106.765161,28.558153,0 106.779891,28.56378,0 106.780922,28.574869,0 106.766634,28.580166,0 106.758581,28.588133,0 106.759023,28.611084,0 106.773901,28.611946,0 106.780333,28.625,0 106.792559,28.616256,0 106.793443,28.606486,0 106.800514,28.602134,0 106.807732,28.589447,0 106.827078,28.598562,0 106.833264,28.613219,0 106.829287,28.622742,0 106.856146,28.622496,0 106.866359,28.624507,0 106.871515,28.658817,0 106.883201,28.69246,0 106.862136,28.690983,0 106.854722,28.697095,0 106.853936,28.706324,0 106.862529,28.707555,0 106.852905,28.724452,0 106.828354,28.737696,0 106.824033,28.756146,0 106.833363,28.768772,0 106.838469,28.765985,0 106.845393,28.781028,0 106.862333,28.780577,0 106.864591,28.77447,0 106.874215,28.779716,0 106.886392,28.794716,0 106.897882,28.80115,0 106.905345,28.79611,0 106.923071,28.810042,0 106.938391,28.792381,0 106.94227,28.782135,0 106.950224,28.777626,0 106.951746,28.766969,0 106.967803,28.774101,0 106.987885,28.774675,0 106.988671,28.790331,0 106.981355,28.804347,0 106.980814,28.812951,0 106.98926,28.829585,0 106.983368,28.851173,0 106.997853,28.853507,0 107.005169,28.859159,0 107.019114,28.860675,0 107.016118,28.882501,0 107.036594,28.88115,0 107.04062,28.863869,0 107.058689,28.868947,0 107.045579,28.874926,0 107.052552,28.8911,0 107.057462,28.894785,0</coordinates></LinearRing></outerBoundaryIs>
      </Polygon>
      <Polygon>
        <outerBoundaryIs><LinearRing><coordinates>105.482777,29.679127,0 105.490683,29.675186,0 105.487688,29.663159,0 105.496673,29.648652,0 105.509243,29.637962,0 105.50561,29.609344,0 105.517738,29.586493,0 105.536642,29.59121,0 105.542681,29.586412,0 105.542534,29.57413,0 105.549703,29.572096,0 105.561045,29.588892,0 105.580047,29.591617,0 105.590899,29.590397,0 105.594483,29.575553,0 105.602241,29.569941,0 105.599983,29.553019,0 105.592175,29.549928,0 105.59522,29.539432,0 105.590015,29.524011,0 105.583239,29.515588,0 105.593059,29.517744,0 105.595711,29.504152,0 105.607642,29.508262,0 105.619967,29.504803,0 105.620556,29.494017,0 105.631506,29.485917,0 105.629738,29.478386,0 105.637152,29.473623,0 105.646236,29.486121,0 105.639509,29.489052,0 105.641179,29.505861,0 105.648397,29.494139,0 105.662636,29.499431,0 105.65311,29.485022,0 105.658119,29.481317,0 105.657431,29.468168,0 105.662194,29.460025,0 105.687236,29.446506,0 105.714929,29.464259,0 105.725486,29.454121,0 105.724013,29.449967,0 105.735061,29.445162,0 105.737663,29.435592,0 105.727646,29.422844,0 105.73403,29.417386,0 105.722835,29.397872,0 105.741002,29.397628,0 105.728678,29.384875,0 105.735159,29.38459,0 105.747582,29.372487,0 105.767762,29.379578,0 105.773507,29.394857,0 105.770561,29.408302,0 105.802674,29.437139,0 105.817895,29.490395,0 105.825899,29.51396,0 105.834933,29.527917,0 105.855016,29.540042,0 105.868617,29.537316,0 105.876817,29.541791,0 105.873969,29.552572,0 105.890467,29.570429,0 105.924347,29.595805,0 105.938243,29.613166,0 105.946099,29.626988,0 105.953513,29.630199,0 105.969815,29.646294,0 105.982532,29.671936,0 105.997361,29.6645,0 106.005659,29.682581,0 106.031732,29.722184,0 106.036838,29.726692,0 106.025987,29.734854,0 106.028344,29.749552,0 106.014448,29.752841,0 106.010913,29.747279,0 106.001289,29.748375,0 105.997508,29.756819,0 105.998588,29.768916,0 105.991223,29.781174,0 105.976542,29.784746,0 105.970601,29.779876,0 105.957638,29.781662,0 105.944233,29.775979,0 105.922334,29.788236,0 105.904706,29.785598,0 105.906523,29.795582,0 105.893806,29.802967,0 105.888208,29.790347,0 105.893904,29.785882,0 105.888012,29.77468,0 105.878584,29.769525,0 105.868911,29.756982,0 105.83076,29.757997,0 105.822461,29.762827,0 105.820939,29.773381,0 105.806945,29.771636,0 105.808418,29.783569,0 105.789269,29.794121,0 105.778368,29.811367,0 105.77719,29.801831,0 105.763883,29.793512,0 105.746354,29.801466,0 105.721411,29.78779,0 105.713898,29.789129,0 105.714684,29.79684,0 105.72308,29.809825,0 105.735846,29.819319,0 105.725339,29.832747,0 105.738252,29.845646,0 105.738105,29.856516,0 105.733146,29.860693,0 105.719397,29.856557,0 105.720625,29.849662,0 105.708939,29.840576,0 105.695436,29.843497,0 105.690428,29.852298,0 105.677759,29.854286,0 105.661801,29.84082,0 105.656204,29.844389,0 105.641473,29.836844,0 105.617659,29.845728,0 105.605875,29.827879,0 105.604107,29.816844,0 105.588444,29.823133,0 105.580293,29.790753,0 105.587511,29.784868,0 105.572289,29.768713,0 105.576218,29.757388,0 105.574941,29.744477,0 105.564335,29.737818,0 105.56571,29.724012,0 105.557952,29.726651,0 105.549212,29.737615,0 105.542829,29.726529,0 105.550341,29.722022,0 105.52962,29.707604,0 105.538851,29.69489,0 105.527951,29.692412,0 105.520095,29.703583,0 105.49903,29.709553,0 105.49029,29.720275,0 105.482188,29.718082,0 105.473448,29.707523,0 105.474234,29.697124,0 105.481353,29.692737,0 105.482777,29.679127,0</coordinates></LinearRing></outerBoundaryIs>
      </Polygon>
      <Polygon>
        <outerBoundaryIs><LinearRing><coordinates>106.893659,29.657064,0 106.906082,29.678152,0 106.913742,29.684043,0 106.930534,29.689,0 106.942564,29.705857,0 106.945609,29.724743,0 106.972222,29.763924,0 106.96466,29.774518,0 106.958522,29.769485,0 106.952532,29.784259,0 106.945167,29.784178,0 106.952237,29.792214,0 106.939913,29.804347,0 106.944234,29.812949,0 106.942859,29.839765,0 106.936574,29.842483,0 106.937114,29.851893,0 106.944528,29.855908,0 106.945461,29.875454,0 106.953416,29.88109,0 106.962058,29.901929,0 106.974529,29.916603,0 106.98489,29.934314,0 106.970012,29.938326,0 106.965691,29.951981,0 106.946934,29.953683,0 106.942515,29.964824,0 106.935248,29.964054,0 106.931467,29.975397,0 106.909077,29.971873,0 106.896654,29.978597,0 106.889928,29.987954,0 106.88708,29.981392,0 106.877947,29.98601,0 106.868323,29.978962,0 106.864444,29.984916,0 106.866506,30.012293,0 106.856195,30.013872,0 106.861449,30.028165,0 106.842054,30.049135,0 106.836996,30.049742,0 106.830171,30.033955,0 106.812495,30.028975,0 106.799974,30.030554,0 106.797764,30.023145,0 106.785587,30.017233,0 106.768598,30.017274,0 106.764228,30.024602,0 106.759416,30.018893,0 106.742132,30.025938,0 106.73241,30.026829,0 106.726076,30.034319,0 106.72583,30.057068,0 106.698825,30.076535,0 106.698726,30.098708,0 106.703195,30.118126,0 106.689643,30.117802,0 106.688857,30.124031,0 106.673881,30.12213,0 106.668382,30.101742,0 106.656352,30.086165,0 106.648447,30.085559,0 106.677024,30.063989,0 106.678153,30.058121,0 106.670739,30.034805,0 106.678889,30.026141,0 106.676385,30.015087,0 106.677465,29.98601,0 106.679724,29.97961,0 106.674225,29.961948,0 106.674274,29.932206,0 106.687384,29.935489,0 106.678497,29.92864,0 106.679822,29.923615,0 106.669118,29.912712,0 106.678889,29.908212,0 106.67506,29.897713,0 106.668775,29.900348,0 106.658512,29.869534,0 106.64987,29.863857,0 106.646581,29.849378,0 106.634109,29.839481,0 106.620262,29.840252,0 106.622865,29.831327,0 106.612848,29.832626,0 106.598461,29.825607,0 106.598805,29.816763,0 106.587217,29.812665,0 106.584909,29.799599,0 106.5936,29.79964,0 106.593011,29.808932,0 106.601653,29.799843,0 106.609018,29.799437,0 106.592864,29.784705,0 106.604746,29.769322,0 106.588543,29.76161,0 106.589181,29.754992,0 106.57175,29.763355,0 106.556529,29.754789,0 106.5417,29.754871,0 106.532076,29.749471,0 106.530799,29.758687,0 106.54116,29.763112,0 106.532469,29.767333,0 106.530996,29.775979,0 106.515676,29.769688,0 106.520144,29.764614,0 106.524956,29.742609,0 106.536741,29.730306,0 106.536741,29.723321,0 106.518377,29.71199,0 106.512337,29.703461,0 106.514743,29.694281,0 106.506887,29.685425,0 106.496134,29.68969,0 106.487197,29.699399,0 106.469373,29.697165,0 106.457147,29.687415,0 106.457589,29.668889,0 106.469766,29.657714,0 106.468293,29.645969,0 106.45209,29.632109,0 106.453121,29.620321,0 106.462843,29.616296,0 106.46191,29.608247,0 106.478506,29.609751,0 106.482434,29.613329,0 106.492009,29.599424,0 106.485724,29.596984,0 106.486363,29.585639,0 106.497754,29.573113,0 106.506543,29.573032,0 106.530308,29.587469,0 106.549851,29.581531,0 106.562175,29.589543,0 106.562617,29.603734,0 106.57337,29.620362,0 106.579213,29.619061,0 106.582798,29.633695,0 106.595613,29.638572,0 106.602929,29.634386,0 106.61162,29.639873,0 106.621834,29.635199,0 106.648054,29.63719,0 106.687237,29.623654,0 106.70948,29.631337,0 106.712671,29.646945,0 106.723915,29.640604,0 106.729906,29.646294,0 106.73462,29.667263,0 106.741297,29.662184,0 106.744735,29.670433,0 106.749988,29.663606,0 106.747926,29.655154,0 106.754162,29.651578,0 106.782543,29.662428,0 106.78323,29.669986,0 106.793001,29.678599,0 106.806701,29.671123,0 106.809401,29.674699,0 106.822118,29.67153,0 106.819811,29.663647,0 106.825703,29.659502,0 106.833706,29.6632,0 106.850548,29.659908,0 106.866359,29.646985,0 106.87775,29.659339,0 106.893659,29.657064,0</coordinates></LinearRing></outerBoundaryIs>
      </Polygon>
      <Polygon>
        <outerBoundaryIs><LinearRing><coordinates>106.552011,29.48726,0 106.542044,29.472972,0 106.521765,29.479974,0 106.509538,29.481765,0 106.502075,29.47745,0 106.498343,29.446913,0 106.526528,29.411275,0 106.534924,29.392005,0 106.528197,29.388338,0 106.509735,29.397506,0 106.49196,29.39775,0 106.469619,29.389153,0 106.455036,29.380596,0 106.441926,29.358916,0 106.435542,29.352965,0 106.440404,29.350153,0 106.454496,29.35427,0 106.460241,29.360872,0 106.478163,29.36022,0 106.474431,29.35696,0 106.473645,29.335722,0 106.486363,29.294336,0 106.508655,29.278674,0 106.505021,29.268966,0 106.511208,29.268069,0 106.514056,29.254688,0 106.519653,29.251791,0 106.515774,29.232042,0 106.521225,29.224614,0 106.535906,29.221962,0 106.539343,29.213717,0 106.547788,29.212534,0 106.541896,29.192369,0 106.545972,29.183265,0 106.562372,29.161379,0 106.549998,29.153498,0 106.550047,29.145493,0 106.560997,29.133239,0 106.574451,29.128215,0 106.585007,29.131442,0 106.588395,29.12654,0 106.604599,29.126908,0 106.623896,29.160154,0 106.642603,29.173874,0 106.656205,29.175385,0 106.65316,29.16142,0 106.665092,29.158439,0 106.668234,29.168158,0 106.676631,29.176855,0 106.680313,29.173548,0 106.686746,29.188042,0 106.699561,29.177181,0 106.712377,29.179182,0 106.729464,29.162604,0 106.748908,29.176691,0 106.757894,29.170159,0 106.767665,29.169587,0 106.768843,29.161298,0 106.776405,29.163666,0 106.788386,29.177181,0 106.793689,29.169709,0 106.800121,29.179958,0 106.809941,29.178161,0 106.812936,29.165014,0 106.821235,29.149577,0 106.849468,29.1575,0 106.858012,29.149046,0 106.868028,29.151456,0 106.885263,29.141817,0 106.891695,29.131769,0 106.891744,29.14149,0 106.899355,29.155621,0 106.909175,29.160562,0 106.907751,29.179672,0 106.896409,29.180039,0 106.895574,29.190491,0 106.911385,29.197472,0 106.919045,29.180366,0 106.945069,29.183142,0 106.955527,29.190695,0 106.95263,29.197104,0 106.961812,29.202738,0 106.968392,29.215228,0 106.95754,29.228981,0 106.954692,29.252199,0 106.936132,29.256931,0 106.933039,29.279653,0 106.92312,29.280673,0 106.920616,29.302411,0 106.922433,29.310322,0 106.919978,29.329893,0 106.922531,29.403046,0 106.932253,29.399746,0 106.936574,29.439339,0 106.933039,29.448542,0 106.935297,29.464463,0 106.945952,29.497029,0 106.947278,29.510826,0 106.953612,29.535811,0 106.953268,29.551311,0 106.958768,29.582508,0 106.966624,29.599546,0 106.975315,29.634142,0 106.993581,29.679331,0 107.002223,29.714468,0 106.998638,29.732539,0 106.990144,29.738062,0 106.988818,29.748781,0 106.993483,29.75824,0 106.988131,29.769322,0 106.972222,29.763924,0 106.945609,29.724743,0 106.942564,29.705857,0 106.930534,29.689,0 106.913742,29.684043,0 106.906082,29.678152,0 106.893659,29.657064,0 106.873086,29.615809,0 106.861547,29.602067,0 106.85045,29.575431,0 106.843527,29.57657,0 106.821087,29.591576,0 106.801152,29.589055,0 106.787993,29.576326,0 106.7712,29.549155,0 106.764179,29.530928,0 106.738548,29.486731,0 106.732115,29.483923,0 106.705257,29.482254,0 106.703686,29.487993,0 106.693276,29.48897,0 106.69308,29.483353,0 106.683358,29.476473,0 106.688808,29.468453,0 106.673341,29.458437,0 106.65866,29.46772,0 106.655321,29.462346,0 106.642849,29.469959,0 106.627971,29.465847,0 106.606808,29.474315,0 106.59581,29.463974,0 106.586677,29.473094,0 106.578772,29.469878,0 106.56954,29.485144,0 106.552011,29.48726,0</coordinates></LinearRing></outerBoundaryIs>
      </Polygon>
      <Polygon>
        <outerBoundaryIs><LinearRing><coordinates>108.55869,29.13953,0 108.570769,29.124416,0 108.598266,29.105705,0 108.587169,29.095081,0 108.599396,29.086908,0 108.60789,29.109014,0 108.615206,29.109709,0 108.614568,29.095408,0 108.625665,29.08699,0 108.622179,29.073422,0 108.628906,29.072891,0 108.646533,29.081841,0 108.661313,29.071624,0 108.667205,29.078776,0 108.662835,29.090382,0 108.669856,29.095939,0 108.66416,29.103744,0 108.668678,29.108156,0 108.681984,29.105623,0 108.686698,29.109341,0 108.698777,29.101619,0 108.700397,29.094427,0 108.726912,29.080492,0 108.747584,29.092384,0 108.749008,29.10881,0 108.774295,29.110485,0 108.775768,29.124008,0 108.784852,29.123272,0 108.803756,29.129195,0 108.812054,29.122047,0 108.832087,29.117267,0 108.833266,29.109995,0 108.847702,29.105214,0 108.855656,29.122659,0 108.854625,29.133484,0 108.882416,29.1791,0 108.896607,29.209024,0 108.915265,29.215513,0 108.925135,29.222615,0 108.925871,29.23347,0 108.937607,29.244283,0 108.954252,29.272066,0 108.93903,29.274065,0 108.919783,29.283732,0 108.915462,29.293561,0 108.903432,29.296416,0 108.908784,29.312972,0 108.919734,29.326305,0 108.916591,29.334622,0 108.931027,29.369634,0 108.93412,29.399461,0 108.943646,29.410746,0 108.932009,29.431682,0 108.921256,29.436895,0 108.90957,29.436814,0 108.89808,29.441945,0 108.886541,29.440601,0 108.873971,29.449397,0 108.873726,29.462753,0 108.866557,29.471058,0 108.869846,29.485917,0 108.885952,29.498047,0 108.888652,29.507041,0 108.886983,29.530562,0 108.878439,29.53935,0 108.886934,29.553101,0 108.902106,29.563026,0 108.913056,29.574455,0 108.899995,29.584866,0 108.909177,29.593284,0 108.901271,29.604791,0 108.897589,29.596496,0 108.885903,29.588445,0 108.868324,29.598001,0 108.885854,29.621134,0 108.887916,29.628573,0 108.879618,29.639222,0 108.869699,29.643002,0 108.855754,29.636377,0 108.84451,29.658364,0 108.83302,29.651293,0 108.827325,29.654382,0 108.835377,29.668442,0 108.828061,29.671286,0 108.816473,29.644018,0 108.819812,29.632435,0 108.813625,29.63154,0 108.804394,29.640564,0 108.785637,29.633857,0 108.780089,29.645522,0 108.792266,29.647351,0 108.79752,29.660071,0 108.794132,29.671205,0 108.784655,29.677177,0 108.786276,29.691518,0 108.760645,29.693549,0 108.752592,29.689365,0 108.758141,29.678721,0 108.765113,29.682256,0 108.775964,29.67539,0 108.773018,29.661534,0 108.783281,29.653772,0 108.774541,29.65174,0 108.765899,29.661046,0 108.763002,29.653366,0 108.752641,29.649017,0 108.743017,29.655926,0 108.740611,29.665719,0 108.73359,29.671489,0 108.710905,29.679168,0 108.718221,29.691924,0 108.710365,29.699196,0 108.691166,29.68969,0 108.684783,29.693509,0 108.69313,29.704476,0 108.681051,29.721413,0 108.686649,29.740051,0 108.677565,29.748537,0 108.67732,29.761447,0 108.681788,29.770459,0 108.678449,29.777887,0 108.680658,29.800167,0 108.670986,29.811813,0 108.656942,29.816682,0 108.670347,29.819076,0 108.666124,29.842726,0 108.657728,29.84808,0 108.662491,29.852582,0 108.633226,29.855908,0 108.632686,29.86487,0 108.622915,29.867304,0 108.60843,29.862964,0 108.601409,29.8656,0 108.587955,29.85388,0 108.588151,29.84808,0 108.577349,29.844673,0 108.579902,29.831206,0 108.56581,29.820861,0 108.557463,29.819035,0 108.534434,29.787506,0 108.522503,29.763761,0 108.540081,29.756779,0 108.548526,29.749512,0 108.547004,29.742569,0 108.520244,29.730347,0 108.51666,29.735666,0 108.504188,29.729413,0 108.515285,29.71861,0 108.506446,29.708172,0 108.526676,29.696759,0 108.52373,29.683109,0 108.503549,29.67669,0 108.504139,29.666288,0 108.489997,29.642515,0 108.487199,29.624102,0 108.499965,29.622069,0 108.507036,29.611093,0 108.512633,29.614467,0 108.516709,29.602148,0 108.534974,29.588851,0 108.534532,29.572177,0 108.548379,29.557575,0 108.547643,29.547406,0 108.536251,29.540001,0 108.515334,29.543948,0 108.506054,29.536868,0 108.494711,29.515099,0 108.501242,29.49996,0 108.50954,29.50285,0 108.539688,29.491697,0 108.561686,29.491657,0 108.585549,29.477328,0 108.581228,29.464911,0 108.59257,29.442963,0 108.576367,29.41706,0 108.555843,29.412701,0 108.552995,29.390539,0 108.547201,29.381697,0 108.550196,29.371754,0 108.561538,29.352598,0 108.549705,29.328303,0 108.549459,29.315378,0 108.560409,29.306081,0 108.573568,29.302411,0 108.584272,29.285812,0 108.583192,29.278063,0 108.571948,29.265703,0 108.575778,29.252362,0 108.568314,29.236245,0 108.569247,29.224941,0 108.555597,29.218738,0 108.548919,29.205064,0 108.556775,29.184857,0 108.574403,29.164115,0 108.570671,29.152313,0 108.55869,29.13953,0</coordinates></LinearRing></outerBoundaryIs>
      </Polygon>
      <Polygon>
        <outerBoundaryIs><LinearRing><coordinates>106.972222,29.763924,0 106.988131,29.769322,0 106.993483,29.75824,0 106.988818,29.748781,0 106.990144,29.738062,0 106.998638,29.732539,0 107.002223,29.714468,0 107.009195,29.712762,0 107.027166,29.717189,0 107.041406,29.734407,0 107.070032,29.751217,0 107.070277,29.758524,0 107.086726,29.761813,0 107.102635,29.754546,0 107.111572,29.76299,0 107.153111,29.784827,0 107.186992,29.79473,0 107.198039,29.809622,0 107.212279,29.816276,0 107.206583,29.824958,0 107.210806,29.840292,0 107.229317,29.84374,0 107.240512,29.841347,0 107.265161,29.847472,0 107.270857,29.851447,0 107.272379,29.837291,0 107.29801,29.839603,0 107.299827,29.847472,0 107.313084,29.845809,0 107.323445,29.852947,0 107.337193,29.873062,0 107.335818,29.884415,0 107.342005,29.892929,0 107.360762,29.897227,0 107.369354,29.906794,0 107.379666,29.899132,0 107.377505,29.910523,0 107.387129,29.921993,0 107.383545,29.926614,0 107.415755,29.970577,0 107.421156,29.967944,0 107.448064,29.999092,0 107.453171,30.001441,0 107.451501,30.008203,0 107.46029,30.01533,0 107.436329,30.033833,0 107.374068,29.973372,0 107.362824,29.979853,0 107.347995,29.980501,0 107.335573,29.97398,0 107.325556,29.973007,0 107.307094,29.992328,0 107.29418,29.997917,0 107.294818,30.002696,0 107.31112,30.008203,0 107.304688,30.0161,0 107.31166,30.02023,0 107.307879,30.035493,0 107.294867,30.044359,0 107.27724,30.043144,0 107.279204,30.04873,0 107.266045,30.055045,0 107.26521,30.062006,0 107.247534,30.07528,0 107.259072,30.075887,0 107.269089,30.081148,0 107.271741,30.09446,0 107.28328,30.091021,0 107.29089,30.097939,0 107.286766,30.107892,0 107.295555,30.122454,0 107.291381,30.136327,0 107.274098,30.135841,0 107.269482,30.145992,0 107.288484,30.171303,0 107.277044,30.181086,0 107.256568,30.205903,0 107.228335,30.223805,0 107.221068,30.213743,0 107.187335,30.181248,0 107.16848,30.160306,0 107.136466,30.134426,0 107.13131,30.121524,0 107.106563,30.113838,0 107.111032,30.104251,0 107.103077,30.090131,0 107.093797,30.095391,0 107.080147,30.094177,0 107.073911,30.080986,0 107.084517,30.063868,0 107.075286,30.051118,0 107.058395,30.043063,0 107.0554,30.040553,0 107.054221,30.040837,0 107.053779,30.043751,0 107.050588,30.053426,0 107.042486,30.055085,0 107.037821,30.047273,0 107.042682,30.035007,0 107.020636,30.036829,0 107.014351,30.051604,0 107.005316,30.052495,0 106.998295,30.059456,0 106.985332,30.084061,0 106.966477,30.079894,0 106.954889,30.066094,0 106.956755,30.06059,0 106.948604,30.040149,0 106.941877,30.042739,0 106.914871,30.033955,0 106.913594,30.025574,0 106.88433,30.0344,0 106.861449,30.028165,0 106.856195,30.013872,0 106.866506,30.012293,0 106.864444,29.984916,0 106.868323,29.978962,0 106.877947,29.98601,0 106.88708,29.981392,0 106.889928,29.987954,0 106.896654,29.978597,0 106.909077,29.971873,0 106.931467,29.975397,0 106.935248,29.964054,0 106.942515,29.964824,0 106.946934,29.953683,0 106.965691,29.951981,0 106.970012,29.938326,0 106.98489,29.934314,0 106.974529,29.916603,0 106.962058,29.901929,0 106.953416,29.88109,0 106.945461,29.875454,0 106.944528,29.855908,0 106.937114,29.851893,0 106.936574,29.842483,0 106.942859,29.839765,0 106.944234,29.812949,0 106.939913,29.804347,0 106.952237,29.792214,0 106.945167,29.784178,0 106.952532,29.784259,0 106.958522,29.769485,0 106.96466,29.774518,0 106.972222,29.763924,0</coordinates></LinearRing></outerBoundaryIs>
      </Polygon>
      <Polygon>
        <outerBoundaryIs><LinearRing><coordinates>107.058395,30.043063,0 107.053779,30.043751,0 107.054221,30.040837,0 107.0554,30.040553,0 107.058395,30.043063,0</coordinates></LinearRing></outerBoundaryIs>
      </Polygon>
      <Polygon>
        <outerBoundaryIs><LinearRing><coordinates>105.830514,28.944271,0 105.844262,28.93093,0 105.852708,28.927369,0 105.875049,28.933958,0 105.888061,28.926837,0 105.889338,28.909523,0 105.909567,28.900189,0 105.915607,28.907476,0 105.909764,28.920452,0 105.920321,28.930643,0 105.934511,28.933876,0 105.95808,28.952496,0 105.961566,28.960107,0 105.971877,28.965957,0 105.9761,28.959166,0 105.988424,28.964198,0 105.985969,28.970131,0 105.974627,28.973567,0 105.984103,28.979008,0 106.001535,28.973608,0 106.017443,28.952905,0 106.02417,28.949714,0 106.036102,28.955729,0 106.043811,28.954133,0 106.047346,28.943575,0 106.04003,28.940465,0 106.042338,28.929538,0 106.03949,28.918651,0 106.042534,28.910587,0 106.051913,28.906862,0 106.062813,28.918201,0 106.070522,28.919797,0 106.085645,28.9103,0 106.087708,28.904201,0 106.10126,28.898961,0 106.134354,28.90506,0 106.149183,28.901949,0 106.162538,28.908908,0 106.173684,28.92082,0 106.191606,28.908663,0 106.206926,28.904528,0 106.215371,28.891714,0 106.225585,28.890568,0 106.228089,28.881764,0 106.242181,28.86821,0 106.253229,28.865753,0 106.255586,28.857398,0 106.265062,28.846708,0 106.260201,28.833641,0 106.246698,28.826472,0 106.254358,28.819179,0 106.24439,28.814631,0 106.252394,28.785823,0 106.267665,28.779348,0 106.273213,28.739788,0 106.287698,28.732366,0 106.303509,28.709113,0 106.307191,28.687907,0 106.30616,28.675763,0 106.321087,28.665465,0 106.311168,28.660048,0 106.304049,28.649872,0 106.310776,28.639981,0 106.329778,28.63403,0 106.324524,28.616749,0 106.332184,28.603366,0 106.340187,28.59889,0 106.34662,28.58378,0 106.345196,28.573021,0 106.339304,28.566368,0 106.344803,28.562014,0 106.332037,28.553224,0 106.338371,28.546858,0 106.34225,28.532603,0 106.349811,28.540121,0 106.363903,28.526892,0 106.374313,28.525618,0 106.378487,28.533835,0 106.373576,28.537656,0 106.389829,28.553266,0 106.385704,28.560823,0 106.399109,28.571173,0 106.412956,28.563123,0 106.423218,28.562671,0 106.43402,28.556675,0 106.439471,28.559427,0 106.454054,28.549774,0 106.453072,28.544721,0 106.466918,28.541846,0 106.471632,28.532603,0 106.483858,28.530589,0 106.493384,28.538313,0 106.501191,28.534533,0 106.504726,28.54468,0 106.488867,28.557496,0 106.478899,28.574992,0 106.466967,28.586408,0 106.473842,28.598973,0 106.498785,28.585874,0 106.508802,28.564889,0 106.524711,28.577826,0 106.513319,28.577046,0 106.494464,28.599999,0 106.494955,28.615148,0 106.501093,28.617898,0 106.501338,28.628735,0 106.506641,28.635343,0 106.502762,28.661321,0 106.520144,28.6621,0 106.529719,28.673137,0 106.515774,28.688194,0 106.510324,28.715183,0 106.499325,28.717398,0 106.493826,28.73946,0 106.462057,28.76123,0 106.454201,28.776068,0 106.451648,28.79279,0 106.462794,28.797216,0 106.46029,28.804961,0 106.451402,28.808116,0 106.453514,28.816967,0 106.46844,28.826472,0 106.461861,28.831019,0 106.455723,28.836427,0 106.446443,28.863337,0 106.43623,28.870217,0 106.415264,28.876236,0 106.411826,28.891182,0 106.410992,28.922294,0 106.402792,28.940956,0 106.408733,28.95401,0 106.399846,28.962521,0 106.405738,28.979622,0 106.397587,28.993693,0 106.391842,29.022443,0 106.385803,29.029476,0 106.398765,29.027023,0 106.404314,29.035364,0 106.419732,29.047834,0 106.427834,29.047588,0 106.442515,29.039739,0 106.44281,29.050573,0 106.463874,29.042069,0 106.444135,29.038103,0 106.454447,29.0177,0 106.475413,29.012179,0 106.478113,29.024774,0 106.489849,29.042969,0 106.484497,29.065738,0 106.49034,29.083476,0 106.501044,29.0771,0 106.498,29.071624,0 106.504825,29.063285,0 106.514547,29.059852,0 106.524956,29.044195,0 106.526331,29.036141,0 106.544646,29.036386,0 106.551815,29.024692,0 106.549703,29.00535,0 106.557118,29.006004,0 106.562666,29.016555,0 106.57833,29.022443,0 106.585204,29.008294,0 106.592471,29.005963,0 106.608773,29.014756,0 106.59414,29.019131,0 106.589525,29.030008,0 106.585695,29.053148,0 106.589672,29.056663,0 106.583436,29.071256,0 106.584418,29.079634,0 106.578084,29.09312,0 106.581177,29.110076,0 106.574205,29.116777,0 106.574451,29.128215,0 106.560997,29.133239,0 106.550047,29.145493,0 106.549998,29.153498,0 106.562372,29.161379,0 106.545972,29.183265,0 106.541896,29.192369,0 106.547788,29.212534,0 106.539343,29.213717,0 106.535906,29.221962,0 106.521225,29.224614,0 106.515774,29.232042,0 106.519653,29.251791,0 106.514056,29.254688,0 106.511208,29.268069,0 106.505021,29.268966,0 106.508655,29.278674,0 106.486363,29.294336,0 106.473645,29.335722,0 106.474431,29.35696,0 106.478163,29.36022,0 106.460241,29.360872,0 106.454496,29.35427,0 106.440404,29.350153,0 106.435542,29.352965,0 106.411876,29.342245,0 106.400877,29.340777,0 106.395525,29.339351,0 106.385999,29.312401,0 106.393217,29.294948,0 106.384035,29.283039,0 106.3559,29.27688,0 106.339844,29.26456,0 106.311905,29.254769,0 106.298697,29.256483,0 106.27994,29.286913,0 106.289171,29.320679,0 106.276945,29.322269,0 106.274539,29.32871,0 106.261232,29.335519,0 106.267468,29.350234,0 106.277829,29.352924,0 106.275668,29.363236,0 106.282248,29.368167,0 106.284359,29.38516,0 106.294425,29.384549,0 106.295554,29.378763,0 106.30891,29.379985,0 106.314409,29.388827,0 106.322314,29.38732,0 106.331005,29.39555,0 106.329041,29.413679,0 106.317257,29.415227,0 106.323002,29.420481,0 106.320596,29.427976,0 106.307339,29.426835,0 106.30724,29.434248,0 106.298549,29.440764,0 106.285636,29.441986,0 106.278565,29.449031,0 106.262705,29.451596,0 106.248613,29.429238,0 106.245569,29.40989,0 106.223621,29.353984,0 106.206042,29.334826,0 106.195731,29.327447,0 106.17663,29.308446,0 106.156106,29.301962,0 106.152276,29.293684,0 106.136416,29.294826,0 106.120065,29.278878,0 106.113289,29.284018,0 106.110442,29.294907,0 106.096104,29.291359,0 106.084663,29.300331,0 106.086382,29.30706,0 106.072928,29.321005,0 106.043418,29.32549,0 106.038164,29.313339,0 106.036789,29.284915,0 106.031486,29.261868,0 106.033156,29.253953,0 106.016363,29.242529,0 106.004677,29.215513,0 105.996673,29.213595,0 105.982287,29.193512,0 105.96736,29.177671,0 105.965347,29.15603,0 105.954299,29.151251,0 105.958276,29.147943,0 105.942858,29.128338,0 105.937899,29.127561,0 105.93186,29.115102,0 105.918848,29.109464,0 105.917473,29.098881,0 105.909518,29.093855,0 105.913888,29.08086,0 105.922285,29.078858,0 105.919928,29.056132,0 105.897145,29.049632,0 105.885459,29.037204,0 105.882905,29.029722,0 105.864492,29.026001,0 105.857323,29.012997,0 105.858011,28.98678,0 105.851677,28.976185,0 105.826782,28.964403,0 105.824769,28.953396,0 105.830514,28.944271,0</coordinates></LinearRing></outerBoundaryIs>
      </Polygon>
      <Polygon>
        <outerBoundaryIs><LinearRing><coordinates>106.648447,30.085559,0 106.656352,30.086165,0 106.668382,30.101742,0 106.673881,30.12213,0 106.67501,30.147165,0 106.677613,30.157395,0 106.665779,30.158972,0 106.662195,30.170171,0 106.653995,30.169726,0 106.649527,30.176922,0 106.639265,30.180156,0 106.646973,30.189494,0 106.63185,30.186543,0 106.633618,30.199679,0 106.626989,30.19778,0 106.624436,30.211318,0 106.632734,30.216208,0 106.619133,30.229664,0 106.611473,30.228047,0 106.609804,30.23532,0 106.621686,30.236492,0 106.633029,30.24643,0 106.642653,30.249863,0 106.634845,30.265697,0 106.627578,30.265899,0 106.623061,30.281609,0 106.611669,30.292431,0 106.590507,30.294248,0 106.586382,30.302969,0 106.571603,30.30624,0 106.56026,30.315162,0 106.547052,30.310358,0 106.544842,30.296752,0 106.521372,30.300305,0 106.509391,30.289363,0 106.499865,30.288918,0 106.498,30.296025,0 106.481845,30.298407,0 106.476149,30.306966,0 106.472123,30.300022,0 106.458964,30.302283,0 106.44826,30.299618,0 106.4515,30.308137,0 106.441042,30.308945,0 106.436475,30.303575,0 106.444774,30.295702,0 106.441877,30.289484,0 106.43569,30.295177,0 106.428619,30.291543,0 106.434708,30.277046,0 106.41821,30.278783,0 106.407997,30.276117,0 106.422138,30.262466,0 106.429405,30.261174,0 106.427834,30.253782,0 106.416786,30.253418,0 106.410795,30.24336,0 106.401319,30.242673,0 106.397391,30.249662,0 106.383102,30.254711,0 106.390222,30.243683,0 106.372545,30.248167,0 106.359632,30.241218,0 106.34932,30.245258,0 106.343968,30.237219,0 106.336799,30.237906,0 106.335032,30.226391,0 106.318681,30.229138,0 106.309794,30.2373,0 106.300563,30.238552,0 106.305816,30.225704,0 106.292706,30.220209,0 106.296684,30.205135,0 106.28431,30.201983,0 106.278467,30.195718,0 106.279793,30.207924,0 106.26192,30.213784,0 106.27174,30.204004,0 106.264424,30.193536,0 106.254358,30.198426,0 106.245913,30.196527,0 106.249742,30.189736,0 106.241788,30.177731,0 106.240315,30.18533,0 106.232704,30.186139,0 106.240315,30.200164,0 106.232213,30.212531,0 106.212524,30.203115,0 106.204471,30.205701,0 106.201819,30.213137,0 106.192539,30.2154,0 106.201083,30.228411,0 106.180362,30.232855,0 106.178251,30.248611,0 106.170542,30.250591,0 106.178447,30.256892,0 106.179822,30.278661,0 106.169069,30.3041,0 106.156499,30.313668,0 106.149428,30.309469,0 106.137153,30.315686,0 106.132685,30.323679,0 106.124092,30.324769,0 106.124828,30.317907,0 106.134403,30.308622,0 106.131801,30.301799,0 106.122324,30.306805,0 106.122864,30.313708,0 106.114812,30.317341,0 106.106072,30.310761,0 106.098019,30.323558,0 106.088346,30.323154,0 106.091047,30.336837,0 106.088591,30.345958,0 106.079311,30.344344,0 106.073517,30.334133,0 106.070768,30.341196,0 106.061046,30.342003,0 106.033745,30.361817,0 106.030897,30.374244,0 106.01381,30.372347,0 106.002222,30.376906,0 105.992009,30.36916,0 105.97826,30.373477,0 105.989063,30.352697,0 105.980372,30.342084,0 105.981305,30.325051,0 105.988277,30.320006,0 105.975216,30.30632,0 105.967507,30.308379,0 105.974872,30.289322,0 105.983367,30.289766,0 105.98101,30.280156,0 105.992107,30.277369,0 105.998588,30.280681,0 106.009489,30.275754,0 106.013466,30.268282,0 106.006248,30.260002,0 105.995397,30.256892,0 105.985724,30.248692,0 105.981059,30.233583,0 105.995102,30.231845,0 106.004039,30.224775,0 106.006052,30.213622,0 106.019948,30.201417,0 106.00669,30.187958,0 105.991174,30.177246,0 105.973743,30.188079,0 105.974381,30.175224,0 105.987639,30.164026,0 105.976247,30.153109,0 105.978801,30.143606,0 105.998343,30.129289,0 105.994513,30.120108,0 105.999472,30.113757,0 105.985184,30.101742,0 105.989357,30.093125,0 105.980814,30.083131,0 105.98592,30.070262,0 105.981207,30.061359,0 105.981501,30.052414,0 105.991076,30.033671,0 105.998785,30.026627,0 106.020439,30.028084,0 106.047788,30.01363,0 106.046511,30.007474,0 106.027362,30.001522,0 106.028,29.991883,0 106.036495,29.997674,0 106.049163,29.997026,0 106.075727,30.001643,0 106.098215,30.002331,0 106.123061,29.998687,0 106.118052,29.986982,0 106.123306,29.980056,0 106.119378,29.966607,0 106.112946,29.960813,0 106.1127,29.9519,0 106.124141,29.936461,0 106.134845,29.938771,0 106.129198,29.929491,0 106.130426,29.921993,0 106.146924,29.92787,0 106.160574,29.919359,0 106.164944,29.921507,0 106.165877,29.922399,0 106.197744,29.931153,0 106.200346,29.936826,0 106.208645,29.929126,0 106.219005,29.929451,0 106.221018,29.920413,0 106.239873,29.919116,0 106.2384,29.912549,0 106.242377,29.910239,0 106.244341,29.908253,0 106.244783,29.908374,0 106.245127,29.908253,0 106.245078,29.907685,0 106.258139,29.89747,0 106.266977,29.895686,0 106.27012,29.887334,0 106.281658,29.894673,0 106.276699,29.873021,0 106.265995,29.873913,0 106.271593,29.86779,0 106.263393,29.852258,0 106.26791,29.84443,0 106.314409,29.884861,0 106.339598,29.901767,0 106.383053,29.92787,0 106.390909,29.921304,0 106.390958,29.906672,0 106.396507,29.898118,0 106.409077,29.889443,0 106.423611,29.884334,0 106.429601,29.892362,0 106.423414,29.904564,0 106.433235,29.901889,0 106.443841,29.906834,0 106.455281,29.926776,0 106.46191,29.92402,0 106.44281,29.883564,0 106.452777,29.878212,0 106.458522,29.887456,0 106.462892,29.88478,0 106.452581,29.869128,0 106.465347,29.870832,0 106.466967,29.882996,0 106.477131,29.891875,0 106.479046,29.908172,0 106.488916,29.908415,0 106.501338,29.922115,0 106.505659,29.931234,0 106.519506,29.927546,0 106.526773,29.945822,0 106.544941,29.935246,0 106.55697,29.961259,0 106.568706,29.991154,0 106.572192,30.012698,0 106.582209,30.022214,0 106.596546,30.030432,0 106.598265,30.039582,0 106.591587,30.047071,0 106.629101,30.079448,0 106.648447,30.085559,0</coordinates></LinearRing></outerBoundaryIs>
      </Polygon>
      <Polygon>
        <outerBoundaryIs><LinearRing><coordinates>106.244783,29.908374,0 106.244341,29.908253,0 106.245078,29.907685,0 106.245127,29.908253,0 106.244783,29.908374,0</coordinates></LinearRing></outerBoundaryIs>
      </Polygon>
      <Polygon>
        <outerBoundaryIs><LinearRing><coordinates>105.66514,29.276594,0 105.678054,29.273494,0 105.689838,29.29193,0 105.70506,29.29923,0 105.715911,29.29087,0 105.69519,29.287362,0 105.693963,29.267579,0 105.70889,29.238,0 105.705845,29.223757,0 105.711983,29.218901,0 105.70452,29.202411,0 105.705796,29.174732,0 105.719594,29.172159,0 105.729463,29.152558,0 105.728825,29.134424,0 105.733195,29.130993,0 105.742868,29.137569,0 105.752099,29.129767,0 105.735208,29.122414,0 105.729267,29.107748,0 105.729905,29.098759,0 105.740855,29.088625,0 105.745028,29.075465,0 105.757795,29.069008,0 105.741788,29.039494,0 105.747631,29.037899,0 105.754063,29.02412,0 105.76624,29.013365,0 105.76187,28.992998,0 105.779105,28.979949,0 105.788778,28.977617,0 105.801348,28.958184,0 105.80886,28.956547,0 105.803852,28.947586,0 105.796339,28.949632,0 105.792706,28.943453,0 105.797567,28.935923,0 105.810579,28.940874,0 105.830514,28.944271,0 105.824769,28.953396,0 105.826782,28.964403,0 105.851677,28.976185,0 105.858011,28.98678,0 105.857323,29.012997,0 105.864492,29.026001,0 105.882905,29.029722,0 105.885459,29.037204,0 105.897145,29.049632,0 105.919928,29.056132,0 105.922285,29.078858,0 105.913888,29.08086,0 105.909518,29.093855,0 105.917473,29.098881,0 105.918848,29.109464,0 105.93186,29.115102,0 105.937899,29.127561,0 105.942858,29.128338,0 105.958276,29.147943,0 105.954299,29.151251,0 105.965347,29.15603,0 105.96736,29.177671,0 105.982287,29.193512,0 105.996673,29.213595,0 106.004677,29.215513,0 106.016363,29.242529,0 106.033156,29.253953,0 106.031486,29.261868,0 106.036789,29.284915,0 106.038164,29.313339,0 106.043418,29.32549,0 106.049998,29.341878,0 106.048377,29.353251,0 106.065612,29.375788,0 106.067822,29.390946,0 106.062666,29.396161,0 106.063648,29.418974,0 106.073272,29.448868,0 106.071799,29.461491,0 106.076218,29.470366,0 106.078035,29.491168,0 106.076709,29.505536,0 106.085989,29.530562,0 106.089132,29.546388,0 106.078526,29.545209,0 106.071553,29.536014,0 106.038803,29.529179,0 106.018769,29.527388,0 106.010127,29.520512,0 105.995446,29.525801,0 105.995446,29.541303,0 105.988523,29.542483,0 105.981992,29.533369,0 105.975363,29.54228,0 105.967802,29.53695,0 105.956116,29.540734,0 105.951156,29.548463,0 105.935984,29.549968,0 105.938341,29.543744,0 105.921303,29.537438,0 105.910746,29.539065,0 105.903626,29.552531,0 105.906572,29.562741,0 105.890467,29.570429,0 105.873969,29.552572,0 105.876817,29.541791,0 105.868617,29.537316,0 105.855016,29.540042,0 105.834933,29.527917,0 105.825899,29.51396,0 105.817895,29.490395,0 105.802674,29.437139,0 105.770561,29.408302,0 105.773507,29.394857,0 105.767762,29.379578,0 105.747582,29.372487,0 105.735159,29.38459,0 105.728678,29.384875,0 105.716893,29.372813,0 105.709086,29.375625,0 105.709283,29.368616,0 105.696172,29.364622,0 105.691655,29.357652,0 105.675501,29.355574,0 105.663078,29.346647,0 105.653209,29.349052,0 105.649575,29.340247,0 105.653405,29.33397,0 105.645352,29.319252,0 105.635974,29.320638,0 105.637251,29.298251,0 105.645794,29.286506,0 105.655664,29.284426,0 105.66514,29.276594,0</coordinates></LinearRing></outerBoundaryIs>
      </Polygon>
      <Polygon>
        <outerBoundaryIs><LinearRing><coordinates>107.057462,28.894785,0 107.066546,28.895358,0 107.07234,28.879308,0 107.063354,28.877055,0 107.059819,28.868456,0 107.072683,28.866613,0 107.08707,28.872264,0 107.096694,28.890076,0 107.141965,28.887742,0 107.146827,28.876236,0 107.155861,28.882993,0 107.166565,28.880659,0 107.178644,28.883361,0 107.184095,28.879922,0 107.193571,28.888766,0 107.198432,28.878407,0 107.194013,28.876605,0 107.206534,28.868005,0 107.19691,28.847405,0 107.195142,28.838065,0 107.226371,28.836795,0 107.216354,28.828151,0 107.210609,28.814795,0 107.213408,28.795003,0 107.21876,28.788733,0 107.219202,28.772707,0 107.24665,28.761845,0 107.253573,28.766805,0 107.252395,28.780577,0 107.261429,28.792708,0 107.277142,28.799183,0 107.304639,28.806764,0 107.325409,28.809591,0 107.345147,28.829585,0 107.331988,28.841178,0 107.359878,28.849985,0 107.367243,28.844988,0 107.383447,28.848551,0 107.395378,28.86088,0 107.391941,28.868497,0 107.406131,28.89155,0 107.415657,28.88979,0 107.41443,28.913248,0 107.422875,28.928269,0 107.433579,28.933754,0 107.441043,28.94378,0 107.438784,28.955278,0 107.421549,28.954542,0 107.412957,28.960148,0 107.405542,28.972258,0 107.404413,28.981872,0 107.396949,28.993325,0 107.370435,28.993897,0 107.364542,29.010543,0 107.378536,29.021912,0 107.381041,29.029926,0 107.395182,29.039657,0 107.390714,29.059075,0 107.379862,29.05744,0 107.369747,29.091608,0 107.374412,29.097574,0 107.392285,29.091281,0 107.412957,29.095735,0 107.427589,29.127357,0 107.4215,29.135813,0 107.408439,29.138345,0 107.408095,29.150271,0 107.412318,29.161379,0 107.401516,29.175957,0 107.401565,29.184694,0 107.395378,29.205881,0 107.401909,29.218248,0 107.399355,29.235714,0 107.401025,29.248853,0 107.416541,29.264234,0 107.421942,29.274636,0 107.404069,29.28259,0 107.388553,29.281081,0 107.391597,29.289279,0 107.379764,29.299516,0 107.373332,29.298578,0 107.38271,29.308609,0 107.392039,29.326754,0 107.367047,29.341756,0 107.350156,29.346892,0 107.347308,29.342571,0 107.323395,29.339147,0 107.318387,29.347789,0 107.309893,29.345098,0 107.298599,29.352069,0 107.293444,29.349704,0 107.272428,29.358386,0 107.272428,29.37371,0 107.263393,29.383571,0 107.256176,29.38463,0 107.241691,29.379415,0 107.239285,29.364744,0 107.225487,29.367801,0 107.20732,29.366293,0 107.207221,29.385934,0 107.214439,29.39775,0 107.199561,29.399135,0 107.203244,29.411316,0 107.185911,29.412945,0 107.173096,29.408342,0 107.167056,29.420603,0 107.16082,29.424432,0 107.155272,29.417304,0 107.148741,29.419259,0 107.134846,29.411438,0 107.142947,29.408179,0 107.146827,29.396365,0 107.134158,29.394613,0 107.125124,29.387564,0 107.110442,29.391598,0 107.109166,29.383856,0 107.114812,29.366741,0 107.10018,29.361606,0 107.083387,29.359813,0 107.07229,29.362829,0 107.043321,29.378437,0 107.052552,29.388705,0 107.051619,29.394205,0 107.035121,29.391231,0 107.026381,29.402802,0 107.034581,29.406713,0 107.029228,29.410827,0 107.025055,29.441782,0 107.034482,29.453103,0 107.034581,29.467435,0 107.015873,29.473338,0 107.019997,29.487057,0 107.012927,29.487708,0 107.00453,29.471058,0 106.993925,29.482579,0 106.98052,29.488767,0 106.964415,29.488685,0 106.945952,29.497029,0 106.935297,29.464463,0 106.933039,29.448542,0 106.936574,29.439339,0 106.932253,29.399746,0 106.922531,29.403046,0 106.919978,29.329893,0 106.922433,29.310322,0 106.920616,29.302411,0 106.92312,29.280673,0 106.933039,29.279653,0 106.936132,29.256931,0 106.954692,29.252199,0 106.95754,29.228981,0 106.968392,29.215228,0 106.961812,29.202738,0 106.95263,29.197104,0 106.955527,29.190695,0 106.945069,29.183142,0 106.919045,29.180366,0 106.911385,29.197472,0 106.895574,29.190491,0 106.896409,29.180039,0 106.907751,29.179672,0 106.909175,29.160562,0 106.899355,29.155621,0 106.891744,29.14149,0 106.891695,29.131769,0 106.905542,29.11596,0 106.911483,29.114775,0 106.921844,29.100475,0 106.910256,29.068844,0 106.906131,29.051758,0 106.915362,29.054538,0 106.920567,29.045749,0 106.926361,29.047793,0 106.938685,29.041906,0 106.950421,29.071787,0 106.954545,29.059239,0 106.96358,29.058217,0 106.975266,29.050532,0 106.977034,29.056009,0 106.988671,29.043459,0 106.981158,29.039861,0 106.979832,29.031766,0 106.990045,29.021094,0 107.003892,29.016023,0 107.01715,28.998724,0 107.024564,28.995983,0 107.02967,28.985717,0 107.022256,28.974058,0 107.013614,28.969599,0 107.015971,28.952087,0 107.02913,28.941284,0 107.043124,28.945785,0 107.051275,28.942143,0 107.057315,28.932771,0 107.053288,28.919183,0 107.04337,28.919879,0 107.057462,28.894785,0</coordinates></LinearRing></outerBoundaryIs>
      </Polygon>
      <Polygon>
        <outerBoundaryIs><LinearRing><coordinates>106.253425,29.532841,0 106.251707,29.559406,0 106.260005,29.592633,0 106.265602,29.605889,0 106.274882,29.612231,0 106.282493,29.626744,0 106.273017,29.631215,0 106.279105,29.637841,0 106.287649,29.635849,0 106.2794,29.652553,0 106.287698,29.663484,0 106.284506,29.675268,0 106.278712,29.67669,0 106.280431,29.703298,0 106.285636,29.697896,0 106.297076,29.706467,0 106.305669,29.736641,0 106.31598,29.764898,0 106.324279,29.774843,0 106.334197,29.771311,0 106.344214,29.779307,0 106.372889,29.814207,0 106.351284,29.812422,0 106.34225,29.816804,0 106.345883,29.836114,0 106.337585,29.834532,0 106.342446,29.842523,0 106.330956,29.848323,0 106.336407,29.860247,0 106.329385,29.859639,0 106.325653,29.872737,0 106.314409,29.884861,0 106.26791,29.84443,0 106.233048,29.805686,0 106.211689,29.791564,0 106.194552,29.785395,0 106.180559,29.771555,0 106.160771,29.759702,0 106.169069,29.752557,0 106.163422,29.721088,0 106.156155,29.70935,0 106.169314,29.689893,0 106.163226,29.681321,0 106.165828,29.675755,0 106.156695,29.667304,0 106.144813,29.662956,0 106.122717,29.638816,0 106.113928,29.615687,0 106.117561,29.610076,0 106.112307,29.601457,0 106.104844,29.576041,0 106.096251,29.559691,0 106.087217,29.552287,0 106.089132,29.546388,0 106.085989,29.530562,0 106.076709,29.505536,0 106.078035,29.491168,0 106.076218,29.470366,0 106.071799,29.461491,0 106.073272,29.448868,0 106.063648,29.418974,0 106.062666,29.396161,0 106.067822,29.390946,0 106.065612,29.375788,0 106.048377,29.353251,0 106.049998,29.341878,0 106.043418,29.32549,0 106.072928,29.321005,0 106.086382,29.30706,0 106.084663,29.300331,0 106.096104,29.291359,0 106.110442,29.294907,0 106.113289,29.284018,0 106.120065,29.278878,0 106.136416,29.294826,0 106.152276,29.293684,0 106.156106,29.301962,0 106.17663,29.308446,0 106.195731,29.327447,0 106.206042,29.334826,0 106.223621,29.353984,0 106.245569,29.40989,0 106.248613,29.429238,0 106.262705,29.451596,0 106.26025,29.466051,0 106.267026,29.494994,0 106.260594,29.494262,0 106.261969,29.516524,0 106.253278,29.519698,0 106.253425,29.532841,0</coordinates></LinearRing></outerBoundaryIs>
      </Polygon>
      <Polygon>
        <outerBoundaryIs><LinearRing><coordinates>105.981207,30.061359,0 105.973105,30.072771,0 105.95862,30.076778,0 105.959209,30.071234,0 105.949438,30.060832,0 105.939274,30.063342,0 105.943006,30.074511,0 105.934511,30.080703,0 105.933333,30.088027,0 105.917571,30.093934,0 105.907554,30.091951,0 105.897783,30.079003,0 105.904608,30.073662,0 105.895475,30.065123,0 105.901711,30.057392,0 105.900336,30.045775,0 105.891498,30.044156,0 105.883691,30.049256,0 105.872103,30.045411,0 105.869648,30.032983,0 105.875491,30.027356,0 105.866702,30.009864,0 105.870335,30.00549,0 105.886784,30.006462,0 105.904019,29.995649,0 105.915656,29.993179,0 105.907849,29.98038,0 105.91104,29.961624,0 105.924347,29.963123,0 105.925034,29.956478,0 105.934953,29.954493,0 105.941385,29.935691,0 105.931712,29.927546,0 105.95042,29.908172,0 105.945657,29.893051,0 105.933185,29.88778,0 105.926606,29.877928,0 105.930681,29.872373,0 105.923169,29.865763,0 105.910058,29.868561,0 105.90888,29.879955,0 105.88266,29.890659,0 105.875638,29.897551,0 105.870434,29.89078,0 105.860319,29.896902,0 105.846177,29.895402,0 105.837241,29.878293,0 105.824769,29.881861,0 105.818926,29.855583,0 105.809253,29.844714,0 105.807387,29.833031,0 105.790987,29.827879,0 105.778368,29.811367,0 105.789269,29.794121,0 105.808418,29.783569,0 105.806945,29.771636,0 105.820939,29.773381,0 105.822461,29.762827,0 105.83076,29.757997,0 105.868911,29.756982,0 105.878584,29.769525,0 105.888012,29.77468,0 105.893904,29.785882,0 105.888208,29.790347,0 105.893806,29.802967,0 105.906523,29.795582,0 105.904706,29.785598,0 105.922334,29.788236,0 105.944233,29.775979,0 105.957638,29.781662,0 105.970601,29.779876,0 105.976542,29.784746,0 105.991223,29.781174,0 105.998588,29.768916,0 105.997508,29.756819,0 106.001289,29.748375,0 106.010913,29.747279,0 106.014448,29.752841,0 106.028344,29.749552,0 106.025987,29.734854,0 106.036838,29.726692,0 106.031732,29.722184,0 106.005659,29.682581,0 105.997361,29.6645,0 105.982532,29.671936,0 105.969815,29.646294,0 105.953513,29.630199,0 105.946099,29.626988,0 105.938243,29.613166,0 105.924347,29.595805,0 105.890467,29.570429,0 105.906572,29.562741,0 105.903626,29.552531,0 105.910746,29.539065,0 105.921303,29.537438,0 105.938341,29.543744,0 105.935984,29.549968,0 105.951156,29.548463,0 105.956116,29.540734,0 105.967802,29.53695,0 105.975363,29.54228,0 105.981992,29.533369,0 105.988523,29.542483,0 105.995446,29.541303,0 105.995446,29.525801,0 106.010127,29.520512,0 106.018769,29.527388,0 106.038803,29.529179,0 106.071553,29.536014,0 106.078526,29.545209,0 106.089132,29.546388,0 106.087217,29.552287,0 106.096251,29.559691,0 106.104844,29.576041,0 106.112307,29.601457,0 106.117561,29.610076,0 106.113928,29.615687,0 106.122717,29.638816,0 106.144813,29.662956,0 106.156695,29.667304,0 106.165828,29.675755,0 106.163226,29.681321,0 106.169314,29.689893,0 106.156155,29.70935,0 106.163422,29.721088,0 106.169069,29.752557,0 106.160771,29.759702,0 106.180559,29.771555,0 106.194552,29.785395,0 106.211689,29.791564,0 106.233048,29.805686,0 106.26791,29.84443,0 106.263393,29.852258,0 106.271593,29.86779,0 106.265995,29.873913,0 106.276699,29.873021,0 106.281658,29.894673,0 106.27012,29.887334,0 106.266977,29.895686,0 106.258139,29.89747,0 106.245078,29.907685,0 106.244341,29.908253,0 106.242377,29.910239,0 106.24115,29.90955,0 106.240757,29.909428,0 106.240119,29.909347,0 106.239971,29.909631,0 106.240119,29.910928,0 106.239873,29.91109,0 106.239529,29.911131,0 106.23894,29.911212,0 106.2384,29.91182,0 106.238302,29.912144,0 106.2384,29.912549,0 106.239873,29.919116,0 106.221018,29.920413,0 106.219005,29.929451,0 106.208645,29.929126,0 106.200346,29.936826,0 106.197744,29.931153,0 106.165877,29.922399,0 106.166123,29.921142,0 106.166074,29.920777,0 106.165926,29.920696,0 106.165533,29.92094,0 106.165435,29.921102,0 106.165141,29.921426,0 106.164944,29.921507,0 106.160574,29.919359,0 106.146924,29.92787,0 106.130426,29.921993,0 106.129198,29.929491,0 106.134845,29.938771,0 106.124141,29.936461,0 106.1127,29.9519,0 106.112946,29.960813,0 106.119378,29.966607,0 106.123306,29.980056,0 106.118052,29.986982,0 106.123061,29.998687,0 106.098215,30.002331,0 106.075727,30.001643,0 106.049163,29.997026,0 106.036495,29.997674,0 106.028,29.991883,0 106.027362,30.001522,0 106.046511,30.007474,0 106.047788,30.01363,0 106.020439,30.028084,0 105.998785,30.026627,0 105.991076,30.033671,0 105.981501,30.052414,0 105.981207,30.061359,0</coordinates></LinearRing></outerBoundaryIs>
      </Polygon>
      <Polygon>
        <outerBoundaryIs><LinearRing><coordinates>106.2384,29.912549,0 106.238302,29.912144,0 106.2384,29.91182,0 106.23894,29.911212,0 106.239529,29.911131,0 106.239873,29.91109,0 106.240119,29.910928,0 106.239971,29.909631,0 106.240119,29.909347,0 106.240757,29.909428,0 106.24115,29.90955,0 106.242377,29.910239,0 106.2384,29.912549,0</coordinates></LinearRing></outerBoundaryIs>
      </Polygon>
      <Polygon>
        <outerBoundaryIs><LinearRing><coordinates>106.165877,29.922399,0 106.164944,29.921507,0 106.165141,29.921426,0 106.165435,29.921102,0 106.165533,29.92094,0 106.165926,29.920696,0 106.166074,29.920777,0 106.166123,29.921142,0 106.165877,29.922399,0</coordinates></LinearRing></outerBoundaryIs>
      </Polygon>
      <Polygon>
        <outerBoundaryIs><LinearRing><coordinates>105.733146,29.860693,0 105.738105,29.856516,0 105.738252,29.845646,0 105.725339,29.832747,0 105.735846,29.819319,0 105.72308,29.809825,0 105.714684,29.79684,0 105.713898,29.789129,0 105.721411,29.78779,0 105.746354,29.801466,0 105.763883,29.793512,0 105.77719,29.801831,0 105.778368,29.811367,0 105.790987,29.827879,0 105.807387,29.833031,0 105.809253,29.844714,0 105.818926,29.855583,0 105.824769,29.881861,0 105.837241,29.878293,0 105.846177,29.895402,0 105.860319,29.896902,0 105.870434,29.89078,0 105.875638,29.897551,0 105.88266,29.890659,0 105.90888,29.879955,0 105.910058,29.868561,0 105.923169,29.865763,0 105.930681,29.872373,0 105.926606,29.877928,0 105.933185,29.88778,0 105.945657,29.893051,0 105.95042,29.908172,0 105.931712,29.927546,0 105.941385,29.935691,0 105.934953,29.954493,0 105.925034,29.956478,0 105.924347,29.963123,0 105.91104,29.961624,0 105.907849,29.98038,0 105.915656,29.993179,0 105.904019,29.995649,0 105.886784,30.006462,0 105.870335,30.00549,0 105.866702,30.009864,0 105.875491,30.027356,0 105.869648,30.032983,0 105.872103,30.045411,0 105.883691,30.049256,0 105.891498,30.044156,0 105.900336,30.045775,0 105.901711,30.057392,0 105.895475,30.065123,0 105.904608,30.073662,0 105.897783,30.079003,0 105.907554,30.091951,0 105.917571,30.093934,0 105.933333,30.088027,0 105.934511,30.080703,0 105.943006,30.074511,0 105.939274,30.063342,0 105.949438,30.060832,0 105.959209,30.071234,0 105.95862,30.076778,0 105.973105,30.072771,0 105.981207,30.061359,0 105.98592,30.070262,0 105.980814,30.083131,0 105.989357,30.093125,0 105.985184,30.101742,0 105.999472,30.113757,0 105.994513,30.120108,0 105.998343,30.129289,0 105.978801,30.143606,0 105.976247,30.153109,0 105.987639,30.164026,0 105.974381,30.175224,0 105.973743,30.188079,0 105.991174,30.177246,0 106.00669,30.187958,0 106.019948,30.201417,0 106.006052,30.213622,0 106.004039,30.224775,0 105.995102,30.231845,0 105.981059,30.233583,0 105.985724,30.248692,0 105.995397,30.256892,0 106.006248,30.260002,0 106.013466,30.268282,0 106.009489,30.275754,0 105.998588,30.280681,0 105.992107,30.277369,0 105.98101,30.280156,0 105.983367,30.289766,0 105.974872,30.289322,0 105.967507,30.308379,0 105.975216,30.30632,0 105.988277,30.320006,0 105.981305,30.325051,0 105.980372,30.342084,0 105.989063,30.352697,0 105.97826,30.373477,0 105.970257,30.378883,0 105.940894,30.372267,0 105.939568,30.380537,0 105.925575,30.385338,0 105.917031,30.395987,0 105.901515,30.386346,0 105.899011,30.396027,0 105.905983,30.397036,0 105.905296,30.406433,0 105.876522,30.399536,0 105.886784,30.392639,0 105.877602,30.386669,0 105.869108,30.401513,0 105.873772,30.408692,0 105.862332,30.406353,0 105.846227,30.392437,0 105.839107,30.399698,0 105.846128,30.411152,0 105.836946,30.41583,0 105.831103,30.429016,0 105.820154,30.437524,0 105.802183,30.427927,0 105.792313,30.427282,0 105.795456,30.418491,0 105.782787,30.403086,0 105.770708,30.404054,0 105.760299,30.384571,0 105.770021,30.37618,0 105.751854,30.357136,0 105.756224,30.347088,0 105.74984,30.339703,0 105.735012,30.336676,0 105.741493,30.319158,0 105.729905,30.316897,0 105.714831,30.322791,0 105.711738,30.315848,0 105.718612,30.307733,0 105.711001,30.294208,0 105.711787,30.282255,0 105.722982,30.275552,0 105.734963,30.277046,0 105.730102,30.265818,0 105.735159,30.261537,0 105.720969,30.263193,0 105.723866,30.254751,0 105.701475,30.257862,0 105.67334,30.252772,0 105.667203,30.265697,0 105.660672,30.264324,0 105.645745,30.273371,0 105.622668,30.273856,0 105.620163,30.261779,0 105.610589,30.255882,0 105.62036,30.248934,0 105.618739,30.23536,0 105.636269,30.219724,0 105.655418,30.220815,0 105.662342,30.210066,0 105.645549,30.206873,0 105.642406,30.186422,0 105.632832,30.183754,0 105.618052,30.185694,0 105.607888,30.178297,0 105.595122,30.183673,0 105.5799,30.173446,0 105.567036,30.183188,0 105.546904,30.180722,0 105.536445,30.164834,0 105.536151,30.152907,0 105.549605,30.151734,0 105.556086,30.144779,0 105.558197,30.151977,0 105.571406,30.161559,0 105.582159,30.162974,0 105.59684,30.157112,0 105.593207,30.144738,0 105.569982,30.134304,0 105.574155,30.130422,0 105.580244,30.129694,0 105.582699,30.12755,0 105.583141,30.12395,0 105.598068,30.109227,0 105.606759,30.109712,0 105.619721,30.104129,0 105.640835,30.101338,0 105.637496,30.093691,0 105.639264,30.076413,0 105.649231,30.074592,0 105.660476,30.066296,0 105.674617,30.071274,0 105.676728,30.056057,0 105.683455,30.052859,0 105.68699,30.038975,0 105.699413,30.043144,0 105.705354,30.035776,0 105.721312,30.042051,0 105.728039,30.027194,0 105.742033,30.03359,0 105.743359,30.027113,0 105.75367,30.01861,0 105.74876,30.005895,0 105.732508,29.998768,0 105.723326,29.976005,0 105.731034,29.95664,0 105.721116,29.950563,0 105.714978,29.930747,0 105.702507,29.923939,0 105.715027,29.911171,0 105.711639,29.899497,0 105.717433,29.893578,0 105.73403,29.893578,0 105.735257,29.871967,0 105.733146,29.860693,0</coordinates></LinearRing></outerBoundaryIs>
      </Polygon>
      <Polygon>
        <outerBoundaryIs><LinearRing><coordinates>105.583141,30.12395,0 105.582699,30.12755,0 105.580244,30.129694,0 105.574155,30.130422,0 105.583141,30.12395,0</coordinates></LinearRing></outerBoundaryIs>
      </Polygon>
      <Polygon>
        <outerBoundaryIs><LinearRing><coordinates>105.66514,29.276594,0 105.655664,29.284426,0 105.645794,29.286506,0 105.637251,29.298251,0 105.635974,29.320638,0 105.645352,29.319252,0 105.653405,29.33397,0 105.649575,29.340247,0 105.653209,29.349052,0 105.663078,29.346647,0 105.675501,29.355574,0 105.691655,29.357652,0 105.696172,29.364622,0 105.709283,29.368616,0 105.709086,29.375625,0 105.716893,29.372813,0 105.728678,29.384875,0 105.741002,29.397628,0 105.722835,29.397872,0 105.73403,29.417386,0 105.727646,29.422844,0 105.737663,29.435592,0 105.735061,29.445162,0 105.724013,29.449967,0 105.725486,29.454121,0 105.714929,29.464259,0 105.687236,29.446506,0 105.662194,29.460025,0 105.657431,29.468168,0 105.658119,29.481317,0 105.65311,29.485022,0 105.662636,29.499431,0 105.648397,29.494139,0 105.641179,29.505861,0 105.639509,29.489052,0 105.646236,29.486121,0 105.637152,29.473623,0 105.629738,29.478386,0 105.631506,29.485917,0 105.620556,29.494017,0 105.619967,29.504803,0 105.607642,29.508262,0 105.595711,29.504152,0 105.593059,29.517744,0 105.583239,29.515588,0 105.590015,29.524011,0 105.59522,29.539432,0 105.592175,29.549928,0 105.599983,29.553019,0 105.602241,29.569941,0 105.594483,29.575553,0 105.590899,29.590397,0 105.580047,29.591617,0 105.561045,29.588892,0 105.549703,29.572096,0 105.542534,29.57413,0 105.542681,29.586412,0 105.536642,29.59121,0 105.517738,29.586493,0 105.50561,29.609344,0 105.509243,29.637962,0 105.496673,29.648652,0 105.487688,29.663159,0 105.490683,29.675186,0 105.482777,29.679127,0 105.475658,29.674699,0 105.436377,29.676974,0 105.420615,29.688309,0 105.400532,29.67157,0 105.389681,29.676487,0 105.383887,29.669823,0 105.393167,29.650724,0 105.377553,29.643287,0 105.380794,29.628248,0 105.369648,29.621053,0 105.365965,29.627516,0 105.354377,29.626703,0 105.346766,29.620199,0 105.341611,29.60292,0 105.335522,29.595195,0 105.325653,29.595927,0 105.329826,29.604384,0 105.320988,29.60971,0 105.320644,29.601782,0 105.311315,29.593365,0 105.317649,29.578156,0 105.298647,29.572503,0 105.289759,29.552613,0 105.294326,29.53398,0 105.304686,29.531254,0 105.318877,29.512413,0 105.323247,29.495157,0 105.321234,29.475984,0 105.331299,29.47175,0 105.338026,29.461857,0 105.336111,29.455546,0 105.324622,29.450008,0 105.334147,29.441416,0 105.345588,29.448501,0 105.360417,29.444225,0 105.362037,29.454691,0 105.373821,29.458274,0 105.389534,29.452818,0 105.399207,29.438972,0 105.387471,29.438361,0 105.388797,29.431886,0 105.371759,29.423862,0 105.373281,29.420766,0 105.39631,29.422884,0 105.413544,29.418567,0 105.417031,29.423373,0 105.427293,29.418852,0 105.431466,29.408179,0 105.443103,29.399094,0 105.443693,29.386382,0 105.432203,29.379659,0 105.438586,29.370816,0 105.434805,29.363114,0 105.418602,29.352313,0 105.422972,29.326509,0 105.420075,29.316968,0 105.436573,29.319496,0 105.44929,29.317498,0 105.454691,29.329077,0 105.466476,29.321576,0 105.466083,29.313421,0 105.474283,29.309996,0 105.466427,29.305592,0 105.465395,29.292379,0 105.459307,29.290136,0 105.488866,29.278185,0 105.509145,29.285404,0 105.50939,29.274677,0 105.518425,29.264438,0 105.537869,29.272882,0 105.55584,29.273576,0 105.558295,29.27847,0 105.583288,29.270353,0 105.596005,29.274473,0 105.609508,29.27276,0 105.607986,29.255748,0 105.614173,29.258359,0 105.619771,29.27174,0 105.6318,29.280388,0 105.644076,29.270965,0 105.63946,29.261582,0 105.647611,29.25326,0 105.666515,29.252933,0 105.671622,29.260889,0 105.664698,29.269048,0 105.66514,29.276594,0</coordinates></LinearRing></outerBoundaryIs>
      </Polygon>
      <Polygon>
        <outerBoundaryIs><LinearRing><coordinates>108.542831,31.673626,0 108.546464,31.666701,0 108.532814,31.669129,0 108.519066,31.665706,0 108.513272,31.656193,0 108.506692,31.657307,0 108.494564,31.649545,0 108.486168,31.639871,0 108.468786,31.636169,0 108.46525,31.61837,0 108.456461,31.628882,0 108.442664,31.6337,0 108.423072,31.621277,0 108.417916,31.610087,0 108.402646,31.603874,0 108.388357,31.586906,0 108.393611,31.576349,0 108.377948,31.570413,0 108.391795,31.560452,0 108.388652,31.546385,0 108.381139,31.542599,0 108.347603,31.545189,0 108.33906,31.537896,0 108.346572,31.525141,0 108.345345,31.514936,0 108.323298,31.502378,0 108.311415,31.506684,0 108.295998,31.503494,0 108.281709,31.507282,0 108.276995,31.501181,0 108.259564,31.502497,0 108.254801,31.498829,0 108.236683,31.506365,0 108.226764,31.505846,0 108.218417,31.496197,0 108.190478,31.491492,0 108.193326,31.468202,0 108.206829,31.464293,0 108.210806,31.467883,0 108.223131,31.46517,0 108.225586,31.453004,0 108.210561,31.435769,0 108.216551,31.427031,0 108.216306,31.411188,0 108.203392,31.395382,0 108.182868,31.393027,0 108.175257,31.382608,0 108.157826,31.376659,0 108.154143,31.37075,0 108.158906,31.360289,0 108.171182,31.356975,0 108.180609,31.349227,0 108.185519,31.338005,0 108.180462,31.325782,0 108.162834,31.31971,0 108.16141,31.313757,0 108.146533,31.30277,0 108.111916,31.286586,0 108.094485,31.275036,0 108.092374,31.265764,0 108.080589,31.261446,0 108.066399,31.261766,0 108.059967,31.254971,0 108.040866,31.253611,0 108.021422,31.245736,0 108.031635,31.23682,0 108.027903,31.221984,0 108.040081,31.218625,0 108.076268,31.231822,0 108.071113,31.218345,0 108.080737,31.218945,0 108.089919,31.201867,0 108.085696,31.188107,0 108.070278,31.177785,0 108.069443,31.169383,0 108.055253,31.156658,0 108.056628,31.145652,0 108.045629,31.145893,0 108.0363,31.139929,0 108.035318,31.128962,0 108.025743,31.116351,0 108.014744,31.115271,0 108.009294,31.108785,0 108.01386,31.098735,0 108.024712,31.089244,0 108.028984,31.061728,0 108.050245,31.059966,0 108.059869,31.053196,0 108.053289,31.040736,0 108.043321,31.035407,0 108.033599,31.036128,0 108.011062,31.023666,0 108.003795,31.025389,0 107.995889,31.004308,0 107.983123,30.984225,0 107.971535,30.982421,0 107.943547,30.989437,0 107.937409,30.968669,0 107.936329,30.952749,0 107.938735,30.940035,0 107.948261,30.919056,0 107.957345,30.919858,0 107.971535,30.911794,0 107.982435,30.913239,0 107.994711,30.908665,0 108.000849,30.911915,0 108.009392,30.907662,0 108.029426,30.884508,0 108.0363,30.8701,0 108.041112,30.876522,0 108.069149,30.888281,0 108.071751,30.892695,0 108.081817,30.885712,0 108.101654,30.878007,0 108.090115,30.871545,0 108.096646,30.84782,0 108.105287,30.841356,0 108.109608,30.82931,0 108.122866,30.833487,0 108.126057,30.840875,0 108.131704,30.832001,0 108.152179,30.831278,0 108.157482,30.834771,0 108.167106,30.827182,0 108.18218,30.824211,0 108.197254,30.833647,0 108.200102,30.839188,0 108.218417,30.852839,0 108.229956,30.856171,0 108.225488,30.860908,0 108.231184,30.87612,0 108.228237,30.881298,0 108.244294,30.89113,0 108.243803,30.882261,0 108.260055,30.872789,0 108.268402,30.881659,0 108.29202,30.892976,0 108.300269,30.901041,0 108.346277,30.921222,0 108.360861,30.932976,0 108.349027,30.939153,0 108.339649,30.963135,0 108.355214,30.960408,0 108.372792,30.969791,0 108.395674,30.991641,0 108.41497,30.998897,0 108.418015,31.006072,0 108.432156,31.012725,0 108.451256,31.013527,0 108.474334,31.022544,0 108.48003,31.037811,0 108.476691,31.052795,0 108.486217,31.057322,0 108.488181,31.064733,0 108.511995,31.074145,0 108.510964,31.07791,0 108.53031,31.083838,0 108.539934,31.082957,0 108.537921,31.095491,0 108.558887,31.089404,0 108.547544,31.105261,0 108.562619,31.115791,0 108.562717,31.130443,0 108.567823,31.140529,0 108.576956,31.142851,0 108.601851,31.160099,0 108.598414,31.170943,0 108.583585,31.174864,0 108.578036,31.180065,0 108.587759,31.185066,0 108.588741,31.201587,0 108.596646,31.230622,0 108.618643,31.252212,0 108.622768,31.259488,0 108.631262,31.257249,0 108.643489,31.268721,0 108.63632,31.283509,0 108.654586,31.289184,0 108.659054,31.298535,0 108.639806,31.31955,0 108.63578,31.329896,0 108.644176,31.339482,0 108.683261,31.34084,0 108.698237,31.343956,0 108.701527,31.348988,0 108.696567,31.359011,0 108.709186,31.374983,0 108.693474,31.377418,0 108.694554,31.387199,0 108.712525,31.394584,0 108.729956,31.390752,0 108.736389,31.395742,0 108.731528,31.403285,0 108.740022,31.407676,0 108.742084,31.420087,0 108.757797,31.430941,0 108.759908,31.438602,0 108.752298,31.443749,0 108.740071,31.441834,0 108.726617,31.455118,0 108.703098,31.463814,0 108.697255,31.476737,0 108.69971,31.491652,0 108.694554,31.499347,0 108.703982,31.503972,0 108.721707,31.503255,0 108.730055,31.499746,0 108.748026,31.505208,0 108.761087,31.503893,0 108.766881,31.513621,0 108.769483,31.529845,0 108.777094,31.543635,0 108.794034,31.551366,0 108.801399,31.574078,0 108.820303,31.574596,0 108.824133,31.578899,0 108.837096,31.574237,0 108.853398,31.578939,0 108.865133,31.592801,0 108.877997,31.602799,0 108.894888,31.606025,0 108.895821,31.614587,0 108.887719,31.625657,0 108.893268,31.632187,0 108.892728,31.642578,0 108.898227,31.65484,0 108.888407,31.654999,0 108.879421,31.663835,0 108.865378,31.671079,0 108.860517,31.681068,0 108.840533,31.684371,0 108.809894,31.685764,0 108.794525,31.684251,0 108.782888,31.688828,0 108.770612,31.682142,0 108.758141,31.664313,0 108.755342,31.647077,0 108.742281,31.640906,0 108.736192,31.633302,0 108.728974,31.634457,0 108.714686,31.627648,0 108.701183,31.634098,0 108.69151,31.625259,0 108.683899,31.627449,0 108.67673,31.62275,0 108.65542,31.626095,0 108.649381,31.621715,0 108.64123,31.625179,0 108.640101,31.637005,0 108.624388,31.651655,0 108.608725,31.650421,0 108.576809,31.664114,0 108.574501,31.67088,0 108.561833,31.669726,0 108.542831,31.673626,0</coordinates></LinearRing></outerBoundaryIs>
      </Polygon>
      <Polygon>
        <outerBoundaryIs><LinearRing><coordinates>107.876131,30.813287,0 107.849861,30.792601,0 107.831399,30.798426,0 107.817749,30.798024,0 107.799189,30.814934,0 107.783722,30.819311,0 107.775375,30.814853,0 107.763836,30.817102,0 107.755341,30.829551,0 107.757452,30.840232,0 107.752788,30.850751,0 107.760349,30.862272,0 107.750038,30.864801,0 107.749547,30.873471,0 107.737714,30.88499,0 107.715864,30.887839,0 107.704128,30.872227,0 107.691951,30.874756,0 107.670445,30.851996,0 107.647465,30.823247,0 107.633766,30.817785,0 107.616138,30.828588,0 107.614665,30.839148,0 107.598266,30.844729,0 107.584075,30.840473,0 107.577594,30.848141,0 107.560654,30.849868,0 107.556529,30.846295,0 107.535465,30.84766,0 107.526626,30.839429,0 107.523288,30.848222,0 107.514793,30.854926,0 107.482926,30.838305,0 107.492108,30.833165,0 107.489997,30.821118,0 107.498982,30.810757,0 107.490193,30.810757,0 107.493778,30.803688,0 107.47777,30.799792,0 107.47345,30.785772,0 107.460339,30.784165,0 107.466379,30.774041,0 107.453809,30.77167,0 107.44556,30.778179,0 107.446837,30.770103,0 107.43957,30.759776,0 107.44502,30.752503,0 107.439029,30.747077,0 107.425674,30.746756,0 107.437065,30.721031,0 107.458621,30.704788,0 107.460929,30.687498,0 107.456559,30.682712,0 107.469718,30.677604,0 107.477427,30.664774,0 107.499179,30.660148,0 107.516806,30.647838,0 107.515431,30.642045,0 107.493728,30.618988,0 107.485332,30.598341,0 107.46741,30.586305,0 107.460241,30.571329,0 107.42754,30.547611,0 107.442859,30.535287,0 107.433825,30.523565,0 107.419929,30.516475,0 107.408734,30.521551,0 107.404855,30.516112,0 107.425527,30.510835,0 107.446837,30.49766,0 107.463629,30.481984,0 107.480029,30.478599,0 107.496036,30.494638,0 107.509097,30.495363,0 107.516266,30.489198,0 107.527559,30.490487,0 107.533452,30.500843,0 107.544352,30.498869,0 107.55157,30.50322,0 107.553436,30.491092,0 107.562225,30.487949,0 107.570523,30.47731,0 107.593994,30.475174,0 107.610197,30.48009,0 107.611719,30.47211,0 107.629298,30.485611,0 107.637743,30.483032,0 107.636957,30.470498,0 107.660772,30.470136,0 107.670346,30.464493,0 107.673538,30.453851,0 107.656205,30.431193,0 107.661803,30.420387,0 107.679479,30.438612,0 107.695241,30.460986,0 107.715716,30.482589,0 107.741347,30.517885,0 107.748123,30.521269,0 107.757894,30.514058,0 107.767911,30.513736,0 107.777535,30.506121,0 107.77783,30.497821,0 107.796488,30.484805,0 107.796488,30.479204,0 107.80621,30.470861,0 107.817455,30.471466,0 107.810629,30.482428,0 107.818142,30.497539,0 107.819173,30.50882,0 107.814017,30.521631,0 107.829239,30.544671,0 107.826145,30.554417,0 107.860713,30.559088,0 107.870386,30.547248,0 107.885411,30.549544,0 107.891352,30.54608,0 107.886884,30.539556,0 107.88546,30.512124,0 107.897883,30.502938,0 107.909422,30.502938,0 107.916001,30.495323,0 107.924839,30.494074,0 107.939864,30.485893,0 107.942025,30.498828,0 107.953711,30.51434,0 107.958621,30.531017,0 107.972615,30.521913,0 107.985676,30.531017,0 107.990243,30.538871,0 108.003795,30.542174,0 108.029622,30.561544,0 108.034778,30.574187,0 108.028051,30.587432,0 108.033697,30.592424,0 108.025252,30.60289,0 108.016954,30.629571,0 108.023091,30.63617,0 108.025645,30.648844,0 108.042585,30.662481,0 108.0554,30.660027,0 108.079558,30.664532,0 108.082259,30.677926,0 108.074844,30.696304,0 108.086678,30.713714,0 108.074894,30.723121,0 108.047544,30.723684,0 108.03517,30.715362,0 108.011405,30.709814,0 107.959112,30.719262,0 107.918653,30.75829,0 107.908243,30.762911,0 107.905592,30.77601,0 107.88492,30.806138,0 107.876131,30.813287,0</coordinates></LinearRing></outerBoundaryIs>
      </Polygon>
      <Polygon>
        <outerBoundaryIs><LinearRing><coordinates>107.401565,29.184694,0 107.405444,29.188613,0 107.428473,29.191144,0 107.441435,29.203962,0 107.463973,29.195431,0 107.462353,29.176855,0 107.473106,29.170975,0 107.486707,29.174242,0 107.514891,29.194206,0 107.532224,29.195471,0 107.549557,29.210085,0 107.553387,29.218697,0 107.565711,29.220982,0 107.575139,29.20784,0 107.575237,29.189062,0 107.580147,29.183591,0 107.583437,29.16828,0 107.590164,29.165299,0 107.585057,29.158357,0 107.589231,29.150026,0 107.601015,29.147821,0 107.600622,29.15897,0 107.606711,29.165463,0 107.616924,29.163013,0 107.629936,29.165585,0 107.641573,29.16093,0 107.659446,29.16289,0 107.66362,29.147535,0 107.698629,29.141245,0 107.707565,29.154151,0 107.718515,29.156152,0 107.727206,29.175712,0 107.724751,29.182203,0 107.739383,29.189021,0 107.751609,29.199635,0 107.76089,29.189021,0 107.760251,29.177712,0 107.767911,29.17514,0 107.775227,29.162808,0 107.781905,29.161992,0 107.795162,29.146473,0 107.808567,29.142838,0 107.810629,29.138345,0 107.799974,29.106195,0 107.78981,29.082372,0 107.785244,29.04722,0 107.823543,29.034219,0 107.838421,29.040597,0 107.849567,29.039289,0 107.874707,29.057031,0 107.873086,29.074852,0 107.883938,29.078163,0 107.889486,29.085151,0 107.883889,29.106195,0 107.895133,29.117185,0 107.892727,29.134138,0 107.899896,29.166361,0 107.903775,29.172282,0 107.898865,29.184245,0 107.911975,29.190328,0 107.934905,29.185102,0 107.94286,29.178243,0 107.960143,29.188695,0 107.970111,29.198492,0 107.973057,29.210166,0 107.986756,29.217799,0 107.997804,29.236857,0 108.006446,29.229267,0 108.010325,29.247792,0 107.99697,29.26248,0 107.998983,29.273943,0 107.996282,29.288545,0 108.003304,29.315174,0 107.992059,29.325408,0 107.984301,29.339188,0 107.983319,29.350397,0 107.976641,29.36344,0 107.988426,29.38027,0 107.992796,29.397383,0 107.989653,29.416856,0 108.004286,29.428424,0 108.002763,29.442108,0 108.013075,29.448786,0 108.013959,29.469674,0 108.017347,29.483719,0 108.015432,29.504559,0 108.055793,29.531783,0 108.074059,29.549073,0 108.075826,29.557982,0 108.066988,29.566687,0 108.066153,29.575472,0 108.075876,29.577627,0 108.084026,29.588892,0 108.076563,29.605726,0 108.067872,29.614223,0 108.056039,29.621581,0 108.046513,29.622679,0 108.024368,29.619467,0 108.000259,29.626256,0 107.979784,29.627435,0 107.969129,29.620321,0 107.961715,29.608978,0 107.949881,29.601701,0 107.948703,29.623126,0 107.934218,29.655723,0 107.922974,29.655235,0 107.905543,29.662428,0 107.897146,29.661493,0 107.87073,29.667995,0 107.857472,29.667629,0 107.845786,29.660233,0 107.842938,29.653569,0 107.845246,29.628695,0 107.839943,29.607393,0 107.831743,29.59243,0 107.832283,29.581247,0 107.838863,29.570185,0 107.835671,29.558877,0 107.828551,29.556192,0 107.825851,29.545005,0 107.818928,29.554647,0 107.80729,29.554606,0 107.80351,29.563433,0 107.791774,29.560952,0 107.795801,29.567744,0 107.7685,29.579254,0 107.781267,29.582142,0 107.772576,29.585883,0 107.767862,29.597635,0 107.757403,29.602636,0 107.732263,29.585598,0 107.716404,29.596659,0 107.709431,29.60906,0 107.701575,29.615443,0 107.69804,29.605889,0 107.687532,29.600481,0 107.666958,29.573804,0 107.654634,29.562457,0 107.651197,29.553304,0 107.629003,29.539147,0 107.608135,29.532474,0 107.607546,29.514652,0 107.615009,29.512373,0 107.620558,29.483638,0 107.613143,29.479526,0 107.595958,29.480951,0 107.577446,29.462427,0 107.574206,29.452533,0 107.56139,29.453062,0 107.552798,29.447809,0 107.546562,29.431845,0 107.532666,29.423047,0 107.513664,29.461165,0 107.478507,29.497151,0 107.475905,29.50635,0 107.4625,29.502117,0 107.463826,29.498617,0 107.450519,29.490028,0 107.441386,29.491575,0 107.431762,29.483475,0 107.427491,29.505658,0 107.391548,29.530969,0 107.380599,29.523197,0 107.365868,29.522383,0 107.358601,29.51575,0 107.348683,29.515547,0 107.328993,29.509321,0 107.323248,29.497558,0 107.313526,29.487912,0 107.30567,29.465318,0 107.277338,29.440357,0 107.262264,29.436162,0 107.260938,29.429035,0 107.245422,29.424391,0 107.240512,29.426795,0 107.227598,29.418159,0 107.226666,29.406835,0 107.237713,29.394817,0 107.241691,29.379415,0 107.256176,29.38463,0 107.263393,29.383571,0 107.272428,29.37371,0 107.272428,29.358386,0 107.293444,29.349704,0 107.298599,29.352069,0 107.309893,29.345098,0 107.318387,29.347789,0 107.323395,29.339147,0 107.347308,29.342571,0 107.350156,29.346892,0 107.367047,29.341756,0 107.392039,29.326754,0 107.38271,29.308609,0 107.373332,29.298578,0 107.379764,29.299516,0 107.391597,29.289279,0 107.388553,29.281081,0 107.404069,29.28259,0 107.421942,29.274636,0 107.416541,29.264234,0 107.401025,29.248853,0 107.399355,29.235714,0 107.401909,29.218248,0 107.395378,29.205881,0 107.401565,29.184694,0</coordinates></LinearRing></outerBoundaryIs>
      </Polygon>
      <Polygon>
        <outerBoundaryIs><LinearRing><coordinates>109.281611,31.716876,0 109.2795,31.723479,0 109.283085,31.739627,0 109.27076,31.749291,0 109.2713,31.756607,0 109.256177,31.758635,0 109.254655,31.766905,0 109.263689,31.773544,0 109.281268,31.777917,0 109.274786,31.791075,0 109.274835,31.800455,0 109.255293,31.803038,0 109.239875,31.811304,0 109.232363,31.809436,0 109.213606,31.817503,0 109.196224,31.817543,0 109.191854,31.827953,0 109.199563,31.842494,0 109.190921,31.855681,0 109.167009,31.87534,0 109.131901,31.891343,0 109.124585,31.892137,0 109.114225,31.905556,0 109.069935,31.938936,0 109.05982,31.941356,0 109.039345,31.96072,0 109.035122,31.958061,0 109.020883,31.963219,0 108.988427,31.979404,0 108.978213,31.978135,0 108.968295,31.982538,0 108.95273,31.979682,0 108.937116,31.988924,0 108.91831,31.988249,0 108.902401,31.984918,0 108.873529,32.000227,0 108.837881,32.038805,0 108.810581,32.047169,0 108.788682,32.048318,0 108.776259,32.055096,0 108.767961,32.065519,0 108.751708,32.074158,0 108.752543,32.08759,0 108.747731,32.099831,0 108.726421,32.106803,0 108.714833,32.103713,0 108.674717,32.103396,0 108.66691,32.111913,0 108.654045,32.117418,0 108.646975,32.128666,0 108.606024,32.155155,0 108.592178,32.160223,0 108.583978,32.172217,0 108.551031,32.176096,0 108.509736,32.201187,0 108.492944,32.194935,0 108.479342,32.182073,0 108.457296,32.181479,0 108.434022,32.192085,0 108.425282,32.187416,0 108.406378,32.196201,0 108.39916,32.194064,0 108.379175,32.177521,0 108.369404,32.173325,0 108.38821,32.157531,0 108.390862,32.151315,0 108.406623,32.141337,0 108.414872,32.126369,0 108.423465,32.117339,0 108.431616,32.101693,0 108.439276,32.094721,0 108.452091,32.091036,0 108.44944,32.072969,0 108.429995,32.061358,0 108.412712,32.070116,0 108.395183,32.066311,0 108.373774,32.077169,0 108.362825,32.070037,0 108.344608,32.068253,0 108.344804,32.060526,0 108.35978,32.053748,0 108.364298,32.047248,0 108.362874,32.036783,0 108.340091,32.023106,0 108.32919,32.01926,0 108.33847,32.009506,0 108.361401,31.998085,0 108.369502,31.989876,0 108.367146,31.984521,0 108.3505,31.971947,0 108.337488,31.981705,0 108.3259,31.984957,0 108.307094,31.997252,0 108.297176,31.988527,0 108.283919,31.986068,0 108.282151,31.979206,0 108.265849,31.983728,0 108.267175,31.973097,0 108.259368,31.966869,0 108.275817,31.957625,0 108.28603,31.938856,0 108.282691,31.917742,0 108.289516,31.910955,0 108.299484,31.911272,0 108.30842,31.905953,0 108.326244,31.881615,0 108.33523,31.876452,0 108.340974,31.863546,0 108.353741,31.856396,0 108.370779,31.852742,0 108.386197,31.853894,0 108.384135,31.848611,0 108.394741,31.826523,0 108.441436,31.807608,0 108.455135,31.813927,0 108.462501,31.812814,0 108.464072,31.803674,0 108.454399,31.791075,0 108.456314,31.783999,0 108.478213,31.777917,0 108.488574,31.780302,0 108.489261,31.774737,0 108.515727,31.7611,0 108.535269,31.757681,0 108.506103,31.734815,0 108.518673,31.726184,0 108.524761,31.69973,0 108.514794,31.69412,0 108.532225,31.677168,0 108.542831,31.673626,0 108.561833,31.669726,0 108.574501,31.67088,0 108.576809,31.664114,0 108.608725,31.650421,0 108.624388,31.651655,0 108.640101,31.637005,0 108.64123,31.625179,0 108.649381,31.621715,0 108.65542,31.626095,0 108.67673,31.62275,0 108.683899,31.627449,0 108.69151,31.625259,0 108.701183,31.634098,0 108.714686,31.627648,0 108.728974,31.634457,0 108.736192,31.633302,0 108.742281,31.640906,0 108.755342,31.647077,0 108.758141,31.664313,0 108.770612,31.682142,0 108.782888,31.688828,0 108.794525,31.684251,0 108.809894,31.685764,0 108.840533,31.684371,0 108.860517,31.681068,0 108.865378,31.671079,0 108.879421,31.663835,0 108.888407,31.654999,0 108.898227,31.65484,0 108.906182,31.661248,0 108.91448,31.660731,0 108.918113,31.652929,0 108.937607,31.652969,0 108.954792,31.66288,0 108.955529,31.654601,0 108.992649,31.652969,0 109.000407,31.657029,0 109.00134,31.671039,0 109.007331,31.673188,0 109.0008,31.686758,0 109.007036,31.691135,0 109.038117,31.690777,0 109.052013,31.696507,0 109.06149,31.704743,0 109.092473,31.699531,0 109.122965,31.700167,0 109.133325,31.705936,0 109.148154,31.703669,0 109.158514,31.69396,0 109.16696,31.700207,0 109.178253,31.69587,0 109.209187,31.69412,0 109.224261,31.688629,0 109.228533,31.690817,0 109.222542,31.701242,0 109.227403,31.717035,0 109.225145,31.724951,0 109.266734,31.714927,0 109.281611,31.716876,0</coordinates></LinearRing></outerBoundaryIs>
      </Polygon>
      <Polygon>
        <outerBoundaryIs><LinearRing><coordinates>107.701575,29.615443,0 107.709431,29.60906,0 107.716404,29.596659,0 107.732263,29.585598,0 107.757403,29.602636,0 107.767862,29.597635,0 107.772576,29.585883,0 107.781267,29.582142,0 107.7685,29.579254,0 107.795801,29.567744,0 107.791774,29.560952,0 107.80351,29.563433,0 107.80729,29.554606,0 107.818928,29.554647,0 107.825851,29.545005,0 107.828551,29.556192,0 107.835671,29.558877,0 107.838863,29.570185,0 107.832283,29.581247,0 107.831743,29.59243,0 107.839943,29.607393,0 107.845246,29.628695,0 107.842938,29.653569,0 107.845786,29.660233,0 107.857472,29.667629,0 107.87073,29.667995,0 107.897146,29.661493,0 107.905543,29.662428,0 107.922974,29.655235,0 107.934218,29.655723,0 107.948703,29.623126,0 107.949881,29.601701,0 107.961715,29.608978,0 107.969129,29.620321,0 107.979784,29.627435,0 108.000259,29.626256,0 108.024368,29.619467,0 108.046513,29.622679,0 108.056039,29.621581,0 108.067872,29.614223,0 108.078773,29.618817,0 108.082161,29.611377,0 108.098757,29.600684,0 108.114175,29.599302,0 108.117366,29.603449,0 108.132391,29.603815,0 108.153652,29.599749,0 108.163374,29.603612,0 108.167499,29.617679,0 108.178547,29.619183,0 108.182033,29.625972,0 108.17894,29.647839,0 108.168186,29.648083,0 108.156107,29.644872,0 108.149921,29.647636,0 108.143587,29.659218,0 108.156304,29.669579,0 108.156157,29.676121,0 108.174962,29.686075,0 108.179529,29.699602,0 108.169168,29.7087,0 108.181051,29.734286,0 108.17457,29.735463,0 108.172213,29.745533,0 108.178252,29.749877,0 108.187925,29.743909,0 108.204129,29.765182,0 108.208204,29.764938,0 108.217484,29.777887,0 108.194112,29.790712,0 108.18547,29.801628,0 108.194014,29.812665,0 108.190626,29.819441,0 108.177859,29.822443,0 108.172998,29.837656,0 108.167008,29.838305,0 108.14997,29.83011,0 108.145992,29.846377,0 108.122915,29.851771,0 108.108823,29.848851,0 108.099199,29.840657,0 108.084125,29.838873,0 108.058936,29.857246,0 108.072488,29.870953,0 108.071456,29.877157,0 108.059869,29.889726,0 108.042536,29.893456,0 108.035907,29.90197,0 108.049999,29.906226,0 108.046316,29.912387,0 108.036005,29.912225,0 108.024908,29.934962,0 108.014695,29.9472,0 107.993336,29.96689,0 108.002027,29.977544,0 108.009687,29.978476,0 108.018034,29.971589,0 108.03247,29.990222,0 108.024859,30.010957,0 108.018476,30.014804,0 108.02702,30.029056,0 108.01661,30.042132,0 108.007575,30.043508,0 107.998492,30.053871,0 107.987297,30.047921,0 107.967558,30.055611,0 107.948457,30.066458,0 107.936378,30.069008,0 107.908243,30.105748,0 107.906525,30.112544,0 107.895919,30.120067,0 107.88109,30.103199,0 107.87451,30.09976,0 107.862186,30.113879,0 107.84446,30.119865,0 107.831939,30.108782,0 107.81878,30.112058,0 107.812937,30.118935,0 107.819026,30.13394,0 107.842103,30.155009,0 107.845688,30.162974,0 107.838617,30.168675,0 107.811759,30.178337,0 107.808567,30.184239,0 107.794377,30.185816,0 107.788436,30.190747,0 107.765898,30.198224,0 107.757502,30.21047,0 107.758336,30.217016,0 107.769139,30.224573,0 107.769924,30.236572,0 107.762019,30.240936,0 107.745128,30.236774,0 107.742084,30.225502,0 107.734129,30.221098,0 107.728728,30.23132,0 107.721314,30.230189,0 107.721216,30.21835,0 107.704963,30.216491,0 107.705356,30.224209,0 107.714685,30.221421,0 107.705945,30.230876,0 107.709284,30.237946,0 107.691264,30.234916,0 107.675502,30.22336,0 107.668088,30.22631,0 107.666762,30.234754,0 107.673145,30.238754,0 107.675944,30.252812,0 107.662588,30.261052,0 107.656402,30.259598,0 107.651884,30.241622,0 107.642801,30.239562,0 107.632882,30.213097,0 107.626548,30.20655,0 107.61005,30.209136,0 107.605729,30.198628,0 107.595909,30.198063,0 107.604501,30.187392,0 107.597922,30.179631,0 107.581227,30.174941,0 107.569983,30.166937,0 107.572978,30.144374,0 107.568706,30.139077,0 107.582897,30.131595,0 107.579361,30.119582,0 107.570425,30.122252,0 107.55815,30.114566,0 107.55756,30.098344,0 107.535268,30.088512,0 107.528296,30.082888,0 107.53954,30.072407,0 107.539295,30.064192,0 107.5308,30.059699,0 107.491372,30.013306,0 107.491322,30.004964,0 107.483908,29.992693,0 107.471338,29.989453,0 107.487443,29.972076,0 107.498197,29.972481,0 107.500554,29.960611,0 107.515186,29.959436,0 107.523779,29.978678,0 107.53355,29.968551,0 107.546905,29.965675,0 107.546807,29.958585,0 107.56193,29.946146,0 107.571898,29.951049,0 107.57946,29.943877,0 107.573126,29.933827,0 107.579361,29.923939,0 107.59473,29.917657,0 107.602979,29.897389,0 107.598707,29.888632,0 107.613094,29.876955,0 107.626892,29.874522,0 107.616973,29.865884,0 107.613585,29.856111,0 107.604256,29.852014,0 107.595369,29.835222,0 107.605238,29.832423,0 107.605336,29.808161,0 107.622669,29.802562,0 107.638627,29.813274,0 107.638529,29.772976,0 107.64226,29.76303,0 107.625075,29.753896,0 107.640345,29.740701,0 107.632784,29.719016,0 107.630427,29.701714,0 107.64447,29.687821,0 107.6565,29.686156,0 107.670101,29.675064,0 107.674176,29.663362,0 107.684733,29.666532,0 107.696616,29.660315,0 107.718073,29.65682,0 107.713752,29.642555,0 107.698482,29.618614,0 107.701575,29.615443,0</coordinates></LinearRing></outerBoundaryIs>
      </Polygon>
      <Polygon>
        <outerBoundaryIs><LinearRing><coordinates>107.453171,30.001441,0 107.466968,29.998606,0 107.471338,29.989453,0 107.483908,29.992693,0 107.491322,30.004964,0 107.491372,30.013306,0 107.5308,30.059699,0 107.539295,30.064192,0 107.53954,30.072407,0 107.528296,30.082888,0 107.535268,30.088512,0 107.55756,30.098344,0 107.55815,30.114566,0 107.570425,30.122252,0 107.579361,30.119582,0 107.582897,30.131595,0 107.568706,30.139077,0 107.572978,30.144374,0 107.569983,30.166937,0 107.581227,30.174941,0 107.597922,30.179631,0 107.604501,30.187392,0 107.595909,30.198063,0 107.584861,30.202185,0 107.577299,30.221461,0 107.56851,30.219198,0 107.571505,30.208166,0 107.563649,30.19875,0 107.550097,30.19681,0 107.54828,30.208651,0 107.553583,30.213177,0 107.544794,30.221057,0 107.545825,30.227643,0 107.554271,30.229583,0 107.558395,30.244046,0 107.573862,30.244693,0 107.57342,30.256367,0 107.567282,30.268201,0 107.573322,30.274784,0 107.587119,30.275188,0 107.581767,30.287586,0 107.597824,30.29445,0 107.597283,30.313224,0 107.572242,30.321257,0 107.569836,30.326868,0 107.583093,30.341801,0 107.595025,30.351083,0 107.602488,30.367869,0 107.622767,30.384652,0 107.631262,30.398568,0 107.650362,30.406917,0 107.661803,30.420387,0 107.656205,30.431193,0 107.673538,30.453851,0 107.670346,30.464493,0 107.660772,30.470136,0 107.636957,30.470498,0 107.637743,30.483032,0 107.629298,30.485611,0 107.611719,30.47211,0 107.610197,30.48009,0 107.593994,30.475174,0 107.570523,30.47731,0 107.562225,30.487949,0 107.553436,30.491092,0 107.55157,30.50322,0 107.544352,30.498869,0 107.533452,30.500843,0 107.527559,30.490487,0 107.516266,30.489198,0 107.509097,30.495363,0 107.496036,30.494638,0 107.480029,30.478599,0 107.463629,30.481984,0 107.446837,30.49766,0 107.425527,30.510835,0 107.404855,30.516112,0 107.388848,30.49089,0 107.381237,30.485329,0 107.360025,30.45627,0 107.34554,30.425508,0 107.341367,30.41212,0 107.34284,30.401674,0 107.33901,30.387072,0 107.31878,30.364278,0 107.304197,30.354594,0 107.288779,30.337564,0 107.277535,30.311246,0 107.264866,30.289766,0 107.255979,30.263799,0 107.239432,30.237582,0 107.228335,30.223805,0 107.256568,30.205903,0 107.277044,30.181086,0 107.288484,30.171303,0 107.269482,30.145992,0 107.274098,30.135841,0 107.291381,30.136327,0 107.295555,30.122454,0 107.286766,30.107892,0 107.29089,30.097939,0 107.28328,30.091021,0 107.271741,30.09446,0 107.269089,30.081148,0 107.259072,30.075887,0 107.247534,30.07528,0 107.26521,30.062006,0 107.266045,30.055045,0 107.279204,30.04873,0 107.27724,30.043144,0 107.294867,30.044359,0 107.307879,30.035493,0 107.31166,30.02023,0 107.304688,30.0161,0 107.31112,30.008203,0 107.294818,30.002696,0 107.29418,29.997917,0 107.307094,29.992328,0 107.325556,29.973007,0 107.335573,29.97398,0 107.347995,29.980501,0 107.362824,29.979853,0 107.374068,29.973372,0 107.436329,30.033833,0 107.46029,30.01533,0 107.451501,30.008203,0 107.453171,30.001441,0</coordinates></LinearRing></outerBoundaryIs>
      </Polygon>
      <Polygon>
        <outerBoundaryIs><LinearRing><coordinates>108.223622,30.421274,0 108.241937,30.443773,0 108.232755,30.45502,0 108.230496,30.476705,0 108.207811,30.49766,0 108.195045,30.514501,0 108.184537,30.518167,0 108.175552,30.510633,0 108.165633,30.524411,0 108.171378,30.539314,0 108.163374,30.540805,0 108.152523,30.535931,0 108.153063,30.545879,0 108.143587,30.566215,0 108.12645,30.564,0 108.120067,30.576965,0 108.126647,30.577972,0 108.127187,30.586104,0 108.111621,30.59343,0 108.105631,30.591458,0 108.103863,30.573382,0 108.088593,30.572617,0 108.083339,30.579582,0 108.072537,30.582159,0 108.062667,30.574429,0 108.052847,30.572094,0 108.034778,30.574187,0 108.029622,30.561544,0 108.003795,30.542174,0 107.990243,30.538871,0 107.985676,30.531017,0 107.972615,30.521913,0 107.958621,30.531017,0 107.953711,30.51434,0 107.942025,30.498828,0 107.939864,30.485893,0 107.924839,30.494074,0 107.916001,30.495323,0 107.909422,30.502938,0 107.897883,30.502938,0 107.88546,30.512124,0 107.886884,30.539556,0 107.891352,30.54608,0 107.885411,30.549544,0 107.870386,30.547248,0 107.860713,30.559088,0 107.826145,30.554417,0 107.829239,30.544671,0 107.814017,30.521631,0 107.819173,30.50882,0 107.818142,30.497539,0 107.810629,30.482428,0 107.817455,30.471466,0 107.80621,30.470861,0 107.796488,30.479204,0 107.796488,30.484805,0 107.77783,30.497821,0 107.777535,30.506121,0 107.767911,30.513736,0 107.757894,30.514058,0 107.748123,30.521269,0 107.741347,30.517885,0 107.715716,30.482589,0 107.695241,30.460986,0 107.679479,30.438612,0 107.661803,30.420387,0 107.650362,30.406917,0 107.631262,30.398568,0 107.622767,30.384652,0 107.602488,30.367869,0 107.595025,30.351083,0 107.583093,30.341801,0 107.569836,30.326868,0 107.572242,30.321257,0 107.597283,30.313224,0 107.597824,30.29445,0 107.581767,30.287586,0 107.587119,30.275188,0 107.573322,30.274784,0 107.567282,30.268201,0 107.57342,30.256367,0 107.573862,30.244693,0 107.558395,30.244046,0 107.554271,30.229583,0 107.545825,30.227643,0 107.544794,30.221057,0 107.553583,30.213177,0 107.54828,30.208651,0 107.550097,30.19681,0 107.563649,30.19875,0 107.571505,30.208166,0 107.56851,30.219198,0 107.577299,30.221461,0 107.584861,30.202185,0 107.595909,30.198063,0 107.605729,30.198628,0 107.61005,30.209136,0 107.626548,30.20655,0 107.632882,30.213097,0 107.642801,30.239562,0 107.651884,30.241622,0 107.656402,30.259598,0 107.662588,30.261052,0 107.675944,30.252812,0 107.673145,30.238754,0 107.666762,30.234754,0 107.668088,30.22631,0 107.675502,30.22336,0 107.691264,30.234916,0 107.709284,30.237946,0 107.705945,30.230876,0 107.714685,30.221421,0 107.705356,30.224209,0 107.704963,30.216491,0 107.721216,30.21835,0 107.721314,30.230189,0 107.728728,30.23132,0 107.734129,30.221098,0 107.742084,30.225502,0 107.745128,30.236774,0 107.762019,30.240936,0 107.769924,30.236572,0 107.769139,30.224573,0 107.758336,30.217016,0 107.757502,30.21047,0 107.765898,30.198224,0 107.788436,30.190747,0 107.794377,30.185816,0 107.808567,30.184239,0 107.811759,30.178337,0 107.838617,30.168675,0 107.845688,30.162974,0 107.842103,30.155009,0 107.819026,30.13394,0 107.812937,30.118935,0 107.81878,30.112058,0 107.831939,30.108782,0 107.84446,30.119865,0 107.862186,30.113879,0 107.87451,30.09976,0 107.88109,30.103199,0 107.895919,30.120067,0 107.906525,30.112544,0 107.908243,30.105748,0 107.936378,30.069008,0 107.948457,30.066458,0 107.967558,30.055611,0 107.987297,30.047921,0 107.998492,30.053871,0 108.00733,30.057028,0 108.010571,30.071355,0 108.021569,30.078032,0 108.029622,30.089119,0 108.034974,30.084183,0 108.031144,30.072326,0 108.037233,30.067591,0 108.0554,30.072043,0 108.083928,30.111209,0 108.092374,30.129532,0 108.075777,30.153917,0 108.061587,30.157071,0 108.070965,30.163702,0 108.072438,30.175144,0 108.085549,30.17862,0 108.107595,30.207439,0 108.120705,30.200568,0 108.129887,30.210268,0 108.119379,30.211803,0 108.127383,30.223684,0 108.124879,30.227199,0 108.10843,30.219198,0 108.101948,30.223482,0 108.105533,30.232653,0 108.097038,30.237259,0 108.093994,30.253459,0 108.103716,30.246995,0 108.114273,30.251399,0 108.121933,30.245824,0 108.125861,30.235845,0 108.129494,30.244531,0 108.126303,30.255357,0 108.141475,30.265495,0 108.142212,30.273654,0 108.129003,30.281125,0 108.131606,30.288918,0 108.127334,30.299982,0 108.147318,30.297115,0 108.147466,30.302606,0 108.163473,30.321055,0 108.163031,30.325294,0 108.145894,30.334254,0 108.127874,30.333487,0 108.117072,30.329169,0 108.094731,30.344667,0 108.084419,30.343093,0 108.084665,30.350115,0 108.096449,30.358831,0 108.12262,30.359799,0 108.133128,30.362624,0 108.152965,30.395019,0 108.174619,30.410144,0 108.186403,30.413854,0 108.208351,30.408611,0 108.223622,30.421274,0</coordinates></LinearRing></outerBoundaryIs>
      </Polygon>
      <Polygon>
        <outerBoundaryIs><LinearRing><coordinates>108.90952,30.581273,0 108.919488,30.589365,0 108.943842,30.601843,0 108.967509,30.624823,0 108.978017,30.629813,0 108.987494,30.623294,0 108.999229,30.632066,0 109.009737,30.627238,0 109.021766,30.642366,0 109.01558,30.648884,0 109.022945,30.663567,0 109.017544,30.675232,0 109.024565,30.683154,0 109.018919,30.696706,0 109.030801,30.706598,0 109.019655,30.711784,0 109.018575,30.718297,0 109.047348,30.730277,0 109.047839,30.745309,0 109.056579,30.754834,0 109.059575,30.764598,0 109.048821,30.777215,0 109.044059,30.809873,0 109.050785,30.814171,0 109.05054,30.824773,0 109.043224,30.831278,0 109.051767,30.843524,0 109.054615,30.860908,0 109.0773,30.869096,0 109.086531,30.858178,0 109.108283,30.860145,0 109.135485,30.866688,0 109.130477,30.879732,0 109.150118,30.878247,0 109.144029,30.902165,0 109.15547,30.907622,0 109.162197,30.905776,0 109.160969,30.916809,0 109.151934,30.924151,0 109.150609,30.936265,0 109.157581,30.940637,0 109.186306,30.936907,0 109.200545,30.932936,0 109.201822,30.927962,0 109.215472,30.920781,0 109.218762,30.926317,0 109.220333,30.945369,0 109.218221,30.963857,0 109.211642,30.96935,0 109.217583,30.982421,0 109.238009,31.006432,0 109.251021,31.029276,0 109.244884,31.032201,0 109.239875,31.04314,0 109.228778,31.046866,0 109.225243,31.053837,0 109.214637,31.047907,0 109.197648,31.053276,0 109.190774,31.066335,0 109.165045,31.068057,0 109.145748,31.056921,0 109.131557,31.054077,0 109.119528,31.058123,0 109.095271,31.061007,0 109.096646,31.078391,0 109.093946,31.09437,0 109.100034,31.102579,0 109.100231,31.121636,0 109.080246,31.128641,0 109.056187,31.132604,0 109.055008,31.155537,0 109.048576,31.164341,0 109.048969,31.186787,0 109.067431,31.179465,0 109.074305,31.189467,0 109.092816,31.192387,0 109.092571,31.211986,0 109.087464,31.225703,0 109.072685,31.247015,0 109.068069,31.27008,0 109.062717,31.276355,0 109.042978,31.283349,0 109.033305,31.290862,0 109.055057,31.326301,0 109.050294,31.340721,0 109.055352,31.357054,0 109.05162,31.367117,0 109.029181,31.370032,0 109.020146,31.375781,0 108.992207,31.380812,0 108.983418,31.385762,0 108.971487,31.380812,0 108.962452,31.385722,0 108.948409,31.382728,0 108.936035,31.390991,0 108.927197,31.386001,0 108.916837,31.387399,0 108.908146,31.383566,0 108.900142,31.387558,0 108.88988,31.383566,0 108.886394,31.372148,0 108.892826,31.364641,0 108.89042,31.354738,0 108.893268,31.342358,0 108.887572,31.336007,0 108.869896,31.339562,0 108.865035,31.343716,0 108.837096,31.346432,0 108.834739,31.35382,0 108.823053,31.356815,0 108.822071,31.370271,0 108.83248,31.375302,0 108.816866,31.390233,0 108.798748,31.396859,0 108.795752,31.403086,0 108.809894,31.417414,0 108.800221,31.425155,0 108.779205,31.435251,0 108.759908,31.438602,0 108.757797,31.430941,0 108.742084,31.420087,0 108.740022,31.407676,0 108.731528,31.403285,0 108.736389,31.395742,0 108.729956,31.390752,0 108.712525,31.394584,0 108.694554,31.387199,0 108.693474,31.377418,0 108.709186,31.374983,0 108.696567,31.359011,0 108.701527,31.348988,0 108.698237,31.343956,0 108.683261,31.34084,0 108.644176,31.339482,0 108.63578,31.329896,0 108.639806,31.31955,0 108.659054,31.298535,0 108.654586,31.289184,0 108.63632,31.283509,0 108.643489,31.268721,0 108.631262,31.257249,0 108.622768,31.259488,0 108.618643,31.252212,0 108.596646,31.230622,0 108.588741,31.201587,0 108.587759,31.185066,0 108.578036,31.180065,0 108.583585,31.174864,0 108.598414,31.170943,0 108.601851,31.160099,0 108.576956,31.142851,0 108.567823,31.140529,0 108.562717,31.130443,0 108.562619,31.115791,0 108.547544,31.105261,0 108.558887,31.089404,0 108.537921,31.095491,0 108.539934,31.082957,0 108.53031,31.083838,0 108.510964,31.07791,0 108.511995,31.074145,0 108.488181,31.064733,0 108.486217,31.057322,0 108.476691,31.052795,0 108.48003,31.037811,0 108.474334,31.022544,0 108.451256,31.013527,0 108.432156,31.012725,0 108.418015,31.006072,0 108.41497,30.998897,0 108.426509,30.998216,0 108.440356,31.002545,0 108.455626,30.994728,0 108.45327,30.988755,0 108.454743,30.970232,0 108.460537,30.967426,0 108.486413,30.977008,0 108.496626,30.972839,0 108.50409,30.977289,0 108.501094,30.98651,0 108.506643,30.992604,0 108.51666,30.990559,0 108.533894,30.996251,0 108.531243,30.978051,0 108.523632,30.973159,0 108.537577,30.958123,0 108.552602,30.915405,0 108.566448,30.912396,0 108.593307,30.920259,0 108.608578,30.93807,0 108.61884,30.934741,0 108.619233,30.926999,0 108.628169,30.918253,0 108.623013,30.912837,0 108.621589,30.888561,0 108.625419,30.875358,0 108.634798,30.885271,0 108.653014,30.89105,0 108.665977,30.867972,0 108.671968,30.852116,0 108.685078,30.845773,0 108.685127,30.835976,0 108.698482,30.822885,0 108.699955,30.811841,0 108.715177,30.815094,0 108.733393,30.81405,0 108.738549,30.808026,0 108.740808,30.787259,0 108.74724,30.782116,0 108.740169,30.775527,0 108.749842,30.74555,0 108.754998,30.740044,0 108.76639,30.74141,0 108.762609,30.728106,0 108.766586,30.720548,0 108.763444,30.713031,0 108.789762,30.714277,0 108.79261,30.706558,0 108.781022,30.697028,0 108.779254,30.685125,0 108.785883,30.683516,0 108.818094,30.693771,0 108.823347,30.69168,0 108.828699,30.679414,0 108.836016,30.678449,0 108.872007,30.690112,0 108.883546,30.695661,0 108.884331,30.687337,0 108.896312,30.684039,0 108.899946,30.676438,0 108.901713,30.646792,0 108.871565,30.618103,0 108.869896,30.610979,0 108.90952,30.581273,0</coordinates></LinearRing></outerBoundaryIs>
      </Polygon>
      <Polygon>
        <outerBoundaryIs><LinearRing><coordinates>109.103668,30.565812,0 109.113488,30.548658,0 109.12483,30.538912,0 109.124389,30.531702,0 109.139463,30.534562,0 109.141181,30.525096,0 109.150609,30.527392,0 109.164799,30.538187,0 109.17133,30.547007,0 109.192787,30.546282,0 109.222788,30.569597,0 109.247731,30.583205,0 109.227845,30.58087,0 109.227551,30.585661,0 109.251169,30.592907,0 109.278813,30.610174,0 109.299534,30.630577,0 109.313577,30.610174,0 109.32816,30.616091,0 109.323299,30.604137,0 109.314509,30.59979,0 109.344265,30.577126,0 109.361156,30.554739,0 109.361058,30.550994,0 109.342252,30.529567,0 109.337145,30.520826,0 109.341564,30.512728,0 109.342841,30.494718,0 109.352072,30.487183,0 109.368668,30.500279,0 109.380846,30.518288,0 109.393808,30.531138,0 109.418114,30.560014,0 109.428032,30.57616,0 109.437852,30.598059,0 109.449342,30.603735,0 109.456511,30.613797,0 109.465889,30.619511,0 109.48278,30.623173,0 109.493337,30.637176,0 109.514696,30.655401,0 109.528739,30.663929,0 109.537921,30.663969,0 109.541407,30.65166,0 109.533698,30.641562,0 109.538756,30.638424,0 109.562865,30.646752,0 109.574109,30.646872,0 109.577104,30.655321,0 109.588005,30.664693,0 109.581622,30.670847,0 109.590656,30.693409,0 109.602244,30.698838,0 109.62542,30.702657,0 109.649038,30.71894,0 109.660773,30.73727,0 109.656698,30.76046,0 109.659153,30.761987,0 109.649725,30.778782,0 109.644226,30.794128,0 109.646435,30.803929,0 109.636517,30.821922,0 109.628661,30.820998,0 109.607203,30.838225,0 109.608087,30.846214,0 109.615256,30.848222,0 109.61506,30.861951,0 109.588839,30.865885,0 109.585648,30.871384,0 109.569543,30.873712,0 109.561392,30.893698,0 109.574207,30.900961,0 109.594584,30.902044,0 109.594879,30.905415,0 109.612752,30.90389,0 109.609904,30.91693,0 109.603079,30.922345,0 109.59812,30.936465,0 109.601557,30.941639,0 109.596941,30.95327,0 109.601999,30.962814,0 109.60082,30.977129,0 109.61177,30.986911,0 109.612555,30.995971,0 109.598611,31.010841,0 109.605829,31.017655,0 109.662737,31.042338,0 109.685127,31.053516,0 109.72107,31.074346,0 109.724507,31.090125,0 109.744442,31.100616,0 109.753428,31.113389,0 109.764819,31.11495,0 109.758289,31.129242,0 109.769533,31.143771,0 109.770564,31.16166,0 109.760646,31.175144,0 109.742773,31.178185,0 109.727944,31.171743,0 109.703688,31.169903,0 109.692493,31.172584,0 109.668629,31.185466,0 109.64511,31.177905,0 109.63033,31.189147,0 109.624389,31.190027,0 109.622523,31.204747,0 109.631951,31.217505,0 109.629545,31.225703,0 109.61668,31.229662,0 109.588201,31.223384,0 109.581572,31.225743,0 109.569346,31.244456,0 109.561883,31.243976,0 109.55712,31.251053,0 109.530409,31.253891,0 109.518526,31.250333,0 109.512487,31.243217,0 109.497069,31.244816,0 109.493533,31.249454,0 109.479638,31.251772,0 109.462698,31.250693,0 109.450766,31.246535,0 109.45003,31.238979,0 109.435741,31.231981,0 109.431617,31.240058,0 109.415511,31.245496,0 109.393857,31.242897,0 109.387867,31.248654,0 109.39042,31.262326,0 109.376623,31.276236,0 109.374757,31.286427,0 109.354134,31.286826,0 109.355853,31.295578,0 109.334396,31.306925,0 109.326392,31.324064,0 109.322415,31.34779,0 109.272577,31.355657,0 109.266292,31.35985,0 109.242085,31.362126,0 109.235014,31.356975,0 109.224114,31.362206,0 109.213606,31.358332,0 109.197206,31.362126,0 109.176534,31.361527,0 109.138137,31.366279,0 109.123357,31.37083,0 109.102735,31.364162,0 109.079117,31.370112,0 109.065712,31.364681,0 109.05162,31.367117,0 109.055352,31.357054,0 109.050294,31.340721,0 109.055057,31.326301,0 109.033305,31.290862,0 109.042978,31.283349,0 109.062717,31.276355,0 109.068069,31.27008,0 109.072685,31.247015,0 109.087464,31.225703,0 109.092571,31.211986,0 109.092816,31.192387,0 109.074305,31.189467,0 109.067431,31.179465,0 109.048969,31.186787,0 109.048576,31.164341,0 109.055008,31.155537,0 109.056187,31.132604,0 109.080246,31.128641,0 109.100231,31.121636,0 109.100034,31.102579,0 109.093946,31.09437,0 109.096646,31.078391,0 109.095271,31.061007,0 109.119528,31.058123,0 109.131557,31.054077,0 109.145748,31.056921,0 109.165045,31.068057,0 109.190774,31.066335,0 109.197648,31.053276,0 109.214637,31.047907,0 109.225243,31.053837,0 109.228778,31.046866,0 109.239875,31.04314,0 109.244884,31.032201,0 109.251021,31.029276,0 109.238009,31.006432,0 109.217583,30.982421,0 109.211642,30.96935,0 109.218221,30.963857,0 109.220333,30.945369,0 109.218762,30.926317,0 109.215472,30.920781,0 109.201822,30.927962,0 109.200545,30.932936,0 109.186306,30.936907,0 109.157581,30.940637,0 109.150609,30.936265,0 109.151934,30.924151,0 109.160969,30.916809,0 109.162197,30.905776,0 109.15547,30.907622,0 109.144029,30.902165,0 109.150118,30.878247,0 109.130477,30.879732,0 109.135485,30.866688,0 109.108283,30.860145,0 109.086531,30.858178,0 109.0773,30.869096,0 109.054615,30.860908,0 109.051767,30.843524,0 109.043224,30.831278,0 109.05054,30.824773,0 109.050785,30.814171,0 109.044059,30.809873,0 109.048821,30.777215,0 109.059575,30.764598,0 109.056579,30.754834,0 109.047839,30.745309,0 109.047348,30.730277,0 109.018575,30.718297,0 109.019655,30.711784,0 109.030801,30.706598,0 109.018919,30.696706,0 109.024565,30.683154,0 109.017544,30.675232,0 109.022945,30.663567,0 109.01558,30.648884,0 109.021766,30.642366,0 109.045728,30.653189,0 109.049165,30.645545,0 109.070181,30.640274,0 109.088053,30.646631,0 109.096646,30.638745,0 109.111917,30.646108,0 109.120951,30.635768,0 109.121737,30.628726,0 109.112506,30.61271,0 109.105926,30.610738,0 109.105534,30.585661,0 109.102686,30.580146,0 109.101114,30.579542,0 109.106123,30.570765,0 109.103668,30.565812,0</coordinates></LinearRing></outerBoundaryIs>
      </Polygon>
      <Polygon>
        <outerBoundaryIs><LinearRing><coordinates>109.101114,30.579542,0 109.102686,30.580146,0 109.105534,30.585661,0 109.105926,30.610738,0 109.09316,30.609007,0 109.083585,30.598261,0 109.092865,30.578737,0 109.098659,30.579099,0 109.101114,30.579542,0</coordinates></LinearRing></outerBoundaryIs>
      </Polygon>
      <Polygon>
        <outerBoundaryIs><LinearRing><coordinates>109.098659,30.579099,0 109.092865,30.578737,0 109.103668,30.565812,0 109.106123,30.570765,0 109.098659,30.579099,0</coordinates></LinearRing></outerBoundaryIs>
      </Polygon>
      <Polygon>
        <outerBoundaryIs><LinearRing><coordinates>109.659153,30.761987,0 109.685373,30.768657,0 109.692149,30.778902,0 109.702117,30.783643,0 109.702657,30.770264,0 109.718124,30.778661,0 109.716601,30.80168,0 109.729613,30.815376,0 109.759074,30.832804,0 109.780777,30.848583,0 109.797619,30.855609,0 109.81942,30.860225,0 109.856099,30.880254,0 109.878244,30.889163,0 109.894545,30.899797,0 109.905642,30.899797,0 109.932304,30.887679,0 109.940897,30.889685,0 109.943696,30.87897,0 109.958377,30.877445,0 109.975956,30.888682,0 109.995056,30.887839,0 110.008215,30.883585,0 110.005024,30.870381,0 110.017937,30.855328,0 110.019607,30.829592,0 110.03198,30.820476,0 110.039198,30.820516,0 110.042488,30.80666,0 110.052996,30.799591,0 110.082309,30.799591,0 110.089527,30.816058,0 110.095861,30.82156,0 110.095812,30.829873,0 110.115306,30.845492,0 110.124095,30.868133,0 110.144324,30.897229,0 110.151837,30.912316,0 110.145601,30.922145,0 110.153899,30.953832,0 110.163769,30.961371,0 110.161657,30.968308,0 110.173245,30.979895,0 110.172165,30.98659,0 110.163572,30.991641,0 110.136075,30.986751,0 110.140986,31.00503,0 110.140151,31.030638,0 110.120854,31.032001,0 110.126648,31.054678,0 110.13308,31.059806,0 110.122131,31.072904,0 110.120117,31.088844,0 110.12871,31.095131,0 110.135437,31.106262,0 110.145847,31.108144,0 110.146927,31.116912,0 110.161264,31.116111,0 110.180218,31.121676,0 110.1894,31.129482,0 110.186895,31.145332,0 110.198876,31.156538,0 110.196912,31.163581,0 110.186404,31.169583,0 110.180218,31.179585,0 110.176535,31.198067,0 110.178008,31.204867,0 110.169612,31.227943,0 110.174866,31.243497,0 110.171428,31.250573,0 110.162443,31.251932,0 110.156158,31.277315,0 110.163965,31.30321,0 110.159644,31.315355,0 110.151739,31.317872,0 110.157975,31.333491,0 110.14732,31.34783,0 110.14948,31.354299,0 110.140053,31.368315,0 110.145307,31.381331,0 110.140004,31.390472,0 110.127384,31.393386,0 110.11889,31.400651,0 110.115158,31.412265,0 110.108824,31.408314,0 110.100084,31.411268,0 110.089773,31.408674,0 110.053978,31.410909,0 110.049411,31.41877,0 110.034484,31.430822,0 110.033502,31.439679,0 110.020687,31.442073,0 110.003649,31.453642,0 109.996382,31.469359,0 109.987789,31.474663,0 109.967903,31.474304,0 109.954744,31.468401,0 109.94291,31.475341,0 109.938049,31.458748,0 109.94183,31.448456,0 109.937804,31.440836,0 109.940553,31.427869,0 109.935005,31.414381,0 109.922828,31.394664,0 109.911878,31.392149,0 109.890126,31.392069,0 109.853496,31.382209,0 109.830468,31.388317,0 109.821384,31.387638,0 109.803315,31.378336,0 109.789223,31.377857,0 109.785638,31.361088,0 109.775425,31.361527,0 109.775032,31.354179,0 109.761431,31.346951,0 109.749892,31.35362,0 109.730006,31.356176,0 109.720972,31.349746,0 109.71503,31.338644,0 109.716945,31.332013,0 109.711446,31.31959,0 109.713803,31.299094,0 109.698679,31.302171,0 109.690676,31.296577,0 109.662443,31.294499,0 109.644373,31.310641,0 109.626893,31.295937,0 109.61285,31.295018,0 109.597776,31.268442,0 109.602833,31.262686,0 109.587366,31.260967,0 109.569346,31.244456,0 109.581572,31.225743,0 109.588201,31.223384,0 109.61668,31.229662,0 109.629545,31.225703,0 109.631951,31.217505,0 109.622523,31.204747,0 109.624389,31.190027,0 109.63033,31.189147,0 109.64511,31.177905,0 109.668629,31.185466,0 109.692493,31.172584,0 109.703688,31.169903,0 109.727944,31.171743,0 109.742773,31.178185,0 109.760646,31.175144,0 109.770564,31.16166,0 109.769533,31.143771,0 109.758289,31.129242,0 109.764819,31.11495,0 109.753428,31.113389,0 109.744442,31.100616,0 109.724507,31.090125,0 109.72107,31.074346,0 109.685127,31.053516,0 109.662737,31.042338,0 109.605829,31.017655,0 109.598611,31.010841,0 109.612555,30.995971,0 109.61177,30.986911,0 109.60082,30.977129,0 109.601999,30.962814,0 109.596941,30.95327,0 109.601557,30.941639,0 109.59812,30.936465,0 109.603079,30.922345,0 109.609904,30.91693,0 109.612752,30.90389,0 109.594879,30.905415,0 109.594584,30.902044,0 109.574207,30.900961,0 109.561392,30.893698,0 109.569543,30.873712,0 109.585648,30.871384,0 109.588839,30.865885,0 109.61506,30.861951,0 109.615256,30.848222,0 109.608087,30.846214,0 109.607203,30.838225,0 109.628661,30.820998,0 109.636517,30.821922,0 109.646435,30.803929,0 109.644226,30.794128,0 109.649725,30.778782,0 109.659153,30.761987,0</coordinates></LinearRing></outerBoundaryIs>
      </Polygon>
      <Polygon>
        <outerBoundaryIs><LinearRing><coordinates>109.94291,31.475341,0 109.942174,31.483238,0 109.957248,31.490774,0 109.961323,31.499268,0 109.98229,31.512504,0 109.965595,31.50788,0 109.945267,31.506684,0 109.934907,31.517727,0 109.923859,31.521474,0 109.894594,31.519162,0 109.878194,31.528848,0 109.869209,31.530124,0 109.860174,31.543555,0 109.83798,31.555272,0 109.822071,31.553757,0 109.801007,31.541443,0 109.788584,31.55045,0 109.765457,31.549653,0 109.760204,31.547182,0 109.735309,31.546106,0 109.718909,31.556985,0 109.727502,31.570731,0 109.746406,31.577982,0 109.745326,31.596426,0 109.76423,31.602998,0 109.737421,31.628683,0 109.740416,31.635173,0 109.740612,31.663636,0 109.731872,31.673148,0 109.728091,31.688828,0 109.731086,31.700446,0 109.709531,31.701122,0 109.696028,31.70709,0 109.693376,31.716558,0 109.683016,31.71978,0 109.659005,31.716956,0 109.644913,31.720854,0 109.617024,31.711585,0 109.606172,31.714688,0 109.580394,31.72869,0 109.572096,31.726343,0 109.549755,31.730002,0 109.501095,31.717155,0 109.491029,31.720973,0 109.477134,31.720218,0 109.472714,31.714649,0 109.459703,31.715205,0 109.45656,31.722008,0 109.4462,31.722883,0 109.425872,31.718786,0 109.420274,31.720655,0 109.411632,31.708244,0 109.389487,31.705101,0 109.361254,31.708642,0 109.3232,31.70888,0 109.302038,31.71067,0 109.281611,31.716876,0 109.266734,31.714927,0 109.225145,31.724951,0 109.227403,31.717035,0 109.222542,31.701242,0 109.228533,31.690817,0 109.224261,31.688629,0 109.209187,31.69412,0 109.178253,31.69587,0 109.16696,31.700207,0 109.158514,31.69396,0 109.148154,31.703669,0 109.133325,31.705936,0 109.122965,31.700167,0 109.092473,31.699531,0 109.06149,31.704743,0 109.052013,31.696507,0 109.038117,31.690777,0 109.007036,31.691135,0 109.0008,31.686758,0 109.007331,31.673188,0 109.00134,31.671039,0 109.000407,31.657029,0 108.992649,31.652969,0 108.955529,31.654601,0 108.954792,31.66288,0 108.937607,31.652969,0 108.918113,31.652929,0 108.91448,31.660731,0 108.906182,31.661248,0 108.898227,31.65484,0 108.892728,31.642578,0 108.893268,31.632187,0 108.887719,31.625657,0 108.895821,31.614587,0 108.894888,31.606025,0 108.877997,31.602799,0 108.865133,31.592801,0 108.853398,31.578939,0 108.837096,31.574237,0 108.824133,31.578899,0 108.820303,31.574596,0 108.801399,31.574078,0 108.794034,31.551366,0 108.777094,31.543635,0 108.769483,31.529845,0 108.766881,31.513621,0 108.761087,31.503893,0 108.748026,31.505208,0 108.730055,31.499746,0 108.721707,31.503255,0 108.703982,31.503972,0 108.694554,31.499347,0 108.69971,31.491652,0 108.697255,31.476737,0 108.703098,31.463814,0 108.726617,31.455118,0 108.740071,31.441834,0 108.752298,31.443749,0 108.759908,31.438602,0 108.779205,31.435251,0 108.800221,31.425155,0 108.809894,31.417414,0 108.795752,31.403086,0 108.798748,31.396859,0 108.816866,31.390233,0 108.83248,31.375302,0 108.822071,31.370271,0 108.823053,31.356815,0 108.834739,31.35382,0 108.837096,31.346432,0 108.865035,31.343716,0 108.869896,31.339562,0 108.887572,31.336007,0 108.893268,31.342358,0 108.89042,31.354738,0 108.892826,31.364641,0 108.886394,31.372148,0 108.88988,31.383566,0 108.900142,31.387558,0 108.908146,31.383566,0 108.916837,31.387399,0 108.927197,31.386001,0 108.936035,31.390991,0 108.948409,31.382728,0 108.962452,31.385722,0 108.971487,31.380812,0 108.983418,31.385762,0 108.992207,31.380812,0 109.020146,31.375781,0 109.029181,31.370032,0 109.05162,31.367117,0 109.065712,31.364681,0 109.079117,31.370112,0 109.102735,31.364162,0 109.123357,31.37083,0 109.138137,31.366279,0 109.176534,31.361527,0 109.197206,31.362126,0 109.213606,31.358332,0 109.224114,31.362206,0 109.235014,31.356975,0 109.242085,31.362126,0 109.266292,31.35985,0 109.272577,31.355657,0 109.322415,31.34779,0 109.326392,31.324064,0 109.334396,31.306925,0 109.355853,31.295578,0 109.354134,31.286826,0 109.374757,31.286427,0 109.376623,31.276236,0 109.39042,31.262326,0 109.387867,31.248654,0 109.393857,31.242897,0 109.415511,31.245496,0 109.431617,31.240058,0 109.435741,31.231981,0 109.45003,31.238979,0 109.450766,31.246535,0 109.462698,31.250693,0 109.479638,31.251772,0 109.493533,31.249454,0 109.497069,31.244816,0 109.512487,31.243217,0 109.518526,31.250333,0 109.530409,31.253891,0 109.55712,31.251053,0 109.561883,31.243976,0 109.569346,31.244456,0 109.587366,31.260967,0 109.602833,31.262686,0 109.597776,31.268442,0 109.61285,31.295018,0 109.626893,31.295937,0 109.644373,31.310641,0 109.662443,31.294499,0 109.690676,31.296577,0 109.698679,31.302171,0 109.713803,31.299094,0 109.711446,31.31959,0 109.716945,31.332013,0 109.71503,31.338644,0 109.720972,31.349746,0 109.730006,31.356176,0 109.749892,31.35362,0 109.761431,31.346951,0 109.775032,31.354179,0 109.775425,31.361527,0 109.785638,31.361088,0 109.789223,31.377857,0 109.803315,31.378336,0 109.821384,31.387638,0 109.830468,31.388317,0 109.853496,31.382209,0 109.890126,31.392069,0 109.911878,31.392149,0 109.922828,31.394664,0 109.935005,31.414381,0 109.940553,31.427869,0 109.937804,31.440836,0 109.94183,31.448456,0 109.938049,31.458748,0 109.94291,31.475341,0</coordinates></LinearRing></outerBoundaryIs>
      </Polygon>
      <Polygon>
        <outerBoundaryIs><LinearRing><coordinates>108.424054,30.488956,0 108.42101,30.497176,0 108.427786,30.512567,0 108.412368,30.503059,0 108.409962,30.517563,0 108.399553,30.520504,0 108.402253,30.529688,0 108.409717,30.532749,0 108.410404,30.543261,0 108.404315,30.548295,0 108.394593,30.536737,0 108.378734,30.534884,0 108.344657,30.476987,0 108.338814,30.470337,0 108.33248,30.449336,0 108.317062,30.433129,0 108.315835,30.425387,0 108.298944,30.407562,0 108.296538,30.401109,0 108.275031,30.405546,0 108.261479,30.388605,0 108.254261,30.403529,0 108.236732,30.409216,0 108.223622,30.421274,0 108.208351,30.408611,0 108.186403,30.413854,0 108.174619,30.410144,0 108.152965,30.395019,0 108.133128,30.362624,0 108.12262,30.359799,0 108.096449,30.358831,0 108.084665,30.350115,0 108.084419,30.343093,0 108.094731,30.344667,0 108.117072,30.329169,0 108.127874,30.333487,0 108.145894,30.334254,0 108.163031,30.325294,0 108.163473,30.321055,0 108.147466,30.302606,0 108.147318,30.297115,0 108.127334,30.299982,0 108.131606,30.288918,0 108.129003,30.281125,0 108.142212,30.273654,0 108.141475,30.265495,0 108.126303,30.255357,0 108.129494,30.244531,0 108.125861,30.235845,0 108.121933,30.245824,0 108.114273,30.251399,0 108.103716,30.246995,0 108.093994,30.253459,0 108.097038,30.237259,0 108.105533,30.232653,0 108.101948,30.223482,0 108.10843,30.219198,0 108.124879,30.227199,0 108.127383,30.223684,0 108.119379,30.211803,0 108.129887,30.210268,0 108.120705,30.200568,0 108.107595,30.207439,0 108.085549,30.17862,0 108.072438,30.175144,0 108.070965,30.163702,0 108.061587,30.157071,0 108.075777,30.153917,0 108.092374,30.129532,0 108.083928,30.111209,0 108.0554,30.072043,0 108.037233,30.067591,0 108.031144,30.072326,0 108.034974,30.084183,0 108.029622,30.089119,0 108.021569,30.078032,0 108.010571,30.071355,0 108.00733,30.057028,0 107.998492,30.053871,0 108.007575,30.043508,0 108.01661,30.042132,0 108.02702,30.029056,0 108.018476,30.014804,0 108.024859,30.010957,0 108.03247,29.990222,0 108.018034,29.971589,0 108.009687,29.978476,0 108.002027,29.977544,0 107.993336,29.96689,0 108.014695,29.9472,0 108.024908,29.934962,0 108.036005,29.912225,0 108.046316,29.912387,0 108.049999,29.906226,0 108.035907,29.90197,0 108.042536,29.893456,0 108.059869,29.889726,0 108.071456,29.877157,0 108.072488,29.870953,0 108.058936,29.857246,0 108.084125,29.838873,0 108.099199,29.840657,0 108.108823,29.848851,0 108.122915,29.851771,0 108.145992,29.846377,0 108.14997,29.83011,0 108.167008,29.838305,0 108.172998,29.837656,0 108.177859,29.822443,0 108.190626,29.819441,0 108.194014,29.812665,0 108.18547,29.801628,0 108.194112,29.790712,0 108.217484,29.777887,0 108.208204,29.764938,0 108.204129,29.765182,0 108.187925,29.743909,0 108.178252,29.749877,0 108.172213,29.745533,0 108.17457,29.735463,0 108.181051,29.734286,0 108.169168,29.7087,0 108.179529,29.699602,0 108.174962,29.686075,0 108.156157,29.676121,0 108.156304,29.669579,0 108.143587,29.659218,0 108.149921,29.647636,0 108.156107,29.644872,0 108.168186,29.648083,0 108.169267,29.658445,0 108.195143,29.666979,0 108.208891,29.685343,0 108.205847,29.69948,0 108.22156,29.712153,0 108.217975,29.716336,0 108.225193,29.725514,0 108.22097,29.732499,0 108.227992,29.747076,0 108.239384,29.745289,0 108.245669,29.750892,0 108.27071,29.733149,0 108.295752,29.729007,0 108.298895,29.734773,0 108.30513,29.72588,0 108.315785,29.722793,0 108.326391,29.711747,0 108.350156,29.721047,0 108.358013,29.720763,0 108.373922,29.712803,0 108.368078,29.726042,0 108.365918,29.748537,0 108.36091,29.756819,0 108.383987,29.795501,0 108.3942,29.816479,0 108.368177,29.818913,0 108.372841,29.834127,0 108.371466,29.84159,0 108.391598,29.853231,0 108.386933,29.860004,0 108.392777,29.863492,0 108.402793,29.855908,0 108.433776,29.880077,0 108.453122,29.871683,0 108.457394,29.865438,0 108.468049,29.864181,0 108.489163,29.867466,0 108.495693,29.876914,0 108.509049,29.878617,0 108.517052,29.865479,0 108.516169,29.885631,0 108.524221,29.896821,0 108.524074,29.911658,0 108.515874,29.930383,0 108.519458,29.943512,0 108.534238,29.971833,0 108.542634,29.99735,0 108.528886,30.00545,0 108.530703,30.043104,0 108.526185,30.04954,0 108.531783,30.055085,0 108.524221,30.058647,0 108.516414,30.05298,0 108.516267,30.064232,0 108.525252,30.073824,0 108.532323,30.073702,0 108.533207,30.084183,0 108.546071,30.104372,0 108.561489,30.144132,0 108.56748,30.155697,0 108.552258,30.163338,0 108.553829,30.174537,0 108.568904,30.225623,0 108.56743,30.23435,0 108.573519,30.237178,0 108.58167,30.255882,0 108.567332,30.254872,0 108.562029,30.26287,0 108.545237,30.269978,0 108.54617,30.276279,0 108.537921,30.278581,0 108.533305,30.292108,0 108.52486,30.294733,0 108.526382,30.305271,0 108.51499,30.315162,0 108.498394,30.316332,0 108.48273,30.33603,0 108.46908,30.343819,0 108.459898,30.359799,0 108.451011,30.355603,0 108.432696,30.35411,0 108.421943,30.366457,0 108.403284,30.374728,0 108.399454,30.389412,0 108.420912,30.394131,0 108.425331,30.399052,0 108.421697,30.410547,0 108.430486,30.415628,0 108.421206,30.4295,0 108.411779,30.436919,0 108.421796,30.448852,0 108.421206,30.464372,0 108.414332,30.475818,0 108.424054,30.488956,0</coordinates></LinearRing></outerBoundaryIs>
      </Polygon>
      <Polygon>
        <outerBoundaryIs><LinearRing><coordinates>108.723377,28.491963,0 108.729416,28.470918,0 108.749106,28.461052,0 108.746749,28.450239,0 108.773509,28.438315,0 108.779303,28.427418,0 108.763296,28.398585,0 108.762805,28.385791,0 108.783084,28.380402,0 108.777732,28.367441,0 108.777929,28.347236,0 108.76143,28.324557,0 108.770072,28.314965,0 108.763738,28.305619,0 108.741053,28.294914,0 108.725783,28.280296,0 108.7276,28.259827,0 108.737567,28.251424,0 108.739678,28.226252,0 108.749548,28.22757,0 108.758681,28.220236,0 108.758533,28.196046,0 108.765309,28.192131,0 108.773313,28.213478,0 108.796636,28.22378,0 108.807389,28.242855,0 108.821776,28.245121,0 108.826539,28.22551,0 108.836212,28.20738,0 108.855116,28.199879,0 108.864445,28.206143,0 108.897245,28.219536,0 108.91227,28.21558,0 108.919488,28.217764,0 108.933187,28.207874,0 108.927884,28.20025,0 108.929407,28.190565,0 108.956609,28.182321,0 108.979539,28.171274,0 108.985775,28.161339,0 109.001537,28.16138,0 109.009786,28.167893,0 109.014647,28.17923,0 109.013812,28.199591,0 109.026186,28.220154,0 109.038215,28.217434,0 109.041603,28.20536,0 109.06144,28.200126,0 109.070033,28.191471,0 109.086384,28.184712,0 109.089477,28.196252,0 109.101409,28.201404,0 109.096106,28.22106,0 109.085353,28.232803,0 109.081523,28.24854,0 109.088004,28.261392,0 109.095959,28.261804,0 109.117563,28.278607,0 109.11614,28.288614,0 109.126844,28.296932,0 109.14123,28.320564,0 109.137744,28.33423,0 109.150805,28.344684,0 109.151689,28.350528,0 109.138579,28.358635,0 109.144766,28.36382,0 109.153113,28.38106,0 109.153653,28.39731,0 109.157139,28.403398,0 109.154291,28.417588,0 109.164946,28.414997,0 109.168383,28.432064,0 109.176731,28.43153,0 109.180708,28.439466,0 109.176583,28.446169,0 109.192394,28.464423,0 109.191756,28.470877,0 109.215521,28.48214,0 109.229613,28.474906,0 109.274344,28.494676,0 109.271988,28.51399,0 109.280384,28.5204,0 109.274688,28.524837,0 109.27459,28.539217,0 109.288928,28.546324,0 109.29482,28.566286,0 109.304738,28.579017,0 109.3205,28.579797,0 109.309354,28.598808,0 109.306604,28.62069,0 109.300172,28.626436,0 109.287013,28.626806,0 109.278469,28.612439,0 109.258878,28.605583,0 109.249401,28.608662,0 109.236144,28.619417,0 109.201478,28.598439,0 109.186355,28.610632,0 109.181395,28.621716,0 109.193131,28.636205,0 109.202902,28.63797,0 109.221069,28.649133,0 109.251758,28.660828,0 109.270907,28.671783,0 109.266194,28.680194,0 109.252936,28.691558,0 109.265015,28.699474,0 109.271497,28.698941,0 109.28495,28.713871,0 109.294672,28.71912,0 109.28824,28.727322,0 109.300663,28.739665,0 109.297668,28.748152,0 109.278469,28.751514,0 109.273019,28.760902,0 109.256177,28.765616,0 109.261333,28.774962,0 109.241299,28.776519,0 109.241888,28.794266,0 109.246406,28.801683,0 109.245817,28.812992,0 109.239679,28.827168,0 109.242674,28.85105,0 109.234032,28.863828,0 109.235505,28.880372,0 109.211004,28.882788,0 109.197943,28.875131,0 109.197599,28.870217,0 109.175896,28.8515,0 109.166223,28.852402,0 109.157188,28.844824,0 109.147908,28.84552,0 109.130919,28.832453,0 109.117465,28.83106,0 109.111622,28.824669,0 109.104502,28.826595,0 109.093455,28.819261,0 109.092718,28.809305,0 109.106712,28.816311,0 109.105681,28.805699,0 109.094338,28.79234,0 109.05982,28.768198,0 109.062128,28.759385,0 109.05653,28.741879,0 109.044991,28.719325,0 109.01941,28.690696,0 108.999622,28.699228,0 108.990636,28.67884,0 108.982633,28.682327,0 108.961126,28.630213,0 108.954252,28.610016,0 108.936723,28.616913,0 108.915314,28.621962,0 108.895379,28.614737,0 108.881484,28.621716,0 108.854821,28.613136,0 108.839256,28.604146,0 108.819174,28.60082,0 108.815295,28.593471,0 108.799877,28.583657,0 108.785981,28.562096,0 108.785294,28.54924,0 108.775964,28.544968,0 108.763984,28.545707,0 108.753329,28.532972,0 108.730889,28.517853,0 108.723377,28.491963,0</coordinates></LinearRing></outerBoundaryIs>
      </Polygon>
      <Polygon>
        <outerBoundaryIs><LinearRing><coordinates>109.235505,28.880372,0 109.239924,28.892042,0 109.256864,28.907721,0 109.25544,28.926141,0 109.261038,28.950532,0 109.272331,28.970949,0 109.284165,28.972299,0 109.292463,28.987639,0 109.292365,29.004695,0 109.295458,29.016391,0 109.304836,29.020808,0 109.319616,29.04256,0 109.312251,29.066351,0 109.301154,29.070643,0 109.287847,29.07101,0 109.266194,29.079552,0 109.257748,29.086745,0 109.237273,29.086704,0 109.22593,29.113508,0 109.232559,29.120086,0 109.228533,29.129972,0 109.215521,29.145289,0 109.203098,29.151823,0 109.18007,29.171955,0 109.16254,29.180693,0 109.154488,29.172363,0 109.138824,29.169505,0 109.123014,29.191267,0 109.122965,29.199268,0 109.110395,29.215105,0 109.118545,29.232409,0 109.141967,29.270475,0 109.129986,29.282468,0 109.106467,29.288545,0 109.10465,29.293154,0 109.113881,29.314196,0 109.108725,29.319333,0 109.114568,29.332787,0 109.110002,29.342693,0 109.112506,29.360995,0 109.101704,29.373506,0 109.090361,29.378681,0 109.080786,29.390661,0 109.06419,29.401743,0 109.053191,29.40272,0 109.039934,29.389805,0 109.033453,29.378233,0 109.034729,29.360261,0 109.009786,29.36022,0 108.999425,29.363929,0 108.994761,29.355085,0 108.985088,29.350479,0 108.986168,29.336742,0 108.97237,29.32924,0 108.956069,29.330953,0 108.919734,29.326305,0 108.908784,29.312972,0 108.903432,29.296416,0 108.915462,29.293561,0 108.919783,29.283732,0 108.93903,29.274065,0 108.954252,29.272066,0 108.937607,29.244283,0 108.925871,29.23347,0 108.925135,29.222615,0 108.915265,29.215513,0 108.896607,29.209024,0 108.882416,29.1791,0 108.854625,29.133484,0 108.855656,29.122659,0 108.847702,29.105214,0 108.833266,29.109995,0 108.832087,29.117267,0 108.812054,29.122047,0 108.803756,29.129195,0 108.784852,29.123272,0 108.775768,29.124008,0 108.774295,29.110485,0 108.749008,29.10881,0 108.747584,29.092384,0 108.726912,29.080492,0 108.700397,29.094427,0 108.698777,29.101619,0 108.686698,29.109341,0 108.681984,29.105623,0 108.668678,29.108156,0 108.66416,29.103744,0 108.669856,29.095939,0 108.662835,29.090382,0 108.667205,29.078776,0 108.661313,29.071624,0 108.646533,29.081841,0 108.628906,29.072891,0 108.622179,29.073422,0 108.625665,29.08699,0 108.614568,29.095408,0 108.615206,29.109709,0 108.60789,29.109014,0 108.599396,29.086908,0 108.587169,29.095081,0 108.598266,29.105705,0 108.570769,29.124416,0 108.55869,29.13953,0 108.534631,29.133975,0 108.528198,29.128338,0 108.527167,29.117798,0 108.518329,29.100148,0 108.505464,29.095326,0 108.492109,29.095245,0 108.473008,29.08462,0 108.464858,29.087521,0 108.456314,29.071951,0 108.447279,29.066187,0 108.434906,29.070643,0 108.424987,29.057277,0 108.415756,29.051268,0 108.394446,29.053107,0 108.373627,29.044849,0 108.348143,29.027228,0 108.331989,29.010911,0 108.326686,29.000932,0 108.312103,28.997497,0 108.322954,28.953969,0 108.339943,28.947872,0 108.346916,28.941488,0 108.350549,28.930316,0 108.350353,28.907107,0 108.357423,28.893393,0 108.355312,28.870831,0 108.346425,28.856333,0 108.355165,28.831634,0 108.354232,28.814263,0 108.382416,28.805781,0 108.386492,28.801642,0 108.388996,28.785823,0 108.385264,28.772216,0 108.375051,28.767092,0 108.372498,28.760164,0 108.347259,28.736302,0 108.347898,28.710262,0 108.340238,28.689671,0 108.332529,28.679579,0 108.344019,28.673425,0 108.35217,28.676091,0 108.39096,28.651759,0 108.421697,28.643346,0 108.43903,28.633989,0 108.461371,28.634153,0 108.471142,28.627791,0 108.491274,28.630582,0 108.500996,28.626642,0 108.502715,28.637601,0 108.517985,28.639981,0 108.524614,28.647122,0 108.53851,28.652703,0 108.548723,28.64782,0 108.561146,28.649174,0 108.564828,28.661156,0 108.574796,28.660336,0 108.586482,28.64704,0 108.585303,28.639653,0 108.596155,28.64035,0 108.609019,28.633619,0 108.623259,28.641418,0 108.632343,28.638914,0 108.636025,28.621757,0 108.618889,28.606527,0 108.604453,28.589529,0 108.610934,28.539381,0 108.58933,28.538601,0 108.576858,28.533794,0 108.573224,28.528124,0 108.578036,28.509018,0 108.574943,28.497676,0 108.589182,28.473837,0 108.586776,28.463066,0 108.597235,28.456817,0 108.602833,28.438849,0 108.609952,28.435683,0 108.608823,28.407306,0 108.587415,28.404961,0 108.577545,28.390193,0 108.576367,28.364314,0 108.580099,28.343285,0 108.598021,28.34205,0 108.606466,28.336576,0 108.611573,28.324557,0 108.630771,28.328014,0 108.639855,28.333201,0 108.647466,28.331101,0 108.667352,28.334436,0 108.677418,28.345795,0 108.670102,28.354396,0 108.659103,28.350322,0 108.657041,28.362215,0 108.664701,28.38287,0 108.693523,28.395171,0 108.696813,28.404591,0 108.690921,28.410555,0 108.688318,28.422318,0 108.669856,28.431489,0 108.663915,28.444318,0 108.641476,28.455707,0 108.645256,28.468616,0 108.658661,28.47803,0 108.671133,28.475276,0 108.688613,28.482469,0 108.701428,28.482469,0 108.709727,28.501087,0 108.723377,28.491963,0 108.730889,28.517853,0 108.753329,28.532972,0 108.763984,28.545707,0 108.775964,28.544968,0 108.785294,28.54924,0 108.785981,28.562096,0 108.799877,28.583657,0 108.815295,28.593471,0 108.819174,28.60082,0 108.839256,28.604146,0 108.854821,28.613136,0 108.881484,28.621716,0 108.895379,28.614737,0 108.915314,28.621962,0 108.936723,28.616913,0 108.954252,28.610016,0 108.961126,28.630213,0 108.982633,28.682327,0 108.990636,28.67884,0 108.999622,28.699228,0 109.01941,28.690696,0 109.044991,28.719325,0 109.05653,28.741879,0 109.062128,28.759385,0 109.05982,28.768198,0 109.094338,28.79234,0 109.105681,28.805699,0 109.106712,28.816311,0 109.092718,28.809305,0 109.093455,28.819261,0 109.104502,28.826595,0 109.111622,28.824669,0 109.117465,28.83106,0 109.130919,28.832453,0 109.147908,28.84552,0 109.157188,28.844824,0 109.166223,28.852402,0 109.175896,28.8515,0 109.197599,28.870217,0 109.197943,28.875131,0 109.211004,28.882788,0 109.235505,28.880372,0</coordinates></LinearRing></outerBoundaryIs>
      </Polygon>
      <Polygon>
        <outerBoundaryIs><LinearRing><coordinates>108.312103,28.997497,0 108.326686,29.000932,0 108.331989,29.010911,0 108.348143,29.027228,0 108.373627,29.044849,0 108.394446,29.053107,0 108.415756,29.051268,0 108.424987,29.057277,0 108.434906,29.070643,0 108.447279,29.066187,0 108.456314,29.071951,0 108.464858,29.087521,0 108.473008,29.08462,0 108.492109,29.095245,0 108.505464,29.095326,0 108.518329,29.100148,0 108.527167,29.117798,0 108.528198,29.128338,0 108.534631,29.133975,0 108.55869,29.13953,0 108.570671,29.152313,0 108.574403,29.164115,0 108.556775,29.184857,0 108.548919,29.205064,0 108.555597,29.218738,0 108.569247,29.224941,0 108.568314,29.236245,0 108.575778,29.252362,0 108.571948,29.265703,0 108.583192,29.278063,0 108.584272,29.285812,0 108.573568,29.302411,0 108.560409,29.306081,0 108.549459,29.315378,0 108.549705,29.328303,0 108.561538,29.352598,0 108.550196,29.371754,0 108.547201,29.381697,0 108.552995,29.390539,0 108.555843,29.412701,0 108.576367,29.41706,0 108.59257,29.442963,0 108.581228,29.464911,0 108.585549,29.477328,0 108.561686,29.491657,0 108.539688,29.491697,0 108.50954,29.50285,0 108.501242,29.49996,0 108.494711,29.515099,0 108.506054,29.536868,0 108.515334,29.543948,0 108.536251,29.540001,0 108.547643,29.547406,0 108.548379,29.557575,0 108.534532,29.572177,0 108.534974,29.588851,0 108.516709,29.602148,0 108.512633,29.614467,0 108.507036,29.611093,0 108.499965,29.622069,0 108.487199,29.624102,0 108.489997,29.642515,0 108.504139,29.666288,0 108.503549,29.67669,0 108.52373,29.683109,0 108.526676,29.696759,0 108.506446,29.708172,0 108.489506,29.723199,0 108.467656,29.729697,0 108.460487,29.740904,0 108.437115,29.740782,0 108.438588,29.75617,0 108.445462,29.76437,0 108.444235,29.776913,0 108.421304,29.774153,0 108.416984,29.787344,0 108.425478,29.804185,0 108.424496,29.815302,0 108.408882,29.820658,0 108.404561,29.834451,0 108.393169,29.83583,0 108.3942,29.816479,0 108.383987,29.795501,0 108.36091,29.756819,0 108.365918,29.748537,0 108.368078,29.726042,0 108.373922,29.712803,0 108.358013,29.720763,0 108.350156,29.721047,0 108.326391,29.711747,0 108.315785,29.722793,0 108.30513,29.72588,0 108.298895,29.734773,0 108.295752,29.729007,0 108.27071,29.733149,0 108.245669,29.750892,0 108.239384,29.745289,0 108.227992,29.747076,0 108.22097,29.732499,0 108.225193,29.725514,0 108.217975,29.716336,0 108.22156,29.712153,0 108.205847,29.69948,0 108.208891,29.685343,0 108.195143,29.666979,0 108.169267,29.658445,0 108.168186,29.648083,0 108.17894,29.647839,0 108.182033,29.625972,0 108.178547,29.619183,0 108.167499,29.617679,0 108.163374,29.603612,0 108.153652,29.599749,0 108.132391,29.603815,0 108.117366,29.603449,0 108.114175,29.599302,0 108.098757,29.600684,0 108.082161,29.611377,0 108.078773,29.618817,0 108.067872,29.614223,0 108.076563,29.605726,0 108.084026,29.588892,0 108.075876,29.577627,0 108.066153,29.575472,0 108.066988,29.566687,0 108.075826,29.557982,0 108.074059,29.549073,0 108.055793,29.531783,0 108.015432,29.504559,0 108.017347,29.483719,0 108.013959,29.469674,0 108.013075,29.448786,0 108.002763,29.442108,0 108.004286,29.428424,0 107.989653,29.416856,0 107.992796,29.397383,0 107.988426,29.38027,0 107.976641,29.36344,0 107.983319,29.350397,0 107.984301,29.339188,0 107.992059,29.325408,0 108.003304,29.315174,0 107.996282,29.288545,0 107.998983,29.273943,0 107.99697,29.26248,0 108.010325,29.247792,0 108.006446,29.229267,0 107.997804,29.236857,0 107.986756,29.217799,0 107.973057,29.210166,0 107.970111,29.198492,0 107.960143,29.188695,0 107.94286,29.178243,0 107.934905,29.185102,0 107.911975,29.190328,0 107.898865,29.184245,0 107.903775,29.172282,0 107.899896,29.166361,0 107.892727,29.134138,0 107.895133,29.117185,0 107.883889,29.106195,0 107.889486,29.085151,0 107.883938,29.078163,0 107.873086,29.074852,0 107.874707,29.057031,0 107.849567,29.039289,0 107.838421,29.040597,0 107.823543,29.034219,0 107.821186,29.005758,0 107.810433,28.984285,0 107.82811,28.976144,0 107.842005,28.964648,0 107.867538,28.960475,0 107.872006,28.983058,0 107.883054,28.986535,0 107.887571,29.000114,0 107.885215,29.008417,0 107.908783,29.007353,0 107.931124,29.035241,0 107.949292,29.033729,0 107.993925,29.033851,0 108.02427,29.038676,0 108.034532,29.046771,0 108.035956,29.054047,0 108.070474,29.086418,0 108.109854,29.076078,0 108.130624,29.063326,0 108.132686,29.054088,0 108.150068,29.053311,0 108.171427,29.06537,0 108.197745,29.070643,0 108.204718,29.056786,0 108.215029,29.056132,0 108.230398,29.046975,0 108.224653,29.031562,0 108.24228,29.028372,0 108.256962,29.041987,0 108.260203,29.063735,0 108.268648,29.077795,0 108.270612,29.090913,0 108.28657,29.089197,0 108.301939,29.083067,0 108.307193,29.077509,0 108.297863,29.047179,0 108.309795,29.018436,0 108.308715,29.003386,0 108.312103,28.997497,0</coordinates></LinearRing></outerBoundaryIs>
      </Polygon>
    </MultiGeometry>
    </Placemark>
  </Document>
</kml>
