<?xml version="1.0" encoding="UTF-8"?>
<kml xmlns="http://www.opengis.net/kml/2.2">
<Document>
<name>吉林省_全省轮廓</name>
<Placemark><name>吉林省_全省轮廓</name><Polygon><outerBoundaryIs><LinearRing><coordinates>126.539743999999999,41.494059999999998,0 126.549227999999999,41.490119,0 126.530066000000005,41.476947000000003,0 126.523775999999998,41.459997999999999,0 126.508679000000001,41.439777999999997,0 126.497355999999996,41.406703,0 126.506066000000004,41.386747999999997,0 126.536259999999999,41.369438000000002,0 126.538872999999995,41.362727,0 126.533163000000002,41.354548999999999,0 126.517582000000004,41.348399999999998,0 126.482838999999998,41.34778,0 126.482935999999995,41.354097000000003,0 126.502195,41.355677,0 126.514679000000001,41.361542999999998,0 126.513614000000004,41.371524999999998,0 126.493678000000003,41.374682,0 126.481097000000005,41.371243,0 126.461549000000005,41.360753000000003,0 126.439580000000007,41.354886999999998,0 126.434353999999999,41.346086999999997,0 126.435998999999995,41.335254999999997,0 126.432225000000003,41.332377000000001,0 126.417321999999999,41.333956999999998,0 126.409385999999998,41.328032999999998,0 126.402514999999994,41.312230999999997,0 126.393611000000007,41.301957000000002,0 126.374448999999998,41.289876,0 126.366900999999999,41.282592000000001,0 126.360513999999995,41.264237000000001,0 126.360416999999998,41.252544,0 126.354416999999998,41.244633999999998,0 126.328674000000007,41.235253999999998,0 126.321028999999996,41.228811999999998,0 126.315028999999996,41.217790999999998,0 126.308835000000002,41.193311000000001,0 126.289770000000004,41.190936000000001,0 126.295188999999993,41.173121000000002,0 126.286479,41.163108999999999,0 126.272447,41.156773000000001,0 126.253769000000005,41.153207999999999,0 126.234317000000004,41.144551,0 126.228994,41.131307999999997,0 126.212638999999996,41.126893000000003,0 126.187864000000005,41.115968000000002,0 126.185637999999997,41.106966,0 126.164249999999996,41.093093000000003,0 126.146444000000002,41.090600999999999,0 126.130088000000001,41.093488999999998,0 126.122056000000001,41.089920999999997,0 126.113829999999993,41.077176999999999,0 126.116248999999996,41.071455999999998,0 126.133863000000005,41.063808000000002,0 126.134540000000001,41.058878,0 126.126604,41.045732000000001,0 126.117023000000003,41.040064000000001,0 126.105410000000006,41.040743999999997,0 126.098539000000002,41.033036000000003,0 126.108410000000006,41.006672999999999,0 126.096991000000003,41.005482000000001,0 126.085764999999995,41.008600999999999,0 126.069119000000001,41.001114999999999,0 126.067763999999997,40.989885999999998,0 126.082280999999995,40.976157999999998,0 126.073183999999998,40.969462999999998,0 126.060990000000004,40.967477000000002,0 126.052086000000003,40.961803000000003,0 126.052860999999993,40.947842000000001,0 126.039602000000002,40.940918000000003,0 126.041150999999999,40.928429000000001,0 126.031473000000005,40.927292999999999,0 126.021989000000005,40.933821999999999,0 126.006698,40.936205999999999,0 125.986568000000005,40.925930000000001,0 125.977858999999995,40.916789000000001,0 125.977665000000002,40.909350000000003,0 125.988309999999998,40.909066000000003,0 126.006794999999997,40.916732000000003,0 126.019762999999998,40.911904999999997,0 126.027505000000005,40.901910000000001,0 125.996826999999996,40.895775999999998,0 125.980954999999994,40.903727000000003,0 125.973309999999998,40.904125000000001,0 125.963922999999994,40.892480999999997,0 125.967020000000005,40.886800999999998,0 125.957632000000004,40.88129,0 125.939729,40.878847,0 125.923469999999995,40.881801000000003,0 125.913115000000005,40.889982000000003,0 125.913115000000005,40.896797999999997,0 125.920083000000005,40.909292999999998,0 125.911179000000004,40.910598999999998,0 125.906436999999997,40.903444,0 125.896663000000004,40.899580999999998,0 125.878082000000006,40.909179999999999,0 125.871307000000002,40.905828999999997,0 125.858532999999994,40.886800999999998,0 125.821758000000003,40.868504999999999,0 125.812758000000002,40.866346,0 125.802982999999998,40.884470999999998,0 125.781692000000007,40.897024999999999,0 125.771626999999995,40.895888999999997,0 125.757208000000006,40.883051000000002,0 125.742013999999998,40.874642000000001,0 125.726625999999996,40.874585000000003,0 125.707755000000006,40.867595999999999,0 125.705625999999995,40.874243999999997,0 125.692851000000005,40.891800000000003,0 125.683172999999996,40.901172000000003,0 125.666140999999996,40.907986999999999,0 125.655399000000003,40.915937,0 125.647172999999995,40.908270999999999,0 125.625398000000004,40.906908000000001,0 125.610881000000006,40.902535,0 125.587461000000005,40.892083999999997,0 125.576913000000005,40.898957000000003,0 125.590461000000005,40.918436,0 125.589397000000005,40.931097000000001,0 125.614462000000003,40.942053000000001,0 125.634011000000001,40.941485,0 125.644463000000002,40.949998999999998,0 125.642818000000005,40.955219999999997,0 125.650366000000005,40.970711000000001,0 125.666431000000003,40.977972999999999,0 125.67398,40.974398999999998,0 125.683948000000001,40.986311999999998,0 125.679108999999997,40.998052999999999,0 125.682883000000004,41.016936000000001,0 125.687819000000005,41.025326,0 125.706303000000005,41.033489000000003,0 125.715496999999999,41.046695,0 125.726433,41.055252000000003,0 125.732433,41.076214,0 125.739206999999993,41.089582,0 125.731368000000003,41.094509000000002,0 125.712689999999995,41.095641000000001,0 125.713560999999999,41.104984000000002,0 125.724787000000006,41.118346000000003,0 125.735239000000007,41.125931000000001,0 125.747820000000004,41.124799000000003,0 125.756821000000002,41.129553999999999,0 125.767272000000006,41.150266000000002,0 125.791079999999994,41.166277000000001,0 125.783143999999993,41.172046999999999,0 125.759821000000002,41.172781999999998,0 125.738238999999993,41.178607999999997,0 125.735239000000007,41.193255000000001,0 125.748885000000001,41.220108000000003,0 125.757981999999998,41.231864000000002,0 125.749561999999997,41.245482000000003,0 125.719465,41.243729999999999,0 125.712787000000006,41.248420000000003,0 125.694496000000001,41.244520999999999,0 125.691592999999997,41.258023000000001,0 125.684624999999997,41.274177000000002,0 125.675431000000003,41.277622000000001,0 125.664883000000003,41.268529999999998,0 125.646591999999998,41.264688999999997,0 125.638655999999997,41.283946999999998,0 125.642236999999994,41.295972999999996,0 125.620075,41.318325999999999,0 125.631300999999993,41.322164000000001,0 125.639236999999994,41.331417999999999,0 125.637204999999994,41.344450999999999,0 125.621043,41.361148,0 125.610397000000006,41.365039000000003,0 125.589590000000001,41.359456000000002,0 125.579234999999997,41.367407999999998,0 125.579815999999994,41.374794999999999,0 125.587461000000005,41.381335999999997,0 125.577977000000004,41.397741000000003,0 125.557848000000007,41.397798000000002,0 125.548460000000006,41.400841,0 125.552717999999999,41.409407999999999,0 125.547009000000003,41.418875999999997,0 125.540041000000002,41.419947000000001,0 125.534330999999995,41.428849,0 125.540233999999998,41.436455000000002,0 125.535492000000005,41.447101000000004,0 125.540912000000006,41.458703,0 125.539169999999999,41.469740000000002,0 125.533460000000005,41.478692000000002,0 125.516426999999993,41.478636000000002,0 125.517878999999994,41.489162999999998,0 125.505878999999993,41.503346000000001,0 125.495136000000002,41.507398000000002,0 125.495523000000006,41.522252000000002,0 125.504524000000004,41.524783999999997,0 125.506361999999996,41.534571999999997,0 125.492523000000006,41.536653000000001,0 125.477232999999998,41.548127000000001,0 125.476845999999995,41.560048000000002,0 125.462523000000004,41.568368999999997,0 125.464071000000004,41.580455000000001,0 125.454490000000007,41.588886000000002,0 125.450038000000006,41.598720999999998,0 125.453716,41.620463999999998,0 125.468136000000001,41.632764999999999,0 125.470748999999998,41.638717999999997,0 125.459039000000004,41.643379000000003,0 125.452264,41.658315000000002,0 125.456328999999997,41.662019999999998,0 125.446360999999996,41.675772000000002,0 125.432231000000002,41.674706,0 125.411811999999998,41.691429999999997,0 125.376101000000006,41.686211,0 125.363422999999997,41.677568000000001,0 125.350746000000001,41.678747000000001,0 125.344261000000003,41.672516999999999,0 125.329938999999996,41.674145000000003,0 125.325293000000002,41.670216000000003,0 125.316969999999998,41.677287999999997,0 125.326066999999995,41.697209000000001,0 125.325584000000006,41.702706999999997,0 125.334584000000007,41.717404999999999,0 125.331293000000002,41.729463000000003,0 125.338552000000007,41.741686999999999,0 125.33381,41.746957000000002,0 125.334970999999996,41.755814999999998,0 125.346390999999997,41.761980999999999,0 125.335357999999999,41.769772000000003,0 125.320261000000002,41.772013000000001,0 125.317745000000002,41.792858000000003,0 125.306228000000004,41.801149000000002,0 125.294712000000004,41.823272000000003,0 125.291712000000004,41.852103999999997,0 125.299164000000005,41.857140999999999,0 125.300905999999998,41.867719000000001,0 125.295582999999993,41.879916000000001,0 125.296357,41.887301000000001,0 125.303905999999998,41.895691999999997,0 125.303809000000001,41.912078000000001,0 125.307582999999994,41.924492000000001,0 125.334486999999996,41.929690999999998,0 125.351617000000005,41.928181000000002,0 125.345713000000003,41.939697000000002,0 125.332454999999996,41.940646999999998,0 125.317261000000002,41.945230000000002,0 125.309228000000004,41.955345999999999,0 125.291905,41.95881,0 125.298293000000001,41.974119000000002,0 125.317550999999995,41.977136000000002,0 125.322873999999999,41.983336999999999,0 125.336034999999995,41.987247000000004,0 125.341745000000003,42.000202999999999,0 125.353067999999993,41.998528,0 125.369906999999998,42.002828000000001,0 125.363326000000001,42.016841999999997,0 125.379585000000006,42.032305000000001,0 125.401650000000004,42.050051000000003,0 125.408520999999993,42.062159000000001,0 125.415488999999994,42.063721000000001,0 125.423811999999998,42.078223999999999,0 125.421875999999997,42.089489,0 125.416167000000002,42.091273000000001,0 125.412102000000004,42.100696999999997,0 125.434940999999995,42.102536000000001,0 125.445295999999999,42.098466000000002,0 125.45478,42.102927000000001,0 125.456135000000003,42.113518999999997,0 125.465232,42.111958000000001,0 125.466296999999997,42.117252999999998,0 125.477620000000002,42.120987999999997,0 125.477328999999997,42.126170999999999,0 125.489909999999995,42.136257999999998,0 125.475007000000005,42.14573,0 125.462039000000004,42.159435000000002,0 125.444716,42.152192999999997,0 125.418488999999994,42.154699999999998,0 125.406586000000004,42.158655000000003,0 125.397875999999997,42.166508,0 125.388875999999996,42.168792000000003,0 125.384326999999999,42.177256999999997,0 125.368842999999998,42.182769999999998,0 125.353842,42.178871999999998,0 125.356938999999997,42.167177000000002,0 125.352778000000001,42.152861000000001,0 125.357713000000004,42.146120000000003,0 125.345132000000007,42.143166999999998,0 125.336422999999996,42.145674,0 125.330616000000006,42.141829999999999,0 125.318712000000005,42.142052999999997,0 125.305937999999998,42.146287000000001,0 125.307873000000001,42.159100000000002,0 125.314261000000002,42.164391999999999,0 125.310389999999998,42.170797,0 125.312034999999995,42.185220000000001,0 125.317550999999995,42.195241000000003,0 125.312905999999998,42.197356999999997,0 125.297130999999993,42.174639999999997,0 125.284260000000003,42.175697999999997,0 125.293066999999994,42.194127999999999,0 125.307582999999994,42.202311000000002,0 125.306712000000005,42.209881000000003,0 125.296646999999993,42.208489999999998,0 125.312614999999994,42.220066000000003,0 125.275647000000006,42.231361999999997,0 125.283969999999997,42.235256,0 125.289001999999996,42.247439,0 125.287065999999996,42.254725999999998,0 125.275936999999999,42.266737999999997,0 125.285033999999996,42.273021999999997,0 125.299260000000004,42.289478000000003,0 125.278647000000007,42.296703999999998,0 125.274968999999999,42.303429000000001,0 125.264904999999999,42.306874999999998,0 125.262872000000002,42.313097999999997,0 125.253872000000001,42.307707999999998,0 125.242161999999993,42.312654000000002,0 125.212742000000006,42.300483,0 125.181870000000004,42.308264000000001,0 125.175386000000003,42.308320000000002,0 125.173838000000003,42.319654999999997,0 125.181967,42.328322,0 125.176451,42.337876999999999,0 125.177127999999996,42.346041,0 125.167546999999999,42.351984000000002,0 125.185935000000001,42.361089999999997,0 125.193290000000005,42.360090999999997,0 125.203451000000001,42.366864999999997,0 125.199290000000005,42.377468,0 125.186322000000004,42.381520000000002,0 125.185935000000001,42.391399999999997,0 125.192708999999994,42.396338999999998,0 125.197547999999998,42.407825000000003,0 125.186611999999997,42.415148000000002,0 125.186127999999997,42.427850999999997,0 125.180902000000003,42.432788000000002,0 125.159707999999995,42.437944999999999,0 125.140062999999998,42.445985999999998,0 125.149255999999994,42.451918999999997,0 125.149643999999995,42.459403000000002,0 125.136482000000001,42.471266,0 125.107641999999998,42.479523999999998,0 125.105029000000002,42.490828999999998,0 125.085286999999994,42.500857000000003,0 125.069125,42.499637999999997,0 125.081125999999998,42.513320999999998,0 125.090706999999995,42.515537000000002,0 125.067093,42.536026999999997,0 125.076964000000004,42.539681000000002,0 125.075802999999993,42.548538999999998,0 125.081900000000005,42.563594999999999,0 125.089641999999998,42.568078,0 125.086738999999994,42.586005999999998,0 125.081609,42.588771999999999,0 125.095545000000001,42.599781,0 125.089932000000005,42.607469000000002,0 125.099609999999998,42.613221000000003,0 125.097384000000005,42.622067999999999,0 125.086254999999994,42.625773000000002,0 125.072221999999996,42.625165000000003,0 125.064093,42.620741000000002,0 125.055092999999999,42.624059000000003,0 125.038447000000005,42.615433000000003,0 125.028768999999997,42.617699999999999,0 125.028576000000001,42.623007999999999,0 125.011059000000003,42.632019999999997,0 125.019672,42.653632999999999,0 125.012800999999996,42.660209000000002,0 125.014349999999993,42.666122000000001,0 124.996155999999999,42.670321000000001,0 124.996446000000006,42.675238,0 124.984639000000001,42.677005999999999,0 124.974187000000001,42.673028000000002,0 124.965090000000004,42.677999999999997,0 124.985896999999994,42.686672999999999,0 124.989091000000002,42.697056000000003,0 124.978735999999998,42.709812999999997,0 124.977187000000001,42.716493,0 124.968090000000004,42.722620999999997,0 124.978928999999994,42.729080000000003,0 124.986091000000002,42.726982,0 124.996446000000006,42.745305999999999,0 124.988414000000006,42.751707000000003,0 124.979510000000005,42.753252000000003,0 124.982799999999997,42.760810999999997,0 124.992671999999999,42.765830999999999,0 124.987543000000002,42.780558999999997,0 124.979799999999997,42.781717,0 124.975058000000004,42.802670999999997,0 124.955606000000003,42.807357000000003,0 124.949606000000003,42.806310000000003,0 124.930057000000005,42.819540000000003,0 124.915927999999994,42.817776000000002,0 124.914959999999994,42.803883999999996,0 124.906734,42.793573000000002,0 124.897734,42.788004000000001,0 124.887765999999999,42.790816,0 124.873926999999995,42.790154999999999,0 124.867249000000001,42.807467000000003,0 124.857088000000005,42.823839,0 124.859604000000004,42.832050000000002,0 124.854474999999994,42.860258000000002,0 124.856604000000004,42.866647,0 124.850797,42.871549000000002,0 124.849249,42.881571000000001,0 124.856506999999993,42.886251000000001,0 124.850797,42.892142,0 124.859022999999993,42.904032999999998,0 124.861925999999997,42.917130999999998,0 124.866668000000004,42.918562000000001,0 124.869088000000005,42.937323999999997,0 124.864925999999997,42.939414999999997,0 124.869572000000005,42.954870999999997,0 124.867538999999994,42.961689999999997,0 124.874701000000002,42.969169000000001,0 124.868701000000001,42.972907999999997,0 124.869572000000005,42.988079999999997,0 124.860570999999993,42.992423000000002,0 124.861925999999997,43.002535000000002,0 124.856022999999993,43.013910000000003,0 124.840828999999999,43.026710000000001,0 124.844409999999996,43.035170000000001,0 124.861733000000001,43.034070999999997,0 124.857474999999994,43.040058000000002,0 124.858249000000001,43.050986000000002,0 124.869281000000001,43.054994000000001,0 124.877313999999998,43.068005999999997,0 124.887474999999995,43.073770000000003,0 124.883410999999995,43.094735,0 124.879345999999998,43.100276000000001,0 124.881861999999998,43.110864999999997,0 124.893765999999999,43.117941000000002,0 124.895024000000006,43.131158999999997,0 124.891345999999999,43.132914,0 124.881281999999999,43.133352000000002,0 124.873345999999998,43.125948999999999,0 124.858345999999997,43.119532,0 124.841893999999996,43.126990999999997,0 124.822635000000005,43.124412999999997,0 124.819537999999994,43.119861,0 124.807924999999997,43.117502000000002,0 124.801151000000004,43.122878,0 124.786536999999996,43.117776999999997,0 124.785375999999999,43.106530999999997,0 124.778215000000003,43.098246000000003,0 124.758568999999994,43.086283999999999,0 124.754891000000001,43.073824999999999,0 124.738632999999993,43.068171,0 124.718213000000006,43.069873000000001,0 124.695082999999997,43.057245999999999,0 124.686179999999993,43.050437000000002,0 124.674373000000003,43.026546000000003,0 124.678244000000007,43.013359999999999,0 124.677760000000006,43.002699999999997,0 124.671178999999995,42.990113999999998,0 124.660728000000006,42.984122999999997,0 124.659373000000002,42.972907999999997,0 124.644276000000005,42.976425999999996,0 124.635274999999993,42.973016999999999,0 124.633629999999997,42.958390999999999,0 124.639340000000004,42.956356,0 124.632081999999997,42.949866,0 124.622985,42.949041000000001,0 124.622693999999996,42.941944999999997,0 124.608177999999995,42.937764999999999,0 124.602661999999995,42.931272999999997,0 124.602757999999994,42.922139000000001,0 124.578371000000004,42.899794,0 124.563176999999996,42.889004,0 124.553499000000002,42.889940000000003,0 124.541788999999994,42.883938999999998,0 124.538499000000002,42.867088000000003,0 124.531239999999997,42.872045,0 124.514691999999997,42.873641999999997,0 124.501530000000002,42.865105,0 124.480142000000001,42.858550999999999,0 124.466302999999996,42.846100999999997,0 124.472594000000001,42.827531,0 124.465916000000007,42.822681000000003,0 124.451786999999996,42.826649000000003,0 124.454689999999999,42.852491000000001,0 124.446657999999999,42.865160000000003,0 124.437561000000002,42.868079000000002,0 124.440850999999995,42.876339999999999,0 124.434560000000005,42.880854999999997,0 124.426817999999997,42.874523000000003,0 124.415495000000007,42.879258999999998,0 124.371752000000001,42.880966000000001,0 124.366332999999997,42.902490999999998,0 124.381043000000005,42.912838999999998,0 124.388495000000006,42.910142,0 124.398463000000007,42.919772999999999,0 124.413560000000004,42.921973999999999,0 124.414817999999997,42.926431000000001,0 124.431946999999994,42.930833,0 124.442109000000002,42.941395,0 124.442302999999995,42.958666000000001,0 124.428753999999998,42.967298999999997,0 124.423141000000001,42.975492000000003,0 124.415205,42.976700999999998,0 124.402333999999996,42.970982999999997,0 124.384429999999995,42.970708000000002,0 124.360816999999997,42.975876,0 124.347655000000003,42.988354999999999,0 124.333428999999995,42.997368999999999,0 124.340590000000006,43.004843000000001,0 124.369816999999998,43.025502000000003,0 124.425946999999994,43.076295000000002,0 124.420430999999994,43.081619000000003,0 124.396817999999996,43.09254,0 124.365848999999997,43.121397000000002,0 124.340590000000006,43.128636,0 124.328590000000005,43.143551000000002,0 124.308943999999997,43.155064000000003,0 124.303040999999993,43.148868999999998,0 124.292491999999996,43.154297,0 124.300524999999993,43.158518000000001,0 124.283975999999996,43.166027,0 124.273814000000002,43.178741000000002,0 124.282137000000006,43.188986999999997,0 124.277589000000006,43.196164000000003,0 124.287653000000006,43.206899999999997,0 124.280685000000005,43.216265,0 124.282910999999999,43.220590999999999,0 124.276330999999999,43.233404,0 124.268394999999998,43.230665999999999,0 124.253201000000004,43.237344999999998,0 124.243425999999999,43.233404,0 124.229781000000003,43.234827000000003,0 124.223102999999995,43.246431999999999,0 124.217102999999994,43.245829999999998,0 124.216522999999995,43.256120000000003,0 124.205780000000004,43.252397999999999,0 124.200166999999993,43.245829999999998,0 124.190101999999996,43.246487000000002,0 124.178393,43.242216999999997,0 124.172488999999999,43.249552000000001,0 124.168328000000002,43.244078000000002,0 124.157004999999998,43.251632000000001,0 124.151295000000005,43.249004999999997,0 124.132907000000003,43.255299000000001,0 124.127198000000007,43.247253000000001,0 124.114423000000002,43.247307999999997,0 124.117132999999995,43.263781000000002,0 124.111810000000006,43.269143,0 124.117230000000006,43.277295000000002,0 124.111423000000002,43.281179000000002,0 124.098647999999997,43.281125000000003,0 124.102712999999994,43.287689,0 124.098260999999994,43.292940000000002,0 124.066034999999999,43.292665999999997,0 124.043775999999994,43.288017000000004,0 124.033614999999998,43.281125000000003,0 124.001388000000006,43.304315000000003,0 123.993258999999995,43.308143000000001,0 123.969354999999993,43.333072000000001,0 123.964225999999996,43.340833000000003,0 123.946805999999995,43.350779000000003,0 123.922999000000004,43.36045,0 123.911579000000003,43.35821,0 123.896482000000006,43.361051000000003,0 123.901418000000007,43.379185999999997,0 123.892320999999995,43.390107999999998,0 123.865900999999994,43.395623000000001,0 123.863675000000001,43.400919000000002,0 123.853029000000006,43.405614999999997,0 123.849739,43.415658999999998,0 123.854867999999996,43.423681999999999,0 123.855642000000003,43.436779000000001,0 123.872287999999998,43.451346000000001,0 123.857578000000004,43.459145999999997,0 123.861158000000003,43.461764000000002,0 123.849254999999999,43.470109000000001,0 123.845770999999999,43.467491000000003,0 123.833479999999994,43.473543999999997,0 123.825931999999995,43.471527000000002,0 123.804544000000007,43.482432000000003,0 123.797865999999999,43.489573999999998,0 123.787028000000007,43.479815000000002,0 123.773962999999995,43.480305999999999,0 123.771349999999998,43.484012999999997,0 123.746285,43.471198999999999,0 123.753252000000003,43.464545999999999,0 123.751993999999996,43.454728000000003,0 123.743091000000007,43.441961999999997,0 123.749188000000004,43.439233999999999,0 123.734380999999999,43.427228999999997,0 123.709896000000001,43.416696000000002,0 123.703024999999997,43.402611999999998,0 123.705637999999993,43.396988,0 123.700219000000004,43.389288999999998,0 123.708928999999998,43.383774000000003,0 123.698573999999994,43.382517,0 123.704960999999997,43.377329000000003,0 123.703703000000004,43.370665000000002,0 123.608570999999998,43.366295000000001,0 123.584086999999997,43.377274,0 123.555925000000002,43.406433,0 123.545085999999998,43.415058000000002,0 123.532505,43.401519999999998,0 123.525149999999996,43.398572000000001,0 123.519632999999999,43.402448,0 123.500664999999998,43.426082999999998,0 123.487020000000001,43.445509000000001,0 123.442019000000002,43.437652,0 123.442695999999998,43.420571000000002,0 123.419856999999993,43.410091000000001,0 123.413953000000006,43.425919999999998,0 123.395469000000006,43.441799000000003,0 123.389469000000005,43.449382,0 123.389469000000005,43.457782999999999,0 123.375822999999997,43.476542999999999,0 123.364500000000007,43.483359,0 123.335370999999995,43.480851000000001,0 123.316014999999993,43.492027999999998,0 123.325498999999994,43.5062,0 123.329853999999997,43.519061000000001,0 123.306144000000003,43.535406000000002,0 123.304499000000007,43.550711,0 123.340500000000006,43.560841000000003,0 123.356662,43.567701,0 123.403210999999999,43.558826000000003,0 123.452470000000005,43.545701000000001,0 123.455954000000006,43.547987999999997,0 123.460890000000006,43.568572000000003,0 123.446663999999998,43.580930000000002,0 123.433986000000004,43.575595,0 123.421115,43.598238000000002,0 123.426243999999997,43.610807000000001,0 123.429147,43.603842999999998,0 123.441147999999998,43.598182999999999,0 123.458567000000002,43.593992999999998,0 123.467179999999999,43.585394000000001,0 123.473955000000004,43.590237999999999,0 123.496988000000002,43.590020000000003,0 123.510440000000003,43.592250999999997,0 123.513729999999995,43.604005999999998,0 123.507052999999999,43.611569000000003,0 123.513148999999999,43.614995999999998,0 123.511600999999999,43.626038999999999,0 123.535989000000001,43.631695999999998,0 123.533956000000003,43.645508999999997,0 123.537246999999994,43.649695999999999,0 123.529117999999997,43.659700000000001,0 123.527376000000004,43.669320999999997,0 123.518956000000003,43.681494999999998,0 123.525343000000007,43.695079999999997,0 123.518665999999996,43.701382000000002,0 123.520795000000007,43.706760000000003,0 123.509277999999995,43.716754000000002,0 123.499020000000002,43.730384000000001,0 123.490212999999997,43.729895999999997,0 123.482664999999997,43.737769,0 123.485568000000001,43.745586000000003,0 123.485568000000001,43.763334999999998,0 123.490212999999997,43.770226999999998,0 123.498245999999995,43.771149000000001,0 123.496891000000005,43.785581000000001,0 123.492439000000005,43.792687000000001,0 123.482277999999994,43.794749000000003,0 123.474923000000004,43.804510999999998,0 123.473955000000004,43.816006999999999,0 123.467084,43.816060999999998,0 123.462051000000002,43.822622000000003,0 123.462728999999996,43.836227999999998,0 123.466503000000003,43.839100999999999,0 123.468244999999996,43.853082999999998,0 123.461955000000003,43.859043,0 123.463696999999996,43.864623999999999,0 123.453147999999999,43.878221000000003,0 123.444051000000002,43.877246,0 123.438438000000005,43.894793,0 123.439986000000005,43.897880000000001,0 123.429340999999994,43.917586,0 123.428275999999997,43.927382000000001,0 123.415115,43.928789000000002,0 123.412405000000007,43.938096999999999,0 123.404469000000006,43.939179000000003,0 123.397017000000005,43.954760999999998,0 123.382501000000005,43.952109999999998,0 123.374951999999993,43.965902999999997,0 123.381435999999994,43.974826999999998,0 123.400887999999995,43.979261000000001,0 123.369822999999997,44.004724000000003,0 123.365758999999997,44.013966000000003,0 123.332370999999995,44.028339000000003,0 123.326273999999998,44.045679,0 123.320757,44.052053000000001,0 123.331209000000001,44.055670999999997,0 123.332853999999998,44.066957000000002,0 123.328498999999994,44.070951999999998,0 123.328402999999994,44.083854000000002,0 123.350661000000002,44.092652000000001,0 123.348434999999995,44.097023,0 123.354241999999999,44.106681999999999,0 123.362468000000007,44.133600000000001,0 123.384533000000005,44.141744000000003,0 123.382306999999997,44.150910000000003,0 123.386371999999994,44.161853999999998,0 123.323661000000001,44.179802000000002,0 123.316693000000001,44.189878999999998,0 123.299757,44.195213000000003,0 123.293079000000006,44.214174,0 123.286692000000002,44.214874000000002,0 123.277111000000005,44.252563000000002,0 123.240819999999999,44.295068000000001,0 123.196979999999996,44.345011999999997,0 123.173754000000002,44.345227000000001,0 123.169494999999998,44.350439999999999,0 123.148688000000007,44.361615,0 123.123429999999999,44.364300999999998,0 123.128365000000002,44.366880000000002,0 123.114525999999998,44.402484999999999,0 123.136204000000006,44.406027999999999,0 123.142107999999993,44.428140999999997,0 123.124106999999995,44.457970000000003,0 123.137074999999996,44.461830999999997,0 123.125945999999999,44.477007,0 123.136785000000003,44.485638999999999,0 123.136106999999996,44.502415999999997,0 123.125461999999999,44.509276,0 123.111525999999998,44.509704999999997,0 123.083557999999996,44.506329000000001,0 123.067105999999995,44.506168000000002,0 123.040201999999994,44.499093000000002,0 123.024911000000003,44.492983000000002,0 122.950779999999995,44.449173000000002,0 122.940909000000005,44.445417999999997,0 122.920198999999997,44.431199999999997,0 122.856132000000002,44.398296999999999,0 122.777066000000005,44.375957999999997,0 122.760614000000004,44.369726999999997,0 122.726645000000005,44.342002999999998,0 122.703128000000007,44.318942999999997,0 122.691709000000003,44.303296000000003,0 122.690064000000007,44.296843000000003,0 122.675546999999995,44.285761999999998,0 122.642837,44.283611000000001,0 122.597351000000003,44.272528000000001,0 122.559318000000005,44.260204999999999,0 122.512865000000005,44.250247999999999,0 122.482670999999996,44.236897999999997,0 122.367023000000003,44.235928999999999,0 122.319408999999993,44.232914000000001,0 122.311957000000007,44.234636999999999,0 122.271407999999994,44.255684000000002,0 122.265890999999996,44.267254999999999,0 122.274214000000001,44.273819000000003,0 122.291634000000002,44.310287000000002,0 122.294439999999994,44.410913000000001,0 122.286118000000002,44.477758000000001,0 122.272666000000001,44.473467999999997,0 122.258826999999997,44.476148999999999,0 122.244890999999996,44.475720000000003,0 122.228148000000004,44.480170000000001,0 122.214696000000004,44.493732999999999,0 122.222632000000004,44.497753000000003,0 122.226309999999998,44.518439000000001,0 122.224084000000005,44.526206999999999,0 122.208116000000004,44.540669999999999,0 122.202793,44.554647000000003,0 122.196017999999995,44.559840999999999,0 122.163404999999997,44.567979000000001,0 122.131662000000006,44.577506999999997,0 122.138339999999999,44.588158,0 122.131951999999998,44.603675000000003,0 122.113467999999997,44.615443999999997,0 122.103015999999997,44.673985999999999,0 122.115596999999994,44.688625999999999,0 122.117435999999998,44.702140999999997,0 122.131080999999995,44.710365000000003,0 122.148887999999999,44.715919,0 122.161372,44.728251999999998,0 122.152468999999996,44.743839000000001,0 122.116274000000004,44.739835999999997,0 122.102726000000004,44.736260000000001,0 122.098855,44.744799999999998,0 122.110660999999993,44.767797999999999,0 122.127403999999999,44.757767000000001,0 122.142695000000003,44.753712,0 122.153824,44.763796999999997,0 122.169115000000005,44.770251999999999,0 122.157404999999997,44.777346999999999,0 122.115015999999997,44.776600000000002,0 122.099919,44.782361000000002,0 122.092371,44.799531999999999,0 122.100112999999993,44.809075999999997,0 122.098177000000007,44.818778000000002,0 122.089371,44.833274000000003,0 122.082595999999995,44.839562000000001,0 122.084434999999999,44.851602999999997,0 122.074854000000002,44.860605,0 122.070498999999998,44.882066999999999,0 122.056273000000004,44.882812000000001,0 122.05395,44.896973000000003,0 122.04495,44.899475000000002,0 122.049594999999997,44.912832999999999,0 122.063725000000005,44.911929000000001,0 122.079111999999995,44.914217000000001,0 122.086758000000003,44.952944000000002,0 122.074563999999995,45.006628999999997,0 122.098951,45.021555999999997,0 122.108242000000004,45.049912999999997,0 122.119467999999998,45.068596999999997,0 122.118694000000005,45.099899999999998,0 122.109887000000001,45.142052999999997,0 122.126823000000002,45.159064000000001,0 122.143275000000003,45.183010000000003,0 122.192631000000006,45.180678999999998,0 122.216437999999997,45.193919000000001,0 122.230084000000005,45.206839000000002,0 122.241793999999999,45.247748999999999,0 122.238502999999994,45.263247999999997,0 122.238986999999995,45.276310000000002,0 122.187696000000003,45.286250000000003,0 122.147243000000003,45.295606999999997,0 122.144048999999995,45.322454,0 122.143662000000006,45.354410000000001,0 122.146856,45.374524999999998,0 122.179856999999998,45.409564000000003,0 122.168727000000004,45.430135,0 122.164565999999994,45.443263999999999,0 122.157211000000004,45.446269000000001,0 122.121210000000005,45.453437999999998,0 122.086370000000002,45.466720000000002,0 122.063338000000002,45.472938999999997,0 122.033434,45.487428000000001,0 122.023465999999999,45.490220000000001,0 122.002465000000001,45.507863999999998,0 122.003336000000004,45.524344999999997,0 121.993852000000004,45.539821000000003,0 121.993368000000004,45.552872000000001,0 121.972560999999999,45.568970999999998,0 121.966464000000002,45.596161000000002,0 121.979819000000006,45.595635999999999,0 121.996077999999997,45.598948,0 121.995497,45.605257000000002,0 122.003336000000004,45.623286,0 122.000045999999998,45.633794999999999,0 121.994045,45.637630999999999,0 121.970141999999996,45.692771,0 121.944785999999993,45.714129999999997,0 121.933947000000003,45.710614,0 121.899203999999997,45.718012000000002,0 121.894171999999998,45.713605000000001,0 121.867074000000002,45.719743999999999,0 121.852558000000002,45.717855,0 121.812298999999996,45.704790000000003,0 121.808525000000003,45.693925999999998,0 121.811330999999996,45.686945000000001,0 121.782105000000001,45.693767999999999,0 121.756845999999996,45.690724000000003,0 121.733039000000005,45.699437000000003,0 121.714070000000007,45.701797999999997,0 121.688908999999995,45.712660999999997,0 121.670520999999994,45.723363999999997,0 121.664520999999993,45.729711000000002,0 121.669263000000001,45.739151999999997,0 121.648842999999999,45.747332999999998,0 121.644390999999999,45.752471,0 121.656971999999996,45.770190999999997,0 121.675456999999994,45.769457000000003,0 121.688231000000002,45.763218999999999,0 121.722489999999993,45.785336999999998,0 121.740393999999995,45.786751000000002,0 121.741652000000002,45.791885999999998,0 121.754232999999999,45.794873000000003,0 121.751039000000006,45.804983999999997,0 121.757620000000003,45.818967999999998,0 121.767685,45.819282999999999,0 121.772910999999993,45.826666000000003,0 121.764201,45.831431000000002,0 121.769910999999993,45.843524000000002,0 121.778910999999994,45.848391999999997,0 121.785976000000005,45.860847999999997,0 121.804073000000002,45.873145000000001,0 121.817138,45.875604000000003,0 121.808717999999999,45.887791999999997,0 121.805717999999999,45.900604999999999,0 121.821395999999993,45.918382000000001,0 121.818105000000003,45.927790999999999,0 121.807557000000003,45.932600000000001,0 121.811041000000003,45.937564000000002,0 121.803781999999998,45.942058000000003,0 121.811525000000003,45.94744,0 121.806394999999995,45.957000999999998,0 121.809298999999996,45.961545999999998,0 121.783845999999997,45.986561000000002,0 121.767685,45.984681000000002,0 121.759072000000003,45.993608999999999,0 121.764588000000003,46.000655999999999,0 121.785394999999994,46.003266000000004,0 121.786556000000004,46.011043000000001,0 121.796814999999995,46.010626000000002,0 121.814621000000002,46.021479999999997,0 121.812878999999995,46.025863000000001,0 121.823912000000007,46.023097,0 121.842977000000005,46.024453999999999,0 121.848009000000005,46.014904999999999,0 121.858847999999995,46.010260000000002,0 121.864074000000002,46.002431000000001,0 121.893784999999994,46.002274999999997,0 121.894752999999994,46.008225000000003,0 121.923591999999999,46.004883999999997,0 121.922915000000003,45.997159000000003,0 121.928044,45.988335999999997,0 121.944399000000004,45.989328,0 121.962108999999998,45.986351999999997,0 121.961335000000005,45.981077999999997,0 121.987949,45.971679000000002,0 121.994433000000001,45.982017999999997,0 122.004593999999997,45.984628999999998,0 122.006529999999998,45.966717000000003,0 122.016885000000002,45.961545999999998,0 122.039724000000007,45.959246999999998,0 122.043402,45.943260000000002,0 122.055207999999993,45.932965000000003,0 122.071177000000006,45.930613999999998,0 122.081338000000002,45.920943999999999,0 122.085306000000003,45.909913000000003,0 122.082402999999999,45.896473999999998,0 122.086950999999999,45.894644,0 122.091595999999996,45.881985999999998,0 122.101660999999993,45.881306000000002,0 122.115983999999997,45.873981999999998,0 122.138146000000006,45.873145000000001,0 122.147146000000006,45.864825000000003,0 122.155663000000004,45.866605,0 122.185663000000005,45.859279000000001,0 122.190308999999999,45.854621000000002,0 122.200953999999996,45.856870999999998,0 122.204825,45.850276999999998,0 122.216245000000001,45.845041999999999,0 122.219341999999997,45.830122000000003,0 122.236470999999995,45.831482999999999,0 122.243729000000002,45.825513999999998,0 122.245470999999995,45.810484000000002,0 122.255246,45.796759000000002,0 122.262698,45.794978,0 122.274601000000004,45.805245999999997,0 122.285634000000002,45.802207000000003,0 122.281858999999997,45.809331,0 122.301602000000003,45.812998,0 122.299086000000003,45.818286999999998,0 122.311957000000007,45.825985000000003,0 122.302957000000006,45.829912999999998,0 122.320859999999996,45.830435999999999,0 122.321247999999997,45.84431,0 122.335958000000005,45.849857999999998,0 122.337408999999994,45.859907,0 122.355215999999999,45.855195999999999,0 122.37312,45.856138999999999,0 122.368958000000006,45.862104000000002,0 122.362474000000006,45.887008000000002,0 122.360344999999995,45.903325000000002,0 122.362087000000002,45.917440999999997,0 122.374959000000004,45.920681999999999,0 122.445993000000001,45.916919,0 122.475413000000003,45.877538999999999,0 122.495833000000005,45.858232000000001,0 122.503285000000005,45.821114999999999,0 122.501735999999994,45.806136000000002,0 122.504349000000005,45.787747000000003,0 122.518285000000006,45.784708000000002,0 122.530769000000006,45.798278000000003,0 122.533382000000003,45.80556,0 122.544415000000001,45.815877999999998,0 122.556124999999994,45.821587000000001,0 122.566867000000002,45.814464000000001,0 122.567156999999995,45.806817000000002,0 122.603448,45.778104999999996,0 122.611577999999994,45.774908000000003,0 122.640611000000007,45.771134000000004,0 122.648837,45.745130000000003,0 122.649610999999993,45.732281,0 122.665289000000001,45.729973000000001,0 122.663644000000005,45.721212999999999,0 122.669062999999994,45.716596000000003,0 122.671481999999997,45.700643999999997,0 122.742033000000006,45.705157,0 122.748613000000006,45.712608000000003,0 122.746967999999995,45.720688000000003,0 122.761000999999993,45.722262000000001,0 122.751130000000003,45.736109999999996,0 122.771162000000004,45.746231000000002,0 122.774839999999998,45.753520000000002,0 122.792452999999995,45.766258999999998,0 122.789936999999995,45.774802999999999,0 122.771355999999997,45.801473999999999,0 122.772032999999993,45.806398000000002,0 122.752387999999996,45.834834000000001,0 122.766419999999997,45.845356000000002,0 122.772807999999998,45.856557000000002,0 122.800291999999999,45.856713999999997,0 122.817712,45.881253999999998,0 122.826712000000001,45.897990999999998,0 122.828551000000004,45.912266000000002,0 122.793131000000002,46.073217,0 122.956974000000002,46.090418,0 123.045815000000005,46.100057999999997,0 123.069912000000002,46.123551999999997,0 123.112397000000001,46.130062000000002,0 123.102913000000001,46.172020000000003,0 123.127688000000006,46.174674000000003,0 123.128461999999999,46.210462,0 123.144623999999993,46.229491000000003,0 123.178591999999995,46.248097000000001,0 123.211883999999998,46.262438000000003,0 123.223303000000001,46.270541000000001,0 123.248175000000003,46.273294,0 123.253594000000007,46.265346999999998,0 123.276240000000001,46.261347000000001,0 123.280304999999998,46.253917000000001,0 123.302176000000003,46.248305000000002,0 123.320080000000004,46.251423000000003,0 123.320661000000001,46.254592000000002,0 123.335950999999994,46.244304,0 123.347370999999995,46.245863,0 123.359370999999996,46.230322000000001,0 123.356178,46.228399000000003,0 123.373790999999997,46.222940000000001,0 123.386662000000001,46.227826999999998,0 123.394307999999995,46.244667,0 123.404759999999996,46.239626000000001,0 123.408823999999996,46.244095999999999,0 123.417631,46.24051,0 123.431470000000004,46.243836000000002,0 123.450727999999998,46.237028000000002,0 123.453147999999999,46.232557999999997,0 123.464760999999996,46.240146000000003,0 123.479374000000007,46.244252000000003,0 123.477923000000004,46.249603999999998,0 123.499891000000005,46.259528000000003,0 123.526408000000004,46.24924,0 123.531827000000007,46.241757,0 123.544601999999998,46.235053000000001,0 123.561925000000002,46.236404,0 123.569473000000002,46.223616,0 123.574216000000007,46.230218000000001,0 123.596667999999994,46.234065000000001,0 123.598894000000001,46.245134999999998,0 123.604990999999998,46.251787,0 123.631217000000007,46.253138,0 123.668186000000006,46.258488999999997,0 123.679604999999995,46.253656999999997,0 123.696832000000001,46.254384999999999,0 123.704187000000005,46.25797,0 123.725573999999995,46.255684000000002,0 123.744252000000003,46.264048000000003,0 123.756736000000004,46.259943999999997,0 123.787221000000002,46.267581,0 123.792446999999996,46.273398,0 123.805027999999993,46.276670000000003,0 123.804930999999996,46.283785000000002,0 123.824963999999994,46.285187999999998,0 123.849835999999996,46.302374,0 123.866675000000001,46.299517999999999,0 123.896287999999998,46.303620000000002,0 123.908288999999996,46.295209,0 123.902676,46.291003000000003,0 123.907902000000007,46.278488000000003,0 123.897450000000006,46.264567999999997,0 123.904223999999999,46.258800999999998,0 123.917579000000003,46.256827000000001,0 123.928224999999998,46.267685,0 123.929385999999994,46.279682999999999,0 123.934805999999995,46.285862999999999,0 123.958321999999995,46.289965000000002,0 123.966452000000004,46.277085999999997,0 123.962773999999996,46.269450999999997,0 123.952224999999999,46.259269000000003,0 123.956000000000003,46.244667,0 123.982322999999994,46.226424000000002,0 123.979709999999997,46.218677,0 123.965581,46.213633999999999,0 123.957064000000003,46.206873999999999,0 123.961613,46.194443,0 123.975257999999997,46.183934999999998,0 123.971968000000004,46.170302999999997,0 123.974289999999996,46.165514999999999,0 123.985517000000002,46.163744999999999,0 124.002065000000002,46.166815999999997,0 124.010969000000003,46.161715999999998,0 124.008936000000006,46.154896999999998,0 123.993838999999994,46.147297000000002,0 123.995290999999995,46.137821000000002,0 124.015904000000006,46.124177000000003,0 124.016678999999996,46.118603999999998,0 124.000613999999999,46.110008999999998,0 123.995677999999998,46.098754999999997,0 124.012613999999999,46.090470000000003,0 124.018226999999996,46.084319999999998,0 124.016774999999996,46.076658000000002,0 124.005356000000006,46.069046999999998,0 124.009904000000006,46.057524000000001,0 124.031291999999993,46.048918999999998,0 124.039710999999997,46.031131999999999,0 124.038357000000005,46.018036000000002,0 124.027807999999993,46.016314000000001,0 124.005356000000006,46.021375999999997,0 123.991420000000005,46.017409999999998,0 123.992774999999995,46.007911999999997,0 124.015129999999999,45.998463999999998,0 124.020066,45.989015000000002,0 124.012033000000002,45.982017999999997,0 123.977097000000001,45.975856,0 123.970322999999993,45.971103999999997,0 123.965676999999999,45.960709999999999,0 123.967516000000003,45.94117,0 123.971581,45.931919999999998,0 123.992774999999995,45.910330999999999,0 124.001872000000006,45.904423000000001,0 124.038259999999994,45.894016000000001,0 124.058195999999995,45.889623,0 124.068647999999996,45.868802000000002,0 124.071066999999999,45.845199000000001,0 124.064390000000003,45.839283999999999,0 124.047162999999998,45.840435999999997,0 124.036227999999994,45.838079999999998,0 124.034775999999994,45.826300000000003,0 124.042711999999995,45.815354999999997,0 124.064390000000003,45.802259999999997,0 124.062550999999999,45.796548999999999,0 124.049775999999994,45.794663,0 124.034678999999997,45.784917,0 124.009420000000006,45.781982999999997,0 124.001969000000003,45.770662000000002,0 124.014742999999996,45.749954000000002,0 124.019969000000003,45.747857000000003,0 124.033034000000001,45.750740999999998,0 124.054130999999998,45.751317999999998,0 124.082195999999996,45.736424999999997,0 124.089067999999997,45.727508,0 124.098067999999998,45.722472000000003,0 124.099519000000001,45.703004999999997,0 124.112003999999999,45.696812999999999,0 124.125456,45.695186,0 124.137843000000004,45.687207000000001,0 124.137456,45.679385000000003,0 124.121875000000003,45.669251000000003,0 124.128552999999997,45.665103000000002,0 124.144713999999993,45.665996,0 124.149359000000004,45.661583999999998,0 124.143068999999997,45.648347999999999,0 124.130197999999993,45.643619999999999,0 124.129714000000007,45.637577999999998,0 124.147229999999993,45.623075,0 124.167747000000006,45.615296999999998,0 124.187489999999997,45.615927999999997,0 124.212457999999998,45.630589999999998,0 124.226586999999995,45.633428000000002,0 124.236652000000007,45.623023000000003,0 124.225136000000006,45.608989000000001,0 124.227554999999995,45.598894999999999,0 124.234522999999996,45.593426999999998,0 124.245942999999997,45.591113999999997,0 124.254169000000005,45.593795,0 124.267621000000005,45.592112999999998,0 124.272846999999999,45.584014000000003,0 124.261233000000004,45.569234000000002,0 124.264621000000005,45.555081999999999,0 124.283686000000003,45.541294999999998,0 124.295395999999997,45.539189,0 124.34872,45.546925999999999,0 124.358688000000001,45.544820999999999,0 124.368945999999994,45.525765999999997,0 124.368848999999997,45.512920000000001,0 124.364784,45.505968000000003,0 124.352493999999993,45.496645999999998,0 124.356268,45.486795999999998,0 124.364396999999997,45.481895999999999,0 124.373784999999998,45.458551,0 124.383848999999998,45.448852000000002,0 124.398752999999999,45.440627999999997,0 124.413849999999996,45.43873,0 124.427496000000005,45.450434000000001,0 124.457013000000003,45.457813000000002,0 124.473851999999994,45.458708999999999,0 124.480722999999998,45.456232,0 124.496498000000003,45.435144000000001,0 124.507239999999996,45.42465,0 124.544207999999998,45.411937999999999,0 124.555047000000002,45.411991,0 124.579628999999997,45.424174999999998,0 124.583305999999993,45.432402000000003,0 124.574692999999996,45.443897,0 124.575467000000003,45.451118999999998,0 124.585144999999997,45.453806999999998,0 124.603048999999999,45.449115999999997,0 124.625210999999993,45.437252999999998,0 124.639242999999993,45.434564000000002,0 124.656760000000006,45.437781000000001,0 124.674469999999999,45.448694000000003,0 124.690438,45.452437000000003,0 124.722181000000006,45.443210999999998,0 124.729633000000007,45.444054999999999,0 124.760600999999994,45.468406999999999,0 124.775988999999996,45.468249,0 124.779956999999996,45.461134000000001,0 124.777247000000003,45.449907000000003,0 124.779086000000007,45.441366000000002,0 124.792924999999997,45.437041999999998,0 124.805408999999997,45.440680999999998,0 124.828635000000006,45.455177999999997,0 124.839860999999999,45.455705000000002,0 124.866281000000001,45.440627999999997,0 124.876249000000001,45.438307999999999,0 124.886410999999995,45.442684,0 124.890088000000006,45.456600999999999,0 124.883313999999999,45.478366000000001,0 124.884572000000006,45.495435000000001,0 124.898992000000007,45.505704999999999,0 124.908670000000001,45.519449000000002,0 124.908959999999993,45.533084000000002,0 124.914959999999994,45.539453000000002,0 124.931025000000005,45.538452999999997,0 124.939445000000006,45.529820000000001,0 124.941670000000002,45.509444000000002,0 124.945347999999996,45.502335000000002,0 124.961219,45.495224,0 124.983091000000002,45.492379999999997,0 125.025576000000001,45.493327999999998,0 125.030415000000005,45.489429999999999,0 125.035736999999997,45.459395000000001,0 125.043672999999998,45.445583999999997,0 125.049867000000006,45.4285,0 125.064383000000007,45.421906999999997,0 125.084221999999997,45.423172999999998,0 125.091093999999998,45.417740999999999,0 125.088673999999997,45.411042000000002,0 125.066125,45.399012999999997,0 125.069705999999996,45.384605999999998,0 125.091673999999998,45.382654000000002,0 125.113158999999996,45.389989,0 125.137642999999997,45.409616999999997,0 125.156998999999999,45.410831000000002,0 125.176546999999999,45.401069999999997,0 125.189419000000001,45.399329000000002,0 125.208871000000002,45.404131,0 125.225323000000003,45.41178,0 125.248936,45.417687999999998,0 125.276131000000007,45.416685999999999,0 125.289098999999993,45.406927000000003,0 125.301582999999994,45.401966999999999,0 125.308453999999998,45.409036999999998,0 125.306614999999994,45.417582000000003,0 125.317164000000005,45.422857,0 125.327616000000006,45.417054999999998,0 125.341358,45.400067999999997,0 125.347938999999997,45.395477,0 125.362262000000001,45.392681000000003,0 125.369906999999998,45.394843999999999,0 125.398553000000007,45.416843999999998,0 125.433683000000002,45.458708999999999,0 125.433490000000006,45.467247,0 125.424102000000005,45.474994000000002,0 125.425070000000005,45.485584000000003,0 125.442392999999996,45.484794000000001,0 125.466296999999997,45.488692,0 125.480425999999994,45.48648,0 125.489136000000002,45.471094000000001,0 125.497361999999995,45.469355,0 125.549814999999995,45.486373999999998,0 125.570042000000001,45.488849999999999,0 125.593170999999998,45.496962000000003,0 125.616687999999996,45.517974000000002,0 125.628300999999993,45.521976000000002,0 125.637300999999994,45.519922999999999,0 125.646882000000005,45.511023999999999,0 125.660043999999999,45.507074000000003,0 125.687916000000001,45.514024999999997,0 125.701948000000002,45.501807999999997,0 125.691689999999994,45.487743999999999,0 125.709787000000006,45.484372,0 125.711432000000002,45.477049000000001,0 125.699625999999995,45.472517000000003,0 125.698948000000001,45.464191,0 125.712400000000002,45.463084000000002,0 125.709012999999999,45.455705000000002,0 125.697108999999998,45.453966000000001,0 125.706689999999995,45.446005,0 125.703787000000005,45.437728,0 125.707173999999995,45.424227999999999,0 125.715980999999999,45.421748999999998,0 125.716755000000006,45.403180999999996,0 125.712400000000002,45.389409000000001,0 125.703496999999999,45.379539999999999,0 125.696335000000005,45.365445000000001,0 125.703205999999994,45.355730000000001,0 125.695753999999994,45.350712999999999,0 125.706787000000006,45.341366000000001,0 125.726239000000007,45.336506,0 125.719561999999996,45.323880000000003,0 125.731272000000004,45.322982000000003,0 125.742593999999997,45.309085000000003,0 125.748885000000001,45.307341000000001,0 125.753142999999994,45.297933,0 125.751885000000001,45.287255000000002,0 125.758272000000005,45.282708,0 125.759917000000002,45.290743999999997,0 125.774240000000006,45.29307,0 125.788757000000004,45.287360999999997,0 125.787789000000004,45.279218,0 125.805209000000005,45.269753000000001,0 125.814886999999999,45.267743000000003,0 125.812466999999998,45.249442000000002,0 125.823693000000006,45.238014,0 125.849628999999993,45.238965999999998,0 125.857178000000005,45.22907,0 125.869082000000006,45.227376999999997,0 125.871887999999998,45.221184000000001,0 125.888436999999996,45.221502000000001,0 125.890371999999999,45.214092000000001,0 125.903244000000001,45.209803999999998,0 125.911469999999994,45.197997000000001,0 125.919792999999999,45.196038000000001,0 125.957534999999993,45.201332999999998,0 125.970986999999994,45.191695000000003,0 125.985988000000006,45.195507999999997,0 125.993245999999999,45.189895,0 125.982213999999999,45.186982,0 125.987342999999996,45.175964999999998,0 125.996245999999999,45.179566999999999,0 125.996245999999999,45.163780000000003,0 126.013569000000004,45.165582000000001,0 126.022957000000005,45.162084999999998,0 126.029923999999994,45.169607999999997,0 126.050730999999999,45.170191000000003,0 126.059538000000003,45.165635000000002,0 126.067376999999993,45.166853000000003,0 126.085376999999994,45.162667999999996,0 126.095344999999995,45.147140999999998,0 126.114023000000003,45.142795,0 126.116248999999996,45.150585999999997,0 126.128540000000001,45.144226000000003,0 126.134249999999994,45.148254000000001,0 126.154281999999995,45.142688999999997,0 126.166088999999999,45.133519,0 126.169864000000004,45.134632000000003,0 126.170928000000004,45.146346000000001,0 126.182541000000001,45.144914999999997,0 126.192025000000001,45.155143000000002,0 126.193670999999995,45.148943000000003,0 126.206638999999996,45.152811999999997,0 126.217090999999996,45.146664000000001,0 126.225413000000003,45.153872,0 126.235671999999994,45.140197999999998,0 126.251639999999995,45.144544000000003,0 126.250866000000002,45.1526,0 126.262478999999999,45.152228999999998,0 126.258510999999999,45.163196999999997,0 126.264705000000006,45.168177999999997,0 126.285124999999994,45.162509,0 126.292188999999993,45.166004999999998,0 126.280770000000004,45.172310000000003,0 126.293447,45.180202000000001,0 126.289383000000001,45.190159000000001,0 126.297124999999994,45.192171999999999,0 126.304286000000005,45.178030999999997,0 126.316092999999995,45.181474000000001,0 126.323544999999996,45.179566999999999,0 126.338255000000004,45.192436999999998,0 126.346868000000001,45.185499,0 126.359836000000001,45.188040999999998,0 126.366029999999995,45.198526000000001,0 126.377643000000006,45.201385000000002,0 126.379772000000003,45.206097999999997,0 126.398933999999997,45.220179000000002,0 126.416257000000002,45.227111999999998,0 126.420225000000002,45.232616,0 126.432128000000006,45.234679999999997,0 126.439870999999997,45.223990000000001,0 126.452838999999997,45.224466,0 126.460483999999994,45.234574000000002,0 126.473935999999995,45.233674000000001,0 126.494743,45.238807000000001,0 126.497259,45.241928999999999,0 126.512839999999997,45.239865000000002,0 126.519518000000005,45.247908000000002,0 126.540034000000006,45.238860000000003,0 126.548743999999999,45.239970999999997,0 126.557454000000007,45.251134999999998,0 126.574680999999998,45.252298000000003,0 126.600325999999995,45.244256999999998,0 126.607875000000007,45.237696,0 126.622488000000004,45.235950000000003,0 126.630908000000005,45.225895000000001,0 126.644844000000006,45.225206999999997,0 126.640973000000002,45.213245000000001,0 126.649876000000006,45.211233,0 126.671360000000007,45.195455000000003,0 126.677650999999997,45.196514000000001,0 126.685779999999994,45.187669999999997,0 126.705426000000003,45.186292999999999,0 126.712586999999999,45.188358999999998,0 126.732232999999994,45.187193999999998,0 126.731651999999997,45.179090000000002,0 126.739298000000005,45.175753,0 126.758555999999999,45.177607000000002,0 126.772395000000003,45.165899000000003,0 126.787008999999998,45.159011999999997,0 126.788169999999994,45.143695999999998,0 126.792621999999994,45.135373999999999,0 126.802299000000005,45.139190999999997,0 126.812848000000002,45.136594000000002,0 126.822041999999996,45.146399000000002,0 126.832300000000004,45.144756000000001,0 126.832784000000004,45.136116000000001,0 126.838881000000001,45.132724000000003,0 126.856397000000001,45.145550999999998,0 126.872945999999999,45.137706999999999,0 126.888334,45.142530000000001,0 126.902754000000002,45.140410000000003,0 126.914754000000002,45.143537000000002,0 126.925206000000003,45.140833999999998,0 126.931787,45.130178999999998,0 126.944076999999993,45.138820000000003,0 126.958690000000004,45.137918999999997,0 126.964303999999998,45.133094999999997,0 126.957044999999994,45.12106,0 126.969528999999994,45.116923999999997,0 126.967207000000002,45.108544999999999,0 126.972819999999999,45.097512999999999,0 126.967012999999994,45.084356999999997,0 126.968562000000006,45.074486999999998,0 126.974948999999995,45.068914999999997,0 126.987432999999996,45.066315000000003,0 127.009111000000004,45.043754,0 127.018401999999995,45.024371000000002,0 127.035917999999995,45.016509999999997,0 127.036885999999996,45.008859999999999,0 127.050337999999996,45.003919000000003,0 127.038047000000006,44.996533999999997,0 127.057209,44.991804000000002,0 127.071532000000005,44.974530000000001,0 127.071241999999998,44.967832000000001,0 127.079273999999998,44.963206999999997,0 127.076468000000006,44.956826,0 127.086436000000006,44.958049000000003,0 127.093693999999999,44.944859999999998,0 127.085081000000002,44.944169000000002,0 127.088952000000006,44.929966,0 127.084597000000002,44.915706999999998,0 127.076661000000001,44.919485000000002,0 127.072597000000002,44.906925999999999,0 127.045885999999996,44.907139000000001,0 127.033208999999999,44.900433,0 127.021595000000005,44.89873,0 127.011143000000004,44.890425,0 127.001175000000003,44.870032000000002,0 127.003111000000004,44.854745999999999,0 126.994884999999996,44.847714000000003,0 126.993143000000003,44.835726000000001,0 126.98424,44.824961000000002,0 126.989368999999996,44.798732999999999,0 126.997208000000001,44.774520000000003,0 126.997981999999993,44.764490000000002,0 127.019563000000005,44.741917999999998,0 127.018885999999995,44.739888999999998,0 127.036401999999995,44.722433000000002,0 127.041144000000003,44.712234000000002,0 127.036499000000006,44.702835,0 127.035144000000003,44.68291,0 127.030692000000002,44.676284000000003,0 127.036499000000006,44.659610000000001,0 127.044725,44.650095,0 127.041144000000003,44.640686000000002,0 127.041435000000007,44.611753,0 127.033692000000002,44.608542999999997,0 127.028660000000002,44.597307999999998,0 127.041435000000007,44.591101000000002,0 127.045789999999997,44.571832999999998,0 127.050434999999993,44.566961999999997,0 127.060500000000005,44.570869999999999,0 127.077629000000002,44.587408000000003,0 127.089436000000006,44.593991000000003,0 127.088661999999999,44.606189999999998,0 127.094758999999996,44.615819000000002,0 127.117887999999994,44.615336999999997,0 127.126887999999994,44.609881000000001,0 127.138985000000005,44.607633999999997,0 127.142857000000006,44.614534999999997,0 127.152727999999996,44.616567000000003,0 127.181760999999995,44.643627000000002,0 127.211664999999996,44.648116999999999,0 127.2196,44.642449999999997,0 127.229472000000001,44.642556999999996,0 127.219407000000004,44.635606000000003,0 127.213987000000003,44.625498999999998,0 127.230923000000004,44.623199999999997,0 127.263052999999999,44.612929999999999,0 127.271860000000004,44.627370999999997,0 127.276214999999993,44.640472000000003,0 127.319764000000006,44.638013000000001,0 127.321893000000003,44.635553000000002,0 127.393023999999997,44.632291000000002,0 127.401734000000005,44.634377000000001,0 127.411315000000002,44.622503999999999,0 127.425251000000003,44.620204999999999,0 127.435412999999997,44.613838999999999,0 127.451476999999997,44.615015999999997,0 127.465993999999995,44.607472999999999,0 127.474123000000006,44.608970999999997,0 127.482929999999996,44.600625000000001,0 127.487769,44.602552000000003,0 127.506737000000001,44.594526000000002,0 127.513221000000001,44.582538,0 127.537512000000007,44.577185999999998,0 127.556479999999993,44.576008000000002,0 127.568190000000001,44.559947999999999,0 127.570222000000001,44.550738000000003,0 127.546802999999997,44.538527999999999,0 127.542060000000006,44.525779,0 127.536930999999996,44.522618000000001,0 127.514478999999994,44.523046000000001,0 127.508962999999994,44.530332000000001,0 127.494640000000004,44.526797000000002,0 127.484188000000003,44.528297000000002,0 127.474316999999999,44.517527999999999,0 127.465607000000006,44.516295999999997,0 127.468412999999998,44.506596999999999,0 127.475477999999995,44.498503999999997,0 127.464639000000005,44.486711,0 127.472575000000006,44.467891000000002,0 127.478961999999996,44.458613,0 127.500640000000004,44.450246,0 127.508285000000001,44.437209000000003,0 127.501994999999994,44.430126000000001,0 127.502769000000001,44.42315,0 127.485543000000007,44.408658000000003,0 127.487864999999999,44.397492,0 127.506930999999994,44.393034999999998,0 127.520478999999995,44.380684000000002,0 127.523478999999995,44.372466000000003,0 127.521641000000002,44.360595000000004,0 127.534317999999999,44.359574000000002,0 127.541673000000003,44.348934999999997,0 127.556382999999997,44.340552000000002,0 127.585513000000006,44.306361000000003,0 127.591319999999996,44.306361000000003,0 127.596933000000007,44.298295000000003,0 127.609223,44.294744999999999,0 127.623352999999994,44.277585000000002,0 127.614932999999994,44.271020999999998,0 127.623159000000001,44.258321000000002,0 127.604965000000007,44.245995999999998,0 127.602062000000004,44.238081999999999,0 127.590546000000003,44.227853000000003,0 127.597900999999993,44.224352000000003,0 127.607384999999994,44.207172,0 127.620450000000005,44.196720999999997,0 127.626643000000001,44.187885000000001,0 127.637868999999995,44.187023000000003,0 127.640868999999995,44.193111999999999,0 127.667967000000004,44.176569000000001,0 127.668451000000005,44.172203000000003,0 127.681128999999999,44.166867000000003,0 127.699225999999996,44.176138000000002,0 127.703387000000006,44.188155000000002,0 127.712387000000007,44.199038000000002,0 127.719452000000004,44.202486,0 127.724001000000001,44.196612999999999,0 127.720517000000001,44.162824000000001,0 127.722065000000001,44.153606000000003,0 127.729129999999998,44.147190000000002,0 127.727774999999994,44.140988999999998,0 127.734840000000005,44.129987,0 127.735904000000005,44.114235999999998,0 127.729226999999995,44.099020000000003,0 127.736774999999994,44.093299000000002,0 127.766678999999996,44.082180999999999,0 127.783518000000001,44.071978000000001,0 127.791454000000002,44.073867,0 127.808293000000006,44.086444999999998,0 127.821647999999996,44.081046999999998,0 127.845746000000005,44.082127,0 127.848455000000001,44.074137,0 127.865003999999999,44.062258999999997,0 127.889585999999994,44.069602000000003,0 127.912812000000002,44.064796999999999,0 127.918135000000007,44.070034,0 127.934489999999997,44.077970000000001,0 127.949489999999997,44.088118000000001,0 127.962554999999995,44.087631999999999,0 127.966620000000006,44.090978999999997,0 127.981522999999996,44.090223000000002,0 128.007265999999987,44.094270999999999,0 128.024588999999992,44.107761000000004,0 128.042493000000007,44.103983999999997,0 128.052558000000005,44.107005999999998,0 128.090010000000007,44.132252000000001,0 128.100752,44.135379999999998,0 128.091462000000007,44.139533,0 128.084978000000007,44.147621000000001,0 128.08788100000001,44.158780999999998,0 128.075686999999988,44.158996999999999,0 128.060493000000008,44.168591999999997,0 128.070460999999995,44.181148999999998,0 128.092430000000007,44.181581000000001,0 128.092430000000007,44.215789999999998,0 128.105107000000004,44.214981999999999,0 128.103946000000008,44.230060000000002,0 128.087977999999993,44.238943999999996,0 128.094171999999986,44.241743,0 128.092332999999996,44.247987000000002,0 128.080815999999999,44.246265000000001,0 128.064460999999994,44.251055999999998,0 128.063880000000012,44.26155,0 128.074139000000002,44.269621999999998,0 128.08972,44.275863999999999,0 128.101527000000004,44.290388,0 128.097946000000007,44.295820999999997,0 128.086139000000003,44.294960000000003,0 128.079752000000013,44.307490999999999,0 128.065138999999988,44.307329000000003,0 128.062913000000009,44.324103999999998,0 128.056331999999998,44.329050000000002,0 128.064074000000005,44.341734000000002,0 128.055847999999997,44.343184999999998,0 128.050331999999997,44.350439999999999,0 128.063008999999994,44.356994999999998,0 128.072203000000002,44.374884000000002,0 128.075107000000003,44.369405,0 128.097364999999996,44.354146999999998,0 128.110914000000008,44.357264000000001,0 128.125623999999988,44.348989000000003,0 128.138979000000006,44.357855000000001,0 128.154076000000003,44.356189000000001,0 128.162786000000011,44.344743999999999,0 128.171785999999997,44.346516999999999,0 128.187948000000006,44.363227000000002,0 128.189400000000006,44.373809000000001,0 128.198883999999993,44.393034999999998,0 128.197626000000014,44.397438000000001,0 128.210206999999997,44.424224000000002,0 128.211755000000011,44.432111999999996,0 128.228111000000013,44.445470999999998,0 128.253950000000003,44.446652,0 128.25975600000001,44.458559999999999,0 128.271562999999986,44.460169,0 128.292079999999999,44.467301999999997,0 128.296919000000003,44.482422,0 128.329339000000004,44.495395000000002,0 128.338822999999991,44.505578,0 128.346662000000009,44.509383,0 128.372985,44.514259000000003,0 128.381695000000008,44.505042000000003,0 128.388373000000001,44.489820000000002,0 128.427761000000004,44.473467999999997,0 128.436664000000007,44.452821,0 128.453599999999994,44.438014000000003,0 128.462794000000002,44.433024000000003,0 128.457375000000013,44.421700999999999,0 128.456986999999998,44.410913000000001,0 128.461342000000002,44.399853999999998,0 128.470632999999992,44.392445000000002,0 128.481664999999992,44.375636,0 128.475664999999992,44.362690000000001,0 128.475664999999992,44.347161999999997,0 128.469954999999999,44.343561000000001,0 128.453697000000005,44.343184999999998,0 128.446536000000009,44.339852999999998,0 128.455342000000002,44.330554999999997,0 128.472277999999989,44.319803999999998,0 128.475471999999996,44.310502,0 128.468213999999989,44.297488000000001,0 128.470148999999992,44.288775000000001,0 128.456407000000013,44.267415999999997,0 128.453890999999999,44.257998999999998,0 128.465890999999999,44.253908000000003,0 128.471793999999989,44.247771999999998,0 128.471214000000003,44.236466999999998,0 128.457278000000002,44.226399000000001,0 128.458341999999988,44.212127000000002,0 128.450116000000008,44.203724999999999,0 128.460277999999988,44.202269999999999,0 128.465697000000006,44.196452000000001,0 128.462600000000009,44.186861,0 128.468601000000007,44.174844,0 128.471890999999999,44.157702999999998,0 128.482730000000004,44.151881000000003,0 128.49269799999999,44.136566999999999,0 128.500149999999991,44.132736999999999,0 128.502859999999998,44.123460000000001,0 128.519699000000003,44.119253,0 128.528893000000011,44.112293000000001,0 128.531796000000014,44.102150000000002,0 128.537892999999997,44.099721000000002,0 128.535377000000011,44.091842,0 128.546409000000011,44.083638000000001,0 128.558603000000005,44.069277999999997,0 128.566248000000002,44.050593999999997,0 128.574958000000009,44.047516000000002,0 128.575054999999992,44.031581000000003,0 128.578829000000013,44.012993000000002,0 128.585023000000007,44.002507999999999,0 128.584539000000007,43.990831,0 128.594604000000004,43.981856000000001,0 128.603991000000008,43.967418000000002,0 128.624218000000013,43.950324999999999,0 128.640282000000013,43.947512000000003,0 128.645218,43.935879,0 128.63137900000001,43.925758999999999,0 128.633798000000013,43.910873000000002,0 128.640960000000007,43.907246000000001,0 128.634960000000007,43.903348000000001,0 128.63641100000001,43.891382,0 128.648218000000014,43.894685000000003,0 128.661766999999998,43.890244000000003,0 128.669316000000009,43.897337999999998,0 128.678992999999991,43.892409999999998,0 128.692734999999999,43.895117999999997,0 128.696315999999996,43.903294000000002,0 128.707832999999994,43.897446000000002,0 128.723510000000005,43.894685000000003,0 128.760865999999993,43.857689000000001,0 128.746543000000003,43.849668999999999,0 128.726414000000005,43.831783000000001,0 128.718768000000011,43.817905000000003,0 128.731832999999995,43.811560999999998,0 128.742574999999988,43.801744999999997,0 128.743155999999999,43.793120999999999,0 128.750317999999993,43.784171000000001,0 128.759318000000007,43.760893000000003,0 128.767447000000004,43.758558999999998,0 128.750414000000006,43.757255999999998,0 128.737639999999999,43.753076999999998,0 128.729027000000002,43.745911999999997,0 128.728640000000013,43.737876999999997,0 128.743542999999988,43.739342999999998,0 128.741801000000009,43.734673999999998,0 128.753124000000014,43.727668999999999,0 128.768124999999998,43.732447999999998,0 128.771512000000001,43.720500999999999,0 128.784286000000009,43.715612999999998,0 128.783318000000008,43.704261000000002,0 128.789319000000006,43.695134000000003,0 128.787383000000005,43.686928999999999,0 128.806642000000011,43.666766000000003,0 128.808480000000003,43.653502000000003,0 128.814673999999997,43.645508999999997,0 128.813221999999996,43.638928999999997,0 128.820965000000001,43.637242999999998,0 128.834900000000005,43.587408000000003,0 128.850965000000002,43.575758999999998,0 128.854448999999988,43.557246999999997,0 128.86664300000001,43.558118,0 128.877965999999986,43.540145000000003,0 128.913677000000007,43.543686000000001,0 128.92577399999999,43.553598000000001,0 128.934870999999987,43.55594,0 128.949580999999995,43.554034000000001,0 128.963225999999992,43.539000999999999,0 128.983259000000004,43.536603999999997,0 129.014323999999988,43.523311,0 129.038519000000008,43.540526,0 129.073068000000006,43.547443999999999,0 129.095617000000004,43.548586999999998,0 129.098327000000012,43.556375000000003,0 129.110714000000002,43.559207000000001,0 129.121553000000006,43.555503999999999,0 129.141199,43.564489000000002,0 129.148457000000008,43.570912999999997,0 129.166748000000013,43.570858999999999,0 129.169457999999992,43.561494000000003,0 129.185328999999996,43.568736000000001,0 129.19287700000001,43.576031,0 129.205748999999997,43.574942,0 129.210296999999997,43.584631999999999,0 129.225393999999994,43.588061000000003,0 129.230330000000009,43.594482999999997,0 129.23226600000001,43.635503,0 129.224523000000005,43.648879999999998,0 129.218135999999987,43.648445000000002,0 129.213781000000012,43.666223000000002,0 129.219781000000012,43.682256000000002,0 129.214265000000012,43.695242999999998,0 129.231877999999995,43.708551999999997,0 129.230910999999992,43.714852999999998,0 129.216490999999991,43.723650999999997,0 129.221136000000001,43.742438,0 129.211362000000008,43.747974999999997,0 129.218716999999998,43.751719999999999,0 129.213007000000005,43.769303999999998,0 129.212135999999987,43.784984000000001,0 129.225491000000005,43.798110999999999,0 129.241458999999992,43.807602000000003,0 129.254910999999993,43.819530999999998,0 129.278041000000002,43.813892000000003,0 129.290332000000006,43.797027,0 129.302138000000014,43.796430000000001,0 129.311138999999997,43.801583000000001,0 129.310461000000004,43.812212000000002,0 129.32042899999999,43.811126999999999,0 129.347914000000003,43.798544999999997,0 129.370947000000001,43.801636999999999,0 129.37636599999999,43.808036000000001,0 129.388270000000006,43.81091,0 129.388560000000012,43.817525000000003,0 129.406850999999989,43.819423,0 129.407238000000007,43.829019000000002,0 129.417882999999989,43.843598999999998,0 129.430657999999994,43.844358,0 129.451175000000006,43.851782999999998,0 129.468401,43.866790999999999,0 129.468014000000011,43.874592,0 129.493078999999994,43.875404000000003,0 129.498110999999994,43.880279000000002,0 129.509820999999988,43.873888000000001,0 129.529467000000011,43.870637000000002,0 129.550950999999998,43.874428999999999,0 129.567790000000002,43.871017000000002,0 129.594790999999987,43.874375000000001,0 129.609210999999988,43.882229000000002,0 129.619855999999999,43.879358000000003,0 129.642212000000001,43.878221000000003,0 129.649664000000001,43.880657999999997,0 129.650438000000008,43.873238000000001,0 129.658760999999998,43.872045999999997,0 129.668148000000002,43.876812999999999,0 129.684019000000006,43.877408000000003,0 129.69853599999999,43.883637,0 129.724955999999992,43.878058000000003,0 129.739472000000006,43.8825,0 129.739763000000011,43.895767999999997,0 129.752634,43.896633999999999,0 129.766376000000008,43.892409999999998,0 129.780214999999998,43.892843999999997,0 129.786119000000014,43.901615999999997,0 129.786892999999992,43.917261000000003,0 129.778086000000002,43.929439000000002,0 129.790667000000013,43.932848,0 129.79424800000001,43.939990999999999,0 129.78128000000001,43.955410000000001,0 129.785151000000013,43.964604999999999,0 129.803151000000014,43.964984000000001,0 129.817765000000009,43.973962,0 129.823281000000009,43.982613000000001,0 129.840507000000002,43.996616000000003,0 129.852798000000007,43.997210000000003,0 129.867120999999997,44.011966000000001,0 129.870121000000012,44.002074999999998,0 129.880379000000005,44.000075000000002,0 129.892475999999988,44.012073999999998,0 129.900799000000006,44.011749999999999,0 129.908541000000014,44.024341,0 129.918122000000011,44.023043999999999,0 129.924509,44.015262999999997,0 129.935734999999994,44.027366000000001,0 129.951220000000006,44.027203999999998,0 129.960509999999999,44.020018,0 129.980639999999994,44.014451999999999,0 129.985285000000005,43.998832,0 129.996220999999991,44.001697,0 129.996026999999998,43.993805000000002,0 130.003188999999992,43.989154999999997,0 129.988963000000012,43.982235000000003,0 130.005995000000013,43.969526999999999,0 130.003188999999992,43.964497000000001,0 130.017996000000011,43.961468000000004,0 130.013641000000007,43.956546000000003,0 130.025543999999996,43.943832999999998,0 130.019059999999996,43.938043,0 130.024092999999993,43.916989999999998,0 130.014318000000003,43.906001000000003,0 130.00909200000001,43.888781999999999,0 130.017124999999993,43.867333000000002,0 130.027093000000008,43.851837000000003,0 130.035124999999994,43.854762999999998,0 130.048092999999994,43.851512,0 130.051771000000002,43.842298999999997,0 130.066674000000006,43.834440000000001,0 130.079836,43.835253000000002,0 130.085159000000004,43.841864999999999,0 130.095416999999998,43.842516000000003,0 130.110804999999999,43.852378999999999,0 130.110223999999988,43.869933000000003,0 130.116223999999988,43.878058000000003,0 130.14409599999999,43.879088000000003,0 130.145546999999993,43.887374000000001,0 130.154548000000005,43.891922999999998,0 130.151837999999998,43.904755999999999,0 130.153773000000001,43.915636999999997,0 130.16490300000001,43.918776999999999,0 130.170129000000003,43.927382000000001,0 130.189774,43.934849999999997,0 130.189677999999986,43.940964999999998,0 130.204968000000008,43.943345999999998,0 130.207774999999998,43.948484999999998,0 130.218904000000009,43.944319999999998,0 130.228387999999995,43.949026000000003,0 130.23884000000001,43.940477999999999,0 130.261969999999991,43.949404999999999,0 130.26003399999999,43.956220999999999,0 130.274551000000002,43.967796,0 130.272228000000013,43.980991000000003,0 130.307648,44.002777999999999,0 130.30803499999999,44.021531000000003,0 130.319357999999994,44.039791999999998,0 130.327293999999995,44.039684000000001,0 130.343069000000014,44.046165999999999,0 130.345198000000011,44.050972000000002,0 130.365521000000001,44.044004999999999,0 130.365713999999997,44.033309000000003,0 130.358359000000007,44.023907999999999,0 130.367359999999991,44.014668,0 130.35990799999999,43.999211000000003,0 130.363294999999994,43.990831,0 130.350133,43.975962000000003,0 130.345003999999989,43.963686000000003,0 130.338519999999988,43.964118999999997,0 130.340552000000002,43.953840999999997,0 130.337648999999999,43.947024999999996,0 130.355842999999993,43.940477999999999,0 130.369488999999987,43.920941999999997,0 130.368520999999987,43.915149999999997,0 130.378391999999991,43.912227000000001,0 130.383328000000006,43.905783999999997,0 130.374326999999994,43.901994999999999,0 130.366197999999997,43.890678000000001,0 130.372586000000013,43.876054000000003,0 130.371230999999995,43.870961999999999,0 130.380617999999998,43.864570000000001,0 130.386327999999992,43.854004000000003,0 130.373552999999987,43.852215999999999,0 130.363778999999994,43.845984000000001,0 130.368036999999987,43.833193000000001,0 130.379649999999998,43.825766000000002,0 130.384102000000013,43.788781999999998,0 130.379747000000009,43.781784000000002,0 130.391843999999992,43.767350999999998,0 130.413329000000004,43.756117000000003,0 130.423393000000004,43.744663000000003,0 130.415941000000004,43.736519999999999,0 130.409166999999997,43.717948999999997,0 130.394456999999989,43.703336999999998,0 130.399877000000004,43.674430000000001,0 130.410134999999997,43.669809999999998,0 130.408296000000007,43.664645999999998,0 130.412845000000004,43.652686000000003,0 130.426490000000001,43.651218,0 130.437038999999999,43.646379000000003,0 130.443038999999999,43.652251,0 130.455716999999993,43.647520999999998,0 130.468393999999989,43.656438000000001,0 130.488329999999991,43.656112,0 130.503233999999992,43.639854,0 130.533622000000008,43.631261000000002,0 130.546976999999998,43.62332,0 130.558300000000003,43.630119000000001,0 130.571075000000008,43.626420000000003,0 130.585494000000011,43.613962999999998,0 130.591011000000009,43.613854000000003,0 130.596720000000005,43.621904999999998,0 130.607366000000013,43.620218999999999,0 130.623915000000011,43.624189999999999,0 130.634947000000011,43.614452,0 130.623818,43.589421000000002,0 130.630786000000001,43.583325000000002,0 130.648399000000012,43.587408000000003,0 130.656140999999991,43.581093000000003,0 130.667271,43.583596999999997,0 130.671142000000003,43.564869999999999,0 130.68110999999999,43.569116999999999,0 130.699691000000001,43.568137,0 130.702206999999987,43.560133,0 130.727658999999989,43.560186999999999,0 130.735788000000014,43.545102,0 130.759305000000012,43.542650999999999,0 130.775080000000003,43.521349000000001,0 130.792596000000003,43.527670000000001,0 130.795595999999989,43.515791,0 130.808274000000011,43.505110000000002,0 130.823467999999991,43.502875000000003,0 130.824241999999998,43.491919000000003,0 130.836146000000014,43.472999000000002,0 130.840790999999996,43.454673999999997,0 130.851532999999989,43.449437000000003,0 130.859758999999997,43.439070999999998,0 130.892372999999992,43.433669000000002,0 130.908051,43.434542,0 130.921309000000008,43.455382999999998,0 130.94463300000001,43.476542999999999,0 130.955084999999997,43.476379999999999,0 130.960600999999997,43.486302999999999,0 130.983149999999995,43.492790999999997,0 130.999698999999993,43.502929999999999,0 131.001343999999989,43.507562,0 131.026699000000008,43.508761,0 131.047699999999992,43.491537000000001,0 131.068507000000011,43.482486999999999,0 131.074894,43.472617,0 131.092024000000009,43.457728000000003,0 131.106733999999989,43.450690999999999,0 131.120766000000003,43.447690999999999,0 131.125605000000007,43.433723000000001,0 131.142638000000005,43.425973999999997,0 131.146993000000009,43.430284999999998,0 131.158703000000003,43.430722000000003,0 131.177573999999993,43.445509000000001,0 131.192091000000005,43.439397999999997,0 131.200896999999998,43.442180999999998,0 131.204961999999995,43.454728000000003,0 131.22741400000001,43.457292000000002,0 131.236511000000007,43.464928,0 131.235737,43.475834999999996,0 131.255286000000012,43.475561999999996,0 131.269609000000003,43.468581999999998,0 131.294093000000004,43.470381000000003,0 131.290996000000007,43.477742999999997,0 131.306094000000002,43.479379000000002,0 131.306578000000002,43.486466999999998,0 131.296899999999994,43.494644000000001,0 131.304351999999994,43.502220999999999,0 131.319546000000003,43.498733000000001,0 131.320706999999999,43.489573999999998,0 131.315577999999988,43.483632,0 131.314415999999994,43.461219,0 131.30357699999999,43.455274000000003,0 131.296125999999987,43.441580000000002,0 131.300189999999986,43.437434000000003,0 131.301447999999993,43.423245000000001,0 131.314029000000005,43.417515000000002,0 131.312770999999998,43.405231999999998,0 131.317610000000002,43.397424999999998,0 131.304158000000001,43.390436000000001,0 131.29951299999999,43.380988000000002,0 131.289447999999993,43.383282000000001,0 131.280350999999996,43.378148000000003,0 131.272802000000013,43.358428000000004,0 131.27183500000001,43.345860999999999,0 131.264963999999992,43.331595999999998,0 131.265640999999988,43.313775,0 131.269415000000009,43.299174999999998,0 131.26583500000001,43.292448,0 131.257125000000002,43.288837999999998,0 131.254028000000005,43.281125000000003,0 131.255189000000001,43.265149000000001,0 131.232542999999993,43.253929999999997,0 131.228092000000004,43.249113999999999,0 131.206122999999991,43.237126000000004,0 131.202930000000009,43.228366999999999,0 131.205736000000002,43.221741000000002,0 131.200026000000008,43.211171999999998,0 131.201478000000009,43.202682000000003,0 131.210961999999995,43.199559999999998,0 131.218897999999996,43.191343000000003,0 131.220640000000003,43.181863999999997,0 131.20941400000001,43.168055000000003,0 131.218511000000007,43.147060000000003,0 131.212122999999991,43.143386999999997,0 131.194799999999987,43.117885999999999,0 131.173413000000011,43.110975000000003,0 131.165187000000003,43.095557999999997,0 131.169928999999996,43.091881000000001,0 131.171767999999986,43.069927,0 131.160347999999999,43.075581,0 131.132767000000001,43.072342999999996,0 131.120475999999996,43.068116000000003,0 131.125121000000007,43.052028999999997,0 131.120089000000007,43.050547000000002,0 131.108766000000003,43.037202000000001,0 131.102474999999998,43.021436999999999,0 131.114282000000003,43.015008999999999,0 131.118444000000011,43.000117000000003,0 131.113314000000003,42.993521999999999,0 131.119605000000007,42.980274999999999,0 131.115152999999992,42.975436999999999,0 131.128702000000004,42.966968999999999,0 131.151153999999991,42.968398999999998,0 131.143508999999995,42.957180999999999,0 131.146993000000009,42.946565999999997,0 131.145637999999991,42.936608999999997,0 131.128218000000004,42.931218000000001,0 131.11505600000001,42.915039999999998,0 131.102668999999992,42.918892,0 131.090282000000002,42.916746000000003,0 131.072088000000008,42.926321000000002,0 131.063280999999989,42.918286999999999,0 131.049248000000006,42.925991000000003,0 131.044022000000012,42.922634000000002,0 131.033763999999991,42.928686999999996,0 131.017602000000011,42.912674000000003,0 131.024860999999987,42.905518999999998,0 131.024666999999994,42.894894999999998,0 131.037732000000005,42.885314999999999,0 131.038118999999995,42.877166000000003,0 131.045861000000002,42.866647,0 131.043344999999988,42.863177999999998,0 131.024473,42.861525,0 131.016537999999997,42.864168999999997,0 131.00415000000001,42.858716000000001,0 130.996892000000003,42.860644000000001,0 130.980923999999987,42.857779999999998,0 130.970956000000001,42.866207000000003,0 130.964472000000001,42.865600999999998,0 130.94966500000001,42.877001,0 130.930018999999987,42.875129000000001,0 130.923534999999987,42.869456,0 130.912986999999987,42.870888000000001,0 130.908051,42.859431999999998,0 130.890727999999996,42.852932000000003,0 130.878727999999995,42.859102,0 130.876405000000005,42.864224,0 130.859856000000008,42.862130999999998,0 130.857339999999994,42.869511000000003,0 130.84475900000001,42.881076,0 130.826177999999999,42.882562,0 130.801886999999994,42.879479000000003,0 130.784467000000006,42.866261999999999,0 130.789402999999993,42.863453,0 130.781950999999992,42.851775000000004,0 130.78379000000001,42.841638000000003,0 130.769756999999998,42.837671,0 130.753692000000001,42.845770000000002,0 130.739949999999993,42.843566000000003,0 130.72688500000001,42.831333999999998,0 130.718175000000002,42.832380999999998,0 130.715464999999995,42.842024000000002,0 130.708980999999994,42.846375999999999,0 130.698336000000012,42.846046000000001,0 130.687207000000001,42.850453000000002,0 130.667077000000006,42.848193999999999,0 130.651690000000002,42.841417,0 130.645592999999991,42.834034000000003,0 130.633591999999993,42.835631999999997,0 130.603397999999999,42.819484000000003,0 130.592849000000001,42.818272,0 130.588493999999997,42.813420999999998,0 130.578816999999987,42.818106,0 130.563332000000003,42.815626000000002,0 130.552590000000009,42.808073999999998,0 130.547267000000005,42.798315000000002,0 130.532364000000001,42.787177,0 130.508170000000007,42.783977999999998,0 130.493652999999995,42.775098,0 130.466264999999993,42.772340999999997,0 130.464233000000007,42.762411,0 130.434716000000009,42.751761999999999,0 130.425813000000005,42.741112000000001,0 130.429102999999998,42.732115999999998,0 130.402102000000014,42.729410999999999,0 130.40887699999999,42.726430000000001,0 130.414103000000011,42.716603999999997,0 130.425231999999994,42.706997000000001,0 130.43713600000001,42.710253999999999,0 130.442168000000009,42.706003000000003,0 130.455232999999993,42.704070000000002,0 130.458910000000003,42.694626,0 130.466264999999993,42.688108999999997,0 130.476717000000008,42.692416999999999,0 130.493652999999995,42.690981000000001,0 130.528783000000004,42.703794000000002,0 130.542525000000012,42.699486,0 130.547847999999988,42.693742999999998,0 130.569816000000003,42.687170000000002,0 130.574946000000011,42.680376000000003,0 130.592074999999994,42.671702000000003,0 130.601559000000009,42.654074999999999,0 130.603107999999992,42.642302000000001,0 130.612592000000006,42.633291999999997,0 130.623043999999993,42.631523000000001,0 130.623720999999989,42.614215999999999,0 130.634753999999987,42.600445000000001,0 130.633496000000008,42.590819000000003,0 130.627591999999993,42.586725000000001,0 130.623527999999993,42.573777999999997,0 130.611526999999995,42.565199999999997,0 130.61046300000001,42.554684000000002,0 130.600785000000002,42.559721000000003,0 130.581817000000001,42.561214999999997,0 130.570300000000003,42.554352000000002,0 130.576493999999997,42.541066000000001,0 130.566913,42.528773000000001,0 130.570300000000003,42.520631999999999,0 130.56555800000001,42.506452000000003,0 130.600010999999995,42.486063000000001,0 130.602816999999988,42.470655999999998,0 130.598172000000005,42.467163999999997,0 130.601559000000009,42.448869000000002,0 130.615689000000003,42.443157999999997,0 130.645689000000004,42.426409,0 130.640173000000004,42.422693000000002,0 130.611333999999999,42.433675000000001,0 130.581139000000007,42.435616000000003,0 130.574365,42.450254999999999,0 130.583559000000008,42.472707,0 130.588880999999986,42.480244999999996,0 130.585978000000011,42.485343,0 130.563235999999989,42.492269,0 130.558881000000014,42.496037000000001,0 130.556073999999995,42.523567999999997,0 130.535460999999998,42.544829999999997,0 130.531396000000001,42.554462999999998,0 130.529267000000004,42.572006999999999,0 130.520556999999997,42.583074000000003,0 130.52026699999999,42.593252999999997,0 130.528976999999998,42.606639000000001,0 130.522783000000004,42.622399999999999,0 130.513492000000014,42.627487000000002,0 130.496169000000009,42.629477000000001,0 130.482524000000012,42.626657000000002,0 130.46432999999999,42.604759000000001,0 130.459685000000007,42.588163999999999,0 130.476427000000001,42.569848999999998,0 130.475556000000012,42.561602999999998,0 130.460555999999997,42.552857000000003,0 130.441780999999992,42.549813,0 130.435489999999987,42.553410999999997,0 130.423779999999994,42.574663000000001,0 130.426199999999994,42.585397999999998,0 130.444297000000006,42.600721,0 130.446812999999992,42.607247999999998,0 130.420780000000008,42.616981000000003,0 130.387876000000006,42.603043999999997,0 130.382844000000006,42.609405000000002,0 130.373068999999987,42.630915000000002,0 130.365618000000012,42.636443,0 130.333487999999988,42.649653999999998,0 130.318680999999998,42.662475000000001,0 130.306196999999997,42.685125999999997,0 130.290034999999989,42.703076000000003,0 130.262162999999987,42.708210999999999,0 130.254807999999997,42.714671000000003,0 130.252970000000005,42.725768000000002,0 130.24203399999999,42.738739000000002,0 130.250259999999997,42.755239000000003,0 130.250550000000004,42.766934999999997,0 130.243775999999997,42.780392999999997,0 130.251904999999994,42.781882000000003,0 130.257324000000011,42.791974000000003,0 130.245420999999993,42.799031999999997,0 130.247937000000007,42.821964999999999,0 130.25403399999999,42.828798999999997,0 130.258002000000005,42.860534000000001,0 130.272906000000006,42.872540000000001,0 130.277066999999988,42.893903999999999,0 130.267196000000013,42.902876999999997,0 130.257808000000011,42.906069000000002,0 130.229355999999996,42.901775999999998,0 130.209807000000012,42.902270999999999,0 130.190065000000004,42.909261999999998,0 130.170613000000003,42.912289000000001,0 130.146030999999994,42.902987000000003,0 130.136063000000007,42.903481999999997,0 130.11641800000001,42.913279000000003,0 130.102191000000005,42.922908999999997,0 130.104513999999995,42.928302000000002,0 130.127644000000004,42.932592999999997,0 130.119901999999996,42.945906000000001,0 130.120868999999999,42.954376000000003,0 130.144288999999986,42.971367999999998,0 130.143999000000008,42.976425999999996,0 130.115352999999999,42.988410000000002,0 130.108482000000009,42.989728999999997,0 130.083125999999993,42.975766,0 130.06648100000001,42.969993000000002,0 130.027286000000004,42.967519000000003,0 130.016254000000004,42.969664000000002,0 130.002220999999992,42.981264000000003,0 129.978219999999993,42.976425999999996,0 129.961864999999989,42.979669999999999,0 129.958188000000007,42.985497000000002,0 129.95412300000001,43.010998000000001,0 129.939703000000009,43.012261000000002,0 129.897121999999996,43.001711,0 129.888508000000002,42.994565999999999,0 129.889960000000002,42.981869000000003,0 129.912509,42.978789999999996,0 129.916380000000004,42.974446999999998,0 129.90883199999999,42.969113999999998,0 129.884250000000009,42.973346999999997,0 129.869153000000011,42.973787000000002,0 129.860152999999997,42.967409000000004,0 129.856281999999993,42.953716,0 129.859282000000007,42.944806,0 129.874765999999994,42.923900000000003,0 129.870605000000012,42.919058,0 129.851442999999989,42.922524000000003,0 129.846798000000007,42.918452000000002,0 129.845636000000013,42.901555999999999,0 129.833055000000002,42.858330000000002,0 129.816313000000008,42.851004000000003,0 129.812926000000004,42.842409000000004,0 129.814184000000012,42.832490999999997,0 129.807410000000004,42.813916999999996,0 129.811183999999997,42.795228000000002,0 129.806054999999986,42.785578000000001,0 129.792408999999992,42.773775000000001,0 129.783699000000013,42.762742000000003,0 129.781376999999992,42.746299,0 129.764827999999994,42.722510999999997,0 129.768989000000005,42.705891999999999,0 129.796861000000007,42.681866999999997,0 129.776343999999995,42.669105000000002,0 129.783699000000013,42.653080000000003,0 129.792603000000014,42.649045999999998,0 129.787957000000006,42.643960999999997,0 129.780214999999998,42.645895000000003,0 129.770343999999994,42.658109000000003,0 129.756989000000004,42.653246000000003,0 129.75447299999999,42.645949999999999,0 129.769085999999987,42.639870000000002,0 129.772860000000009,42.634287,0 129.759311999999994,42.625495999999998,0 129.761246999999997,42.617589000000002,0 129.786603000000014,42.615819999999999,0 129.786312000000009,42.607137000000002,0 129.764150000000001,42.603707999999997,0 129.759311999999994,42.587831999999999,0 129.74615,42.584401999999997,0 129.739763000000011,42.573833,0 129.740536999999989,42.563262999999999,0 129.74982700000001,42.546823000000003,0 129.742182000000014,42.527997999999997,0 129.744407999999993,42.514651000000001,0 129.739375999999993,42.499251000000001,0 129.749923999999993,42.479745999999999,0 129.748569000000003,42.471043999999999,0 129.721472000000006,42.437224000000001,0 129.70453599999999,42.427241000000002,0 129.673761000000013,42.431623000000002,0 129.652179999999987,42.426519999999996,0 129.646857000000011,42.437834000000002,0 129.631663000000003,42.454746,0 129.627501999999993,42.46284,0 129.616082000000006,42.463949,0 129.606308000000013,42.454912999999998,0 129.594306999999986,42.453693000000001,0 129.590823,42.448537000000002,0 129.598565000000008,42.443047,0 129.610759000000002,42.444876999999998,0 129.614339999999999,42.441716,0 129.603694999999988,42.429903000000003,0 129.600403999999997,42.411208999999999,0 129.584725999999989,42.409545000000001,0 129.569242000000003,42.399002000000003,0 129.565273999999988,42.388624999999998,0 129.578048999999993,42.380299000000001,0 129.556080000000009,42.374803,0 129.558210000000003,42.362478000000003,0 129.546209000000005,42.361535000000003,0 129.53817699999999,42.368419000000003,0 129.53072499999999,42.382741000000003,0 129.521821999999986,42.392009999999999,0 129.509336999999988,42.396838000000002,0 129.498885000000001,42.412041000000002,0 129.478756000000004,42.417422999999999,0 129.469369,42.422747999999999,0 129.452336000000003,42.440995000000001,0 129.433368000000002,42.434894999999997,0 129.426206000000008,42.436003999999997,0 129.400947000000002,42.449036,0 129.393204999999995,42.444045000000003,0 129.392720999999995,42.428184000000002,0 129.382463000000001,42.424523000000001,0 129.368334000000004,42.425522000000001,0 129.361268999999993,42.433453,0 129.373462999999987,42.444322,0 129.376560000000012,42.451309000000002,0 129.367850000000004,42.459125999999998,0 129.351203999999996,42.454303000000003,0 129.342106999999999,42.441493999999999,0 129.355074999999999,42.430236000000001,0 129.358753000000007,42.419086999999998,0 129.34917200000001,42.414205000000003,0 129.354784999999993,42.409489000000001,0 129.341236000000009,42.409655999999998,0 129.331267999999994,42.429515000000002,0 129.327880999999991,42.421971999999997,0 129.312203000000011,42.421638999999999,0 129.318397000000004,42.409711000000001,0 129.308718999999996,42.403719000000002,0 129.324590999999998,42.392232,0 129.321107000000012,42.385572000000003,0 129.302622000000014,42.387959000000002,0 129.294298999999995,42.380521000000002,0 129.275330999999994,42.387515,0 129.272233999999997,42.380577000000002,0 129.261685999999997,42.374026000000001,0 129.244555999999989,42.378911000000002,0 129.231103999999988,42.356147999999997,0 129.240105,42.347040999999997,0 129.260233999999997,42.335655000000003,0 129.256653,42.323211000000001,0 129.24881400000001,42.320655000000002,0 129.229458999999991,42.320932999999997,0 129.217556000000002,42.323822,0 129.20449099999999,42.319043999999998,0 129.206232999999997,42.312764999999999,0 129.220555999999988,42.310709000000003,0 129.241556000000003,42.312376,0 129.240588000000002,42.306486,0 129.222104000000002,42.296703999999998,0 129.208652000000001,42.293258000000002,0 129.206523000000004,42.287644,0 129.219007000000005,42.283641000000003,0 129.229169000000013,42.285086,0 129.225200999999998,42.269852,0 129.215813999999995,42.265348000000003,0 129.191910000000007,42.266292999999997,0 129.183199999999999,42.262067000000002,0 129.181650999999988,42.242043000000002,0 129.190070999999989,42.23865,0 129.199362000000008,42.243935,0 129.209329999999994,42.237648999999998,0 129.200523000000004,42.228912999999999,0 129.203715999999986,42.220399999999998,0 129.222104000000002,42.217950999999999,0 129.215910000000008,42.208210999999999,0 129.195490000000007,42.206485999999998,0 129.192005999999992,42.198748000000002,0 129.178554999999989,42.190342000000001,0 129.166651000000002,42.188226,0 129.163650999999987,42.180320000000002,0 129.167135000000002,42.172745999999997,0 129.160457000000008,42.167121000000002,0 129.138198999999986,42.169069999999998,0 129.13287600000001,42.166007,0 129.133165999999989,42.156371,0 129.113713999999987,42.140771000000001,0 129.108681999999988,42.145173,0 129.09116499999999,42.142888999999997,0 129.084778,42.156872,0 129.077616000000006,42.160046999999999,0 129.069583999999992,42.153697000000001,0 129.076744999999988,42.142833000000003,0 129.057776999999987,42.141106000000001,0 129.041809000000001,42.131687999999997,0 129.04122799999999,42.124053000000004,0 129.032130999999993,42.121043999999998,0 129.046357999999998,42.119539000000003,0 129.038905999999997,42.115023999999998,0 129.039292999999986,42.107720999999998,0 129.027775999999989,42.101421000000002,0 129.015388999999999,42.102424999999997,0 129.00948600000001,42.092277000000003,0 128.990711000000005,42.095177,0 128.979195000000004,42.092221000000002,0 128.971259000000003,42.096961,0 128.954710000000006,42.083745,0 128.953644999999995,42.065562,0 128.961774999999989,42.055798000000003,0 128.955580999999995,42.030741999999996,0 128.930516000000011,42.014107000000003,0 128.914838000000003,42.012264000000002,0 128.89809600000001,42.016731,0 128.891030999999998,42.026108999999998,0 128.874095000000011,42.023597000000002,0 128.855029999999999,42.030462999999997,0 128.839933000000002,42.029066999999998,0 128.830448999999987,42.031523,0 128.816028999999986,42.040007000000003,0 128.795028000000002,42.042406,0 128.779254000000009,42.033532999999998,0 128.766479000000004,42.036937000000002,0 128.750414000000006,42.050497999999997,0 128.738026999999988,42.050218999999998,0 128.723994000000005,42.035542,0 128.702123,42.020415,0 128.679574000000002,42.014386000000002,0 128.658283000000011,42.018684999999998,0 128.654412000000008,42.030853999999998,0 128.63786300000001,42.035207,0 128.621604999999988,42.029961,0 128.606604000000004,42.030071999999997,0 128.600797999999998,42.023597000000002,0 128.598377999999997,42.007351,0 128.569152000000003,41.996406,0 128.549408999999997,42.004781999999999,0 128.538085999999993,42.000762000000002,0 128.522698999999989,42.003163000000001,0 128.506247000000002,42.000202999999999,0 128.496762999999987,42.001879000000002,0 128.472277999999989,42.015447000000002,0 128.466181000000006,42.020806,0 128.447987000000012,42.016506999999997,0 128.440051000000011,42.023094999999998,0 128.405792999999989,42.019019999999998,0 128.290627999999998,42.026499999999999,0 128.149044000000004,42.024937000000001,0 128.129689000000013,42.021141,0 128.090784000000014,42.022759999999998,0 128.064558000000005,42.011538000000002,0 128.034073000000006,42.000315000000001,0 128.047332000000011,41.986184999999999,0 128.070848000000012,41.971716999999998,0 128.096880999999996,41.952942999999998,0 128.106752999999998,41.950037000000002,0 128.104235999999986,41.923260999999997,0 128.107043000000004,41.905814999999997,0 128.115462000000008,41.895747999999998,0 128.112268999999998,41.887636999999998,0 128.107236,41.849640999999998,0 128.103751999999986,41.842923999999996,0 128.108204000000001,41.821255999999998,0 128.112752999999998,41.813302999999998,0 128.109462000000008,41.807870999999999,0 128.112461999999994,41.794595000000001,0 128.133753000000013,41.783220999999998,0 128.141205000000014,41.785462000000003,0 128.147592000000003,41.780867000000001,0 128.144495000000006,41.767080999999997,0 128.150398999999993,41.764446999999997,0 128.146915000000007,41.754188999999997,0 128.152915000000007,41.739164000000002,0 128.17004399999999,41.714880999999998,0 128.190463999999992,41.710842,0 128.201980999999989,41.701698,0 128.200723000000011,41.696592000000003,0 128.209820000000008,41.688623999999997,0 128.219401000000005,41.689689999999999,0 128.223174999999998,41.682732000000001,0 128.238271999999995,41.683909999999997,0 128.248434000000003,41.681553000000001,0 128.24775600000001,41.676108999999997,0 128.26024000000001,41.674256999999997,0 128.259563000000014,41.668475000000001,0 128.269821000000007,41.668025999999998,0 128.269240999999994,41.658202000000003,0 128.278725000000009,41.658538999999998,0 128.273982999999987,41.652082999999998,0 128.280854000000005,41.647029000000003,0 128.281338000000005,41.635686,0 128.289564000000013,41.626362,0 128.303982999999988,41.630125,0 128.305822000000006,41.62097,0 128.293822000000006,41.615015,0 128.306596000000013,41.612037000000001,0 128.302144999999996,41.605801,0 128.315403000000003,41.605182999999997,0 128.312208999999996,41.596698000000004,0 128.317434999999989,41.592650999999996,0 128.313370999999989,41.577531999999998,0 128.317918999999989,41.575564999999997,0 128.296337999999992,41.563084000000003,0 128.299822000000006,41.559204000000001,0 128.292466999999988,41.550319999999999,0 128.300692999999995,41.539408999999999,0 128.283369999999991,41.534122000000004,0 128.283564000000013,41.526415,0 128.25888599999999,41.506946999999997,0 128.242917000000006,41.501882999999999,0 128.238175000000012,41.495972999999999,0 128.24369200000001,41.490344999999998,0 128.243401000000006,41.477679000000002,0 128.233046000000002,41.462870000000002,0 128.233916999999991,41.456619000000003,0 128.244369000000006,41.455154999999998,0 128.240595000000013,41.447890000000001,0 128.226852000000008,41.446086999999999,0 128.212626,41.429130999999998,0 128.20798099999999,41.411662999999997,0 128.189786999999995,41.414029999999997,0 128.17004399999999,41.404561000000001,0 128.160851000000008,41.388440000000003,0 128.144107999999989,41.382407000000001,0 128.13133400000001,41.383083999999997,0 128.124076000000002,41.371975999999997,0 128.114204000000001,41.364474999999999,0 128.103946000000008,41.371806999999997,0 128.090590999999989,41.374794999999999,0 128.094945999999993,41.381843000000003,0 128.108495000000005,41.38579,0 128.111010999999991,41.392949999999999,0 128.101236,41.398812,0 128.101622999999989,41.393231999999998,0 128.082654999999988,41.392330000000001,0 128.085946000000007,41.382857999999999,0 128.077816000000013,41.381053999999999,0 128.073171000000002,41.393400999999997,0 128.059042000000005,41.397685000000003,0 128.040751,41.393287999999998,0 128.041331000000014,41.409182999999999,0 128.046364000000011,41.415889,0 128.035815000000014,41.421919000000003,0 128.029427999999996,41.414423999999997,0 128.018008000000009,41.416846999999997,0 128.019749999999988,41.427441000000002,0 128.005040000000008,41.428905,0 128.014717999999988,41.437919000000001,0 128.017911999999995,41.446030999999998,0 128.010168999999991,41.448228,0 127.999717000000004,41.441412,0 127.991782000000001,41.422088000000002,0 127.981910999999997,41.421129999999998,0 127.983072000000007,41.430934000000001,0 127.966813000000002,41.438989999999997,0 127.947168000000005,41.440398000000002,0 127.951716000000005,41.450311999999997,0 127.941168000000005,41.450085999999999,0 127.940489999999997,41.456169000000003,0 127.931683000000007,41.454366999999998,0 127.931005999999996,41.444566000000002,0 127.915231000000006,41.436962000000001,0 127.908940999999999,41.430089000000002,0 127.900812000000002,41.436905000000003,0 127.891231000000005,41.434258,0 127.886488999999997,41.438088,0 127.886972999999998,41.447552000000002,0 127.87894,41.447270000000003,0 127.872263000000004,41.440342000000001,0 127.872068999999996,41.404617999999999,0 127.862487999999999,41.405970000000003,0 127.854068999999996,41.421073999999997,0 127.838294000000005,41.421354999999998,0 127.833358000000004,41.417411000000001,0 127.834907000000001,41.409126999999998,0 127.827164999999994,41.408394000000001,0 127.820099999999996,41.420847999999999,0 127.807229000000007,41.424905000000003,0 127.795614999999998,41.418875999999997,0 127.795906000000002,41.409916000000003,0 127.790873000000005,41.408450000000002,0 127.787389000000005,41.424228999999997,0 127.779454000000001,41.426594999999999,0 127.769873000000004,41.421975000000003,0 127.755646999999996,41.427722000000003,0 127.742678999999995,41.427101999999998,0 127.724774999999994,41.420453999999999,0 127.706581,41.420735000000001,0 127.692644999999999,41.424173000000003,0 127.684321999999995,41.422933,0 127.677064000000001,41.415607999999999,0 127.667192999999997,41.424284999999998,0 127.654128,41.428173000000001,0 127.655288999999996,41.418256,0 127.665548000000001,41.409633999999997,0 127.653740999999997,41.406872,0 127.636804999999995,41.413691,0 127.622675000000001,41.430539000000003,0 127.617739999999998,41.432737000000003,0 127.593449000000007,41.426707999999998,0 127.568286999999998,41.431497,0 127.558609000000004,41.4373,0 127.547673000000003,41.449804999999998,0 127.545738,41.466417999999997,0 127.547479999999993,41.476947000000003,0 127.539350999999996,41.477058999999997,0 127.527930999999995,41.468725999999997,0 127.513510999999994,41.471091000000001,0 127.499478999999994,41.478354000000003,0 127.486317,41.472273999999999,0 127.478864999999999,41.475369999999998,0 127.480123000000006,41.482239,0 127.471509999999995,41.483477000000001,0 127.465316999999999,41.478411000000001,0 127.467639000000005,41.465685999999998,0 127.457573999999994,41.461519000000003,0 127.429508999999996,41.465178999999999,0 127.420508999999996,41.460617999999997,0 127.409767000000002,41.46349,0 127.405604999999994,41.478185000000003,0 127.389831000000001,41.483252,0 127.360314000000002,41.479424000000002,0 127.359733000000006,41.465460999999998,0 127.351797000000005,41.465178999999999,0 127.324022999999997,41.474581999999998,0 127.294312000000005,41.486516999999999,0 127.278441000000001,41.479931000000001,0 127.267505,41.479818000000002,0 127.255213999999995,41.484096000000001,0 127.256665999999996,41.489612999999999,0 127.280278999999993,41.494340999999999,0 127.288989000000001,41.504528000000001,0 127.278246999999993,41.514938000000001,0 127.265376000000003,41.514263,0 127.249892000000003,41.501432000000001,0 127.234311000000005,41.509310999999997,0 127.241375000000005,41.520395000000001,0 127.230632999999997,41.524051999999998,0 127.217664999999997,41.520395000000001,0 127.212342000000007,41.522758000000003,0 127.214180999999996,41.532603000000002,0 127.203439000000003,41.534458999999998,0 127.194922000000005,41.528722000000002,0 127.180115999999998,41.528834000000003,0 127.174115,41.541096000000003,0 127.164727999999997,41.542558999999997,0 127.142275999999995,41.530071999999997,0 127.145082000000002,41.540365000000001,0 127.139855999999995,41.542895999999999,0 127.120598000000001,41.540196999999999,0 127.105017000000004,41.545765000000003,0 127.104242999999997,41.553919,0 127.122823999999994,41.550601,0 127.127662999999998,41.568368999999997,0 127.141598000000002,41.569099999999999,0 127.146630999999999,41.573990999999999,0 127.145373000000006,41.583547000000003,0 127.154954000000004,41.588774000000001,0 127.180792999999994,41.586863000000001,0 127.185244999999995,41.591639999999998,0 127.180695999999998,41.599170000000001,0 127.160856999999993,41.600912000000001,0 127.138307999999995,41.600293999999998,0 127.126694999999998,41.603385000000003,0 127.129501000000005,41.614172000000003,0 127.126887999999994,41.622878999999998,0 127.119242999999997,41.625687999999997,0 127.104242999999997,41.621699999999997,0 127.093790999999996,41.625126000000002,0 127.093693999999999,41.629956999999997,0 127.109565000000003,41.638100000000001,0 127.104146,41.647534,0 127.089145000000002,41.643940999999998,0 127.078597000000002,41.645738000000001,0 127.072886999999994,41.658371000000002,0 127.040756999999999,41.671000999999997,0 127.038047000000006,41.676839000000001,0 127.047048000000004,41.686715999999997,0 127.049177,41.694234999999999,0 127.056145000000001,41.695132999999998,0 127.067080000000004,41.689354000000002,0 127.077918999999994,41.692608,0 127.083629000000002,41.703381,0 127.077048000000005,41.705455999999998,0 127.063305999999997,41.702931999999997,0 127.055950999999993,41.705793,0 127.052080000000004,41.724863999999997,0 127.054982999999993,41.737873999999998,0 127.050725,41.744658999999999,0 127.015692000000001,41.744827000000001,0 127.006111000000004,41.749088,0 127.010660000000001,41.761533,0 126.98424,41.767024999999997,0 126.978046000000006,41.777225000000001,0 126.943399999999997,41.772517999999998,0 126.934399999999997,41.778289999999998,0 126.938367,41.788263999999998,0 126.948626000000004,41.787871000000003,0 126.953076999999993,41.803277000000001,0 126.946883999999997,41.810110999999999,0 126.931593000000007,41.812911,0 126.908173000000005,41.798459999999999,0 126.886398,41.791345,0 126.874592000000007,41.781820000000003,0 126.856785000000002,41.760691999999999,0 126.847590999999994,41.733108000000001,0 126.835397,41.727331999999997,0 126.827268000000004,41.732435000000002,0 126.821655000000007,41.747349999999997,0 126.816137999999995,41.751274000000002,0 126.808396000000002,41.748078999999997,0 126.796396000000001,41.731257999999997,0 126.794848000000002,41.719929,0 126.800169999999994,41.703043999999998,0 126.796492999999998,41.695861999999998,0 126.781492,41.698163000000001,0 126.777234000000007,41.706074000000001,0 126.777040999999997,41.717067999999998,0 126.753620999999995,41.732042999999997,0 126.738716999999994,41.744098000000001,0 126.719651999999996,41.754694000000001,0 126.696618999999998,41.751666999999998,0 126.685974000000002,41.737032999999997,0 126.690813000000006,41.728341,0 126.698942000000002,41.724527999999999,0 126.720426000000003,41.720882000000003,0 126.724780999999993,41.711347000000004,0 126.703394000000003,41.690475999999997,0 126.688974000000002,41.684696000000002,0 126.688199999999995,41.674481,0 126.670006000000001,41.669542,0 126.660328000000007,41.661907999999997,0 126.641844000000006,41.663423000000002,0 126.625390999999993,41.677399999999999,0 126.615907000000007,41.675997000000002,0 126.608261999999996,41.669316999999999,0 126.606133,41.659998999999999,0 126.609423000000007,41.652644000000002,0 126.605261999999996,41.639279999999999,0 126.596164999999999,41.634675000000001,0 126.592391000000006,41.624451999999998,0 126.584455000000005,41.625799999999998,0 126.570035000000004,41.621699999999997,0 126.564035000000004,41.608834999999999,0 126.568003000000004,41.591752,0 126.575357999999994,41.585458000000003,0 126.580776999999998,41.574272000000001,0 126.582132000000001,41.561396999999999,0 126.577873999999994,41.556055999999998,0 126.560164,41.548239000000002,0 126.558132000000001,41.538397000000003,0 126.551840999999996,41.533952999999997,0 126.545164,41.523096000000002,0 126.548648,41.516063000000003,0 126.542743999999999,41.513812000000001,0 126.539743999999999,41.494059999999998,0</coordinates></LinearRing></outerBoundaryIs></Polygon></Placemark>
</Document>
</kml>